table,column,data_type,nullable,description
legacy_entity_001,id_001,VARCHAR(20),NO,Primary key
legacy_entity_001,name,VARCHAR(200),NO,Display name
legacy_entity_001,code,VARCHAR(50),YES,Business code
legacy_entity_001,status,VARCHAR(20),NO,ACTIVE,INACTIVE,PENDING
legacy_entity_001,amount,DECIMAL(14,2),YES,Monetary amount
legacy_entity_001,quantity,INTEGER,YES,Numeric quantity
legacy_entity_001,ref_id,VARCHAR(20),YES,Reference to parent
legacy_entity_001,start_date,DATE,YES,Start date
legacy_entity_001,end_date,DATE,YES,End date
legacy_entity_001,created_by,VARCHAR(50),YES,Audit
legacy_entity_001,created_ts,TIMESTAMP,NO,Audit
legacy_entity_001,updated_ts,TIMESTAMP,YES,Audit
legacy_entity_002,id_002,VARCHAR(20),NO,Primary key
legacy_entity_002,name,VARCHAR(200),NO,Display name
legacy_entity_002,code,VARCHAR(50),YES,Business code
legacy_entity_002,status,VARCHAR(20),NO,ACTIVE,INACTIVE,PENDING
legacy_entity_002,amount,DECIMAL(14,2),YES,Monetary amount
legacy_entity_002,quantity,INTEGER,YES,Numeric quantity
legacy_entity_002,ref_id,VARCHAR(20),YES,Reference to parent
legacy_entity_002,start_date,DATE,YES,Start date
legacy_entity_002,end_date,DATE,YES,End date
legacy_entity_002,created_by,VARCHAR(50),YES,Audit
legacy_entity_002,created_ts,TIMESTAMP,NO,Audit
legacy_entity_002,updated_ts,TIMESTAMP,YES,Audit
legacy_entity_003,id_003,VARCHAR(20),NO,Primary key
legacy_entity_003,name,VARCHAR(200),NO,Display name
legacy_entity_003,code,VARCHAR(50),YES,Business code
legacy_entity_003,status,VARCHAR(20),NO,ACTIVE,INACTIVE,PENDING
legacy_entity_003,amount,DECIMAL(14,2),YES,Monetary amount
legacy_entity_003,quantity,INTEGER,YES,Numeric quantity
legacy_entity_003,ref_id,VARCHAR(20),YES,Reference to parent
legacy_entity_003,start_date,DATE,YES,Start date
legacy_entity_003,end_date,DATE,YES,End date
legacy_entity_003,created_by,VARCHAR(50),YES,Audit
legacy_entity_003,created_ts,TIMESTAMP,NO,Audit
legacy_entity_003,updated_ts,TIMESTAMP,YES,Audit
legacy_entity_004,id_004,VARCHAR(20),NO,Primary key
legacy_entity_004,name,VARCHAR(200),NO,Display name
legacy_entity_004,code,VARCHAR(50),YES,Business code
legacy_entity_004,status,VARCHAR(20),NO,ACTIVE,INACTIVE,PENDING
legacy_entity_004,amount,DECIMAL(14,2),YES,Monetary amount
legacy_entity_004,quantity,INTEGER,YES,Numeric quantity
legacy_entity_004,ref_id,VARCHAR(20),YES,Reference to parent
legacy_entity_004,start_date,DATE,YES,Start date
legacy_entity_004,end_date,DATE,YES,End date
legacy_entity_004,created_by,VARCHAR(50),YES,Audit
legacy_entity_004,created_ts,TIMESTAMP,NO,Audit
legacy_entity_004,updated_ts,TIMESTAMP,YES,Audit
legacy_entity_005,id_005,VARCHAR(20),NO,Primary key
legacy_entity_005,name,VARCHAR(200),NO,Display name
legacy_entity_005,code,VARCHAR(50),YES,Business code
legacy_entity_005,status,VARCHAR(20),NO,ACTIVE,INACTIVE,PENDING
legacy_entity_005,amount,DECIMAL(14,2),YES,Monetary amount
legacy_entity_005,quantity,INTEGER,YES,Numeric quantity
legacy_entity_005,ref_id,VARCHAR(20),YES,Reference to parent
legacy_entity_005,start_date,DATE,YES,Start date
legacy_entity_005,end_date,DATE,YES,End date
legacy_entity_005,created_by,VARCHAR(50),YES,Audit
legacy_entity_005,created_ts,TIMESTAMP,NO,Audit
legacy_entity_005,updated_ts,TIMESTAMP,YES,Audit
legacy_entity_006,id_006,VARCHAR(20),NO,Primary key
legacy_entity_006,name,VARCHAR(200),NO,Display name
legacy_entity_006,code,VARCHAR(50),YES,Business code
legacy_entity_006,status,VARCHAR(20),NO,ACTIVE,INACTIVE,PENDING
legacy_entity_006,amount,DECIMAL(14,2),YES,Monetary amount
legacy_entity_006,quantity,INTEGER,YES,Numeric quantity
legacy_entity_006,ref_id,VARCHAR(20),YES,Reference to parent
legacy_entity_006,start_date,DATE,YES,Start date
legacy_entity_006,end_date,DATE,YES,End date
legacy_entity_006,created_by,VARCHAR(50),YES,Audit
legacy_entity_006,created_ts,TIMESTAMP,NO,Audit
legacy_entity_006,updated_ts,TIMESTAMP,YES,Audit
legacy_entity_007,id_007,VARCHAR(20),NO,Primary key
legacy_entity_007,name,VARCHAR(200),NO,Display name
legacy_entity_007,code,VARCHAR(50),YES,Business code
legacy_entity_007,status,VARCHAR(20),NO,ACTIVE,INACTIVE,PENDING
legacy_entity_007,amount,DECIMAL(14,2),YES,Monetary amount
legacy_entity_007,quantity,INTEGER,YES,Numeric quantity
legacy_entity_007,ref_id,VARCHAR(20),YES,Reference to parent
legacy_entity_007,start_date,DATE,YES,Start date
legacy_entity_007,end_date,DATE,YES,End date
legacy_entity_007,created_by,VARCHAR(50),YES,Audit
legacy_entity_007,created_ts,TIMESTAMP,NO,Audit
legacy_entity_007,updated_ts,TIMESTAMP,YES,Audit
legacy_entity_008,id_008,VARCHAR(20),NO,Primary key
legacy_entity_008,name,VARCHAR(200),NO,Display name
legacy_entity_008,code,VARCHAR(50),YES,Business code
legacy_entity_008,status,VARCHAR(20),NO,ACTIVE,INACTIVE,PENDING
legacy_entity_008,amount,DECIMAL(14,2),YES,Monetary amount
legacy_entity_008,quantity,INTEGER,YES,Numeric quantity
legacy_entity_008,ref_id,VARCHAR(20),YES,Reference to parent
legacy_entity_008,start_date,DATE,YES,Start date
legacy_entity_008,end_date,DATE,YES,End date
legacy_entity_008,created_by,VARCHAR(50),YES,Audit
legacy_entity_008,created_ts,TIMESTAMP,NO,Audit
legacy_entity_008,updated_ts,TIMESTAMP,YES,Audit
legacy_entity_009,id_009,VARCHAR(20),NO,Primary key
legacy_entity_009,name,VARCHAR(200),NO,Display name
legacy_entity_009,code,VARCHAR(50),YES,Business code
legacy_entity_009,status,VARCHAR(20),NO,ACTIVE,INACTIVE,PENDING
legacy_entity_009,amount,DECIMAL(14,2),YES,Monetary amount
legacy_entity_009,quantity,INTEGER,YES,Numeric quantity
legacy_entity_009,ref_id,VARCHAR(20),YES,Reference to parent
legacy_entity_009,start_date,DATE,YES,Start date
legacy_entity_009,end_date,DATE,YES,End date
legacy_entity_009,created_by,VARCHAR(50),YES,Audit
legacy_entity_009,created_ts,TIMESTAMP,NO,Audit
legacy_entity_009,updated_ts,TIMESTAMP,YES,Audit
legacy_entity_010,id_010,VARCHAR(20),NO,Primary key
legacy_entity_010,name,VARCHAR(200),NO,Display name
legacy_entity_010,code,VARCHAR(50),YES,Business code
legacy_entity_010,status,VARCHAR(20),NO,ACTIVE,INACTIVE,PENDING
legacy_entity_010,amount,DECIMAL(14,2),YES,Monetary amount
legacy_entity_010,quantity,INTEGER,YES,Numeric quantity
legacy_entity_010,ref_id,VARCHAR(20),YES,Reference to parent
legacy_entity_010,start_date,DATE,YES,Start date
legacy_entity_010,end_date,DATE,YES,End date
legacy_entity_010,created_by,VARCHAR(50),YES,Audit
legacy_entity_010,created_ts,TIMESTAMP,NO,Audit
legacy_entity_010,updated_ts,TIMESTAMP,YES,Audit
legacy_entity_011,id_011,VARCHAR(20),NO,Primary key
legacy_entity_011,name,VARCHAR(200),NO,Display name
legacy_entity_011,code,VARCHAR(50),YES,Business code
legacy_entity_011,status,VARCHAR(20),NO,ACTIVE,INACTIVE,PENDING
legacy_entity_011,amount,DECIMAL(14,2),YES,Monetary amount
legacy_entity_011,quantity,INTEGER,YES,Numeric quantity
legacy_entity_011,ref_id,VARCHAR(20),YES,Reference to parent
legacy_entity_011,start_date,DATE,YES,Start date
legacy_entity_011,end_date,DATE,YES,End date
legacy_entity_011,created_by,VARCHAR(50),YES,Audit
legacy_entity_011,created_ts,TIMESTAMP,NO,Audit
legacy_entity_011,updated_ts,TIMESTAMP,YES,Audit
legacy_entity_012,id_012,VARCHAR(20),NO,Primary key
legacy_entity_012,name,VARCHAR(200),NO,Display name
legacy_entity_012,code,VARCHAR(50),YES,Business code
legacy_entity_012,status,VARCHAR(20),NO,ACTIVE,INACTIVE,PENDING
legacy_entity_012,amount,DECIMAL(14,2),YES,Monetary amount
legacy_entity_012,quantity,INTEGER,YES,Numeric quantity
legacy_entity_012,ref_id,VARCHAR(20),YES,Reference to parent
legacy_entity_012,start_date,DATE,YES,Start date
legacy_entity_012,end_date,DATE,YES,End date
legacy_entity_012,created_by,VARCHAR(50),YES,Audit
legacy_entity_012,created_ts,TIMESTAMP,NO,Audit
legacy_entity_012,updated_ts,TIMESTAMP,YES,Audit
legacy_entity_013,id_013,VARCHAR(20),NO,Primary key
legacy_entity_013,name,VARCHAR(200),NO,Display name
legacy_entity_013,code,VARCHAR(50),YES,Business code
legacy_entity_013,status,VARCHAR(20),NO,ACTIVE,INACTIVE,PENDING
legacy_entity_013,amount,DECIMAL(14,2),YES,Monetary amount
legacy_entity_013,quantity,INTEGER,YES,Numeric quantity
legacy_entity_013,ref_id,VARCHAR(20),YES,Reference to parent
legacy_entity_013,start_date,DATE,YES,Start date
legacy_entity_013,end_date,DATE,YES,End date
legacy_entity_013,created_by,VARCHAR(50),YES,Audit
legacy_entity_013,created_ts,TIMESTAMP,NO,Audit
legacy_entity_013,updated_ts,TIMESTAMP,YES,Audit
legacy_entity_014,id_014,VARCHAR(20),NO,Primary key
legacy_entity_014,name,VARCHAR(200),NO,Display name
legacy_entity_014,code,VARCHAR(50),YES,Business code
legacy_entity_014,status,VARCHAR(20),NO,ACTIVE,INACTIVE,PENDING
legacy_entity_014,amount,DECIMAL(14,2),YES,Monetary amount
legacy_entity_014,quantity,INTEGER,YES,Numeric quantity
legacy_entity_014,ref_id,VARCHAR(20),YES,Reference to parent
legacy_entity_014,start_date,DATE,YES,Start date
legacy_entity_014,end_date,DATE,YES,End date
legacy_entity_014,created_by,VARCHAR(50),YES,Audit
legacy_entity_014,created_ts,TIMESTAMP,NO,Audit
legacy_entity_014,updated_ts,TIMESTAMP,YES,Audit
legacy_entity_015,id_015,VARCHAR(20),NO,Primary key
legacy_entity_015,name,VARCHAR(200),NO,Display name
legacy_entity_015,code,VARCHAR(50),YES,Business code
legacy_entity_015,status,VARCHAR(20),NO,ACTIVE,INACTIVE,PENDING
legacy_entity_015,amount,DECIMAL(14,2),YES,Monetary amount
legacy_entity_015,quantity,INTEGER,YES,Numeric quantity
legacy_entity_015,ref_id,VARCHAR(20),YES,Reference to parent
legacy_entity_015,start_date,DATE,YES,Start date
legacy_entity_015,end_date,DATE,YES,End date
legacy_entity_015,created_by,VARCHAR(50),YES,Audit
legacy_entity_015,created_ts,TIMESTAMP,NO,Audit
legacy_entity_015,updated_ts,TIMESTAMP,YES,Audit
legacy_entity_016,id_016,VARCHAR(20),NO,Primary key
legacy_entity_016,name,VARCHAR(200),NO,Display name
legacy_entity_016,code,VARCHAR(50),YES,Business code
legacy_entity_016,status,VARCHAR(20),NO,ACTIVE,INACTIVE,PENDING
legacy_entity_016,amount,DECIMAL(14,2),YES,Monetary amount
legacy_entity_016,quantity,INTEGER,YES,Numeric quantity
legacy_entity_016,ref_id,VARCHAR(20),YES,Reference to parent
legacy_entity_016,start_date,DATE,YES,Start date
legacy_entity_016,end_date,DATE,YES,End date
legacy_entity_016,created_by,VARCHAR(50),YES,Audit
legacy_entity_016,created_ts,TIMESTAMP,NO,Audit
legacy_entity_016,updated_ts,TIMESTAMP,YES,Audit
legacy_entity_017,id_017,VARCHAR(20),NO,Primary key
legacy_entity_017,name,VARCHAR(200),NO,Display name
legacy_entity_017,code,VARCHAR(50),YES,Business code
legacy_entity_017,status,VARCHAR(20),NO,ACTIVE,INACTIVE,PENDING
legacy_entity_017,amount,DECIMAL(14,2),YES,Monetary amount
legacy_entity_017,quantity,INTEGER,YES,Numeric quantity
legacy_entity_017,ref_id,VARCHAR(20),YES,Reference to parent
legacy_entity_017,start_date,DATE,YES,Start date
legacy_entity_017,end_date,DATE,YES,End date
legacy_entity_017,created_by,VARCHAR(50),YES,Audit
legacy_entity_017,created_ts,TIMESTAMP,NO,Audit
legacy_entity_017,updated_ts,TIMESTAMP,YES,Audit
legacy_entity_018,id_018,VARCHAR(20),NO,Primary key
legacy_entity_018,name,VARCHAR(200),NO,Display name
legacy_entity_018,code,VARCHAR(50),YES,Business code
legacy_entity_018,status,VARCHAR(20),NO,ACTIVE,INACTIVE,PENDING
legacy_entity_018,amount,DECIMAL(14,2),YES,Monetary amount
legacy_entity_018,quantity,INTEGER,YES,Numeric quantity
legacy_entity_018,ref_id,VARCHAR(20),YES,Reference to parent
legacy_entity_018,start_date,DATE,YES,Start date
legacy_entity_018,end_date,DATE,YES,End date
legacy_entity_018,created_by,VARCHAR(50),YES,Audit
legacy_entity_018,created_ts,TIMESTAMP,NO,Audit
legacy_entity_018,updated_ts,TIMESTAMP,YES,Audit
legacy_entity_019,id_019,VARCHAR(20),NO,Primary key
legacy_entity_019,name,VARCHAR(200),NO,Display name
legacy_entity_019,code,VARCHAR(50),YES,Business code
legacy_entity_019,status,VARCHAR(20),NO,ACTIVE,INACTIVE,PENDING
legacy_entity_019,amount,DECIMAL(14,2),YES,Monetary amount
legacy_entity_019,quantity,INTEGER,YES,Numeric quantity
legacy_entity_019,ref_id,VARCHAR(20),YES,Reference to parent
legacy_entity_019,start_date,DATE,YES,Start date
legacy_entity_019,end_date,DATE,YES,End date
legacy_entity_019,created_by,VARCHAR(50),YES,Audit
legacy_entity_019,created_ts,TIMESTAMP,NO,Audit
legacy_entity_019,updated_ts,TIMESTAMP,YES,Audit
legacy_entity_020,id_020,VARCHAR(20),NO,Primary key
legacy_entity_020,name,VARCHAR(200),NO,Display name
legacy_entity_020,code,VARCHAR(50),YES,Business code
legacy_entity_020,status,VARCHAR(20),NO,ACTIVE,INACTIVE,PENDING
legacy_entity_020,amount,DECIMAL(14,2),YES,Monetary amount
legacy_entity_020,quantity,INTEGER,YES,Numeric quantity
legacy_entity_020,ref_id,VARCHAR(20),YES,Reference to parent
legacy_entity_020,start_date,DATE,YES,Start date
legacy_entity_020,end_date,DATE,YES,End date
legacy_entity_020,created_by,VARCHAR(50),YES,Audit
legacy_entity_020,created_ts,TIMESTAMP,NO,Audit
legacy_entity_020,updated_ts,TIMESTAMP,YES,Audit
legacy_entity_021,id_021,VARCHAR(20),NO,Primary key
legacy_entity_021,name,VARCHAR(200),NO,Display name
legacy_entity_021,code,VARCHAR(50),YES,Business code
legacy_entity_021,status,VARCHAR(20),NO,ACTIVE,INACTIVE,PENDING
legacy_entity_021,amount,DECIMAL(14,2),YES,Monetary amount
legacy_entity_021,quantity,INTEGER,YES,Numeric quantity
legacy_entity_021,ref_id,VARCHAR(20),YES,Reference to parent
legacy_entity_021,start_date,DATE,YES,Start date
legacy_entity_021,end_date,DATE,YES,End date
legacy_entity_021,created_by,VARCHAR(50),YES,Audit
legacy_entity_021,created_ts,TIMESTAMP,NO,Audit
legacy_entity_021,updated_ts,TIMESTAMP,YES,Audit
legacy_entity_022,id_022,VARCHAR(20),NO,Primary key
legacy_entity_022,name,VARCHAR(200),NO,Display name
legacy_entity_022,code,VARCHAR(50),YES,Business code
legacy_entity_022,status,VARCHAR(20),NO,ACTIVE,INACTIVE,PENDING
legacy_entity_022,amount,DECIMAL(14,2),YES,Monetary amount
legacy_entity_022,quantity,INTEGER,YES,Numeric quantity
legacy_entity_022,ref_id,VARCHAR(20),YES,Reference to parent
legacy_entity_022,start_date,DATE,YES,Start date
legacy_entity_022,end_date,DATE,YES,End date
legacy_entity_022,created_by,VARCHAR(50),YES,Audit
legacy_entity_022,created_ts,TIMESTAMP,NO,Audit
legacy_entity_022,updated_ts,TIMESTAMP,YES,Audit
legacy_entity_023,id_023,VARCHAR(20),NO,Primary key
legacy_entity_023,name,VARCHAR(200),NO,Display name
legacy_entity_023,code,VARCHAR(50),YES,Business code
legacy_entity_023,status,VARCHAR(20),NO,ACTIVE,INACTIVE,PENDING
legacy_entity_023,amount,DECIMAL(14,2),YES,Monetary amount
legacy_entity_023,quantity,INTEGER,YES,Numeric quantity
legacy_entity_023,ref_id,VARCHAR(20),YES,Reference to parent
legacy_entity_023,start_date,DATE,YES,Start date
legacy_entity_023,end_date,DATE,YES,End date
legacy_entity_023,created_by,VARCHAR(50),YES,Audit
legacy_entity_023,created_ts,TIMESTAMP,NO,Audit
legacy_entity_023,updated_ts,TIMESTAMP,YES,Audit
legacy_entity_024,id_024,VARCHAR(20),NO,Primary key
legacy_entity_024,name,VARCHAR(200),NO,Display name
legacy_entity_024,code,VARCHAR(50),YES,Business code
legacy_entity_024,status,VARCHAR(20),NO,ACTIVE,INACTIVE,PENDING
legacy_entity_024,amount,DECIMAL(14,2),YES,Monetary amount
legacy_entity_024,quantity,INTEGER,YES,Numeric quantity
legacy_entity_024,ref_id,VARCHAR(20),YES,Reference to parent
legacy_entity_024,start_date,DATE,YES,Start date
legacy_entity_024,end_date,DATE,YES,End date
legacy_entity_024,created_by,VARCHAR(50),YES,Audit
legacy_entity_024,created_ts,TIMESTAMP,NO,Audit
legacy_entity_024,updated_ts,TIMESTAMP,YES,Audit
legacy_entity_025,id_025,VARCHAR(20),NO,Primary key
legacy_entity_025,name,VARCHAR(200),NO,Display name
legacy_entity_025,code,VARCHAR(50),YES,Business code
legacy_entity_025,status,VARCHAR(20),NO,ACTIVE,INACTIVE,PENDING
legacy_entity_025,amount,DECIMAL(14,2),YES,Monetary amount
legacy_entity_025,quantity,INTEGER,YES,Numeric quantity
legacy_entity_025,ref_id,VARCHAR(20),YES,Reference to parent
legacy_entity_025,start_date,DATE,YES,Start date
legacy_entity_025,end_date,DATE,YES,End date
legacy_entity_025,created_by,VARCHAR(50),YES,Audit
legacy_entity_025,created_ts,TIMESTAMP,NO,Audit
legacy_entity_025,updated_ts,TIMESTAMP,YES,Audit
legacy_entity_026,id_026,VARCHAR(20),NO,Primary key
legacy_entity_026,name,VARCHAR(200),NO,Display name
legacy_entity_026,code,VARCHAR(50),YES,Business code
legacy_entity_026,status,VARCHAR(20),NO,ACTIVE,INACTIVE,PENDING
legacy_entity_026,amount,DECIMAL(14,2),YES,Monetary amount
legacy_entity_026,quantity,INTEGER,YES,Numeric quantity
legacy_entity_026,ref_id,VARCHAR(20),YES,Reference to parent
legacy_entity_026,start_date,DATE,YES,Start date
legacy_entity_026,end_date,DATE,YES,End date
legacy_entity_026,created_by,VARCHAR(50),YES,Audit
legacy_entity_026,created_ts,TIMESTAMP,NO,Audit
legacy_entity_026,updated_ts,TIMESTAMP,YES,Audit
legacy_entity_027,id_027,VARCHAR(20),NO,Primary key
legacy_entity_027,name,VARCHAR(200),NO,Display name
legacy_entity_027,code,VARCHAR(50),YES,Business code
legacy_entity_027,status,VARCHAR(20),NO,ACTIVE,INACTIVE,PENDING
legacy_entity_027,amount,DECIMAL(14,2),YES,Monetary amount
legacy_entity_027,quantity,INTEGER,YES,Numeric quantity
legacy_entity_027,ref_id,VARCHAR(20),YES,Reference to parent
legacy_entity_027,start_date,DATE,YES,Start date
legacy_entity_027,end_date,DATE,YES,End date
legacy_entity_027,created_by,VARCHAR(50),YES,Audit
legacy_entity_027,created_ts,TIMESTAMP,NO,Audit
legacy_entity_027,updated_ts,TIMESTAMP,YES,Audit
legacy_entity_028,id_028,VARCHAR(20),NO,Primary key
legacy_entity_028,name,VARCHAR(200),NO,Display name
legacy_entity_028,code,VARCHAR(50),YES,Business code
legacy_entity_028,status,VARCHAR(20),NO,ACTIVE,INACTIVE,PENDING
legacy_entity_028,amount,DECIMAL(14,2),YES,Monetary amount
legacy_entity_028,quantity,INTEGER,YES,Numeric quantity
legacy_entity_028,ref_id,VARCHAR(20),YES,Reference to parent
legacy_entity_028,start_date,DATE,YES,Start date
legacy_entity_028,end_date,DATE,YES,End date
legacy_entity_028,created_by,VARCHAR(50),YES,Audit
legacy_entity_028,created_ts,TIMESTAMP,NO,Audit
legacy_entity_028,updated_ts,TIMESTAMP,YES,Audit
legacy_entity_029,id_029,VARCHAR(20),NO,Primary key
legacy_entity_029,name,VARCHAR(200),NO,Display name
legacy_entity_029,code,VARCHAR(50),YES,Business code
legacy_entity_029,status,VARCHAR(20),NO,ACTIVE,INACTIVE,PENDING
legacy_entity_029,amount,DECIMAL(14,2),YES,Monetary amount
legacy_entity_029,quantity,INTEGER,YES,Numeric quantity
legacy_entity_029,ref_id,VARCHAR(20),YES,Reference to parent
legacy_entity_029,start_date,DATE,YES,Start date
legacy_entity_029,end_date,DATE,YES,End date
legacy_entity_029,created_by,VARCHAR(50),YES,Audit
legacy_entity_029,created_ts,TIMESTAMP,NO,Audit
legacy_entity_029,updated_ts,TIMESTAMP,YES,Audit
legacy_entity_030,id_030,VARCHAR(20),NO,Primary key
legacy_entity_030,name,VARCHAR(200),NO,Display name
legacy_entity_030,code,VARCHAR(50),YES,Business code
legacy_entity_030,status,VARCHAR(20),NO,ACTIVE,INACTIVE,PENDING
legacy_entity_030,amount,DECIMAL(14,2),YES,Monetary amount
legacy_entity_030,quantity,INTEGER,YES,Numeric quantity
legacy_entity_030,ref_id,VARCHAR(20),YES,Reference to parent
legacy_entity_030,start_date,DATE,YES,Start date
legacy_entity_030,end_date,DATE,YES,End date
legacy_entity_030,created_by,VARCHAR(50),YES,Audit
legacy_entity_030,created_ts,TIMESTAMP,NO,Audit
legacy_entity_030,updated_ts,TIMESTAMP,YES,Audit
legacy_entity_031,id_031,VARCHAR(20),NO,Primary key
legacy_entity_031,name,VARCHAR(200),NO,Display name
legacy_entity_031,code,VARCHAR(50),YES,Business code
legacy_entity_031,status,VARCHAR(20),NO,ACTIVE,INACTIVE,PENDING
legacy_entity_031,amount,DECIMAL(14,2),YES,Monetary amount
legacy_entity_031,quantity,INTEGER,YES,Numeric quantity
legacy_entity_031,ref_id,VARCHAR(20),YES,Reference to parent
legacy_entity_031,start_date,DATE,YES,Start date
legacy_entity_031,end_date,DATE,YES,End date
legacy_entity_031,created_by,VARCHAR(50),YES,Audit
legacy_entity_031,created_ts,TIMESTAMP,NO,Audit
legacy_entity_031,updated_ts,TIMESTAMP,YES,Audit
legacy_entity_032,id_032,VARCHAR(20),NO,Primary key
legacy_entity_032,name,VARCHAR(200),NO,Display name
legacy_entity_032,code,VARCHAR(50),YES,Business code
legacy_entity_032,status,VARCHAR(20),NO,ACTIVE,INACTIVE,PENDING
legacy_entity_032,amount,DECIMAL(14,2),YES,Monetary amount
legacy_entity_032,quantity,INTEGER,YES,Numeric quantity
legacy_entity_032,ref_id,VARCHAR(20),YES,Reference to parent
legacy_entity_032,start_date,DATE,YES,Start date
legacy_entity_032,end_date,DATE,YES,End date
legacy_entity_032,created_by,VARCHAR(50),YES,Audit
legacy_entity_032,created_ts,TIMESTAMP,NO,Audit
legacy_entity_032,updated_ts,TIMESTAMP,YES,Audit
legacy_entity_033,id_033,VARCHAR(20),NO,Primary key
legacy_entity_033,name,VARCHAR(200),NO,Display name
legacy_entity_033,code,VARCHAR(50),YES,Business code
legacy_entity_033,status,VARCHAR(20),NO,ACTIVE,INACTIVE,PENDING
legacy_entity_033,amount,DECIMAL(14,2),YES,Monetary amount
legacy_entity_033,quantity,INTEGER,YES,Numeric quantity
legacy_entity_033,ref_id,VARCHAR(20),YES,Reference to parent
legacy_entity_033,start_date,DATE,YES,Start date
legacy_entity_033,end_date,DATE,YES,End date
legacy_entity_033,created_by,VARCHAR(50),YES,Audit
legacy_entity_033,created_ts,TIMESTAMP,NO,Audit
legacy_entity_033,updated_ts,TIMESTAMP,YES,Audit
legacy_entity_034,id_034,VARCHAR(20),NO,Primary key
legacy_entity_034,name,VARCHAR(200),NO,Display name
legacy_entity_034,code,VARCHAR(50),YES,Business code
legacy_entity_034,status,VARCHAR(20),NO,ACTIVE,INACTIVE,PENDING
legacy_entity_034,amount,DECIMAL(14,2),YES,Monetary amount
legacy_entity_034,quantity,INTEGER,YES,Numeric quantity
legacy_entity_034,ref_id,VARCHAR(20),YES,Reference to parent
legacy_entity_034,start_date,DATE,YES,Start date
legacy_entity_034,end_date,DATE,YES,End date
legacy_entity_034,created_by,VARCHAR(50),YES,Audit
legacy_entity_034,created_ts,TIMESTAMP,NO,Audit
legacy_entity_034,updated_ts,TIMESTAMP,YES,Audit
legacy_entity_035,id_035,VARCHAR(20),NO,Primary key
legacy_entity_035,name,VARCHAR(200),NO,Display name
legacy_entity_035,code,VARCHAR(50),YES,Business code
legacy_entity_035,status,VARCHAR(20),NO,ACTIVE,INACTIVE,PENDING
legacy_entity_035,amount,DECIMAL(14,2),YES,Monetary amount
legacy_entity_035,quantity,INTEGER,YES,Numeric quantity
legacy_entity_035,ref_id,VARCHAR(20),YES,Reference to parent
legacy_entity_035,start_date,DATE,YES,Start date
legacy_entity_035,end_date,DATE,YES,End date
legacy_entity_035,created_by,VARCHAR(50),YES,Audit
legacy_entity_035,created_ts,TIMESTAMP,NO,Audit
legacy_entity_035,updated_ts,TIMESTAMP,YES,Audit
legacy_entity_036,id_036,VARCHAR(20),NO,Primary key
legacy_entity_036,name,VARCHAR(200),NO,Display name
legacy_entity_036,code,VARCHAR(50),YES,Business code
legacy_entity_036,status,VARCHAR(20),NO,ACTIVE,INACTIVE,PENDING
legacy_entity_036,amount,DECIMAL(14,2),YES,Monetary amount
legacy_entity_036,quantity,INTEGER,YES,Numeric quantity
legacy_entity_036,ref_id,VARCHAR(20),YES,Reference to parent
legacy_entity_036,start_date,DATE,YES,Start date
legacy_entity_036,end_date,DATE,YES,End date
legacy_entity_036,created_by,VARCHAR(50),YES,Audit
legacy_entity_036,created_ts,TIMESTAMP,NO,Audit
legacy_entity_036,updated_ts,TIMESTAMP,YES,Audit
legacy_entity_037,id_037,VARCHAR(20),NO,Primary key
legacy_entity_037,name,VARCHAR(200),NO,Display name
legacy_entity_037,code,VARCHAR(50),YES,Business code
legacy_entity_037,status,VARCHAR(20),NO,ACTIVE,INACTIVE,PENDING
legacy_entity_037,amount,DECIMAL(14,2),YES,Monetary amount
legacy_entity_037,quantity,INTEGER,YES,Numeric quantity
legacy_entity_037,ref_id,VARCHAR(20),YES,Reference to parent
legacy_entity_037,start_date,DATE,YES,Start date
legacy_entity_037,end_date,DATE,YES,End date
legacy_entity_037,created_by,VARCHAR(50),YES,Audit
legacy_entity_037,created_ts,TIMESTAMP,NO,Audit
legacy_entity_037,updated_ts,TIMESTAMP,YES,Audit
legacy_entity_038,id_038,VARCHAR(20),NO,Primary key
legacy_entity_038,name,VARCHAR(200),NO,Display name
legacy_entity_038,code,VARCHAR(50),YES,Business code
legacy_entity_038,status,VARCHAR(20),NO,ACTIVE,INACTIVE,PENDING
legacy_entity_038,amount,DECIMAL(14,2),YES,Monetary amount
legacy_entity_038,quantity,INTEGER,YES,Numeric quantity
legacy_entity_038,ref_id,VARCHAR(20),YES,Reference to parent
legacy_entity_038,start_date,DATE,YES,Start date
legacy_entity_038,end_date,DATE,YES,End date
legacy_entity_038,created_by,VARCHAR(50),YES,Audit
legacy_entity_038,created_ts,TIMESTAMP,NO,Audit
legacy_entity_038,updated_ts,TIMESTAMP,YES,Audit
legacy_entity_039,id_039,VARCHAR(20),NO,Primary key
legacy_entity_039,name,VARCHAR(200),NO,Display name
legacy_entity_039,code,VARCHAR(50),YES,Business code
legacy_entity_039,status,VARCHAR(20),NO,ACTIVE,INACTIVE,PENDING
legacy_entity_039,amount,DECIMAL(14,2),YES,Monetary amount
legacy_entity_039,quantity,INTEGER,YES,Numeric quantity
legacy_entity_039,ref_id,VARCHAR(20),YES,Reference to parent
legacy_entity_039,start_date,DATE,YES,Start date
legacy_entity_039,end_date,DATE,YES,End date
legacy_entity_039,created_by,VARCHAR(50),YES,Audit
legacy_entity_039,created_ts,TIMESTAMP,NO,Audit
legacy_entity_039,updated_ts,TIMESTAMP,YES,Audit
legacy_entity_040,id_040,VARCHAR(20),NO,Primary key
legacy_entity_040,name,VARCHAR(200),NO,Display name
legacy_entity_040,code,VARCHAR(50),YES,Business code
legacy_entity_040,status,VARCHAR(20),NO,ACTIVE,INACTIVE,PENDING
legacy_entity_040,amount,DECIMAL(14,2),YES,Monetary amount
legacy_entity_040,quantity,INTEGER,YES,Numeric quantity
legacy_entity_040,ref_id,VARCHAR(20),YES,Reference to parent
legacy_entity_040,start_date,DATE,YES,Start date
legacy_entity_040,end_date,DATE,YES,End date
legacy_entity_040,created_by,VARCHAR(50),YES,Audit
legacy_entity_040,created_ts,TIMESTAMP,NO,Audit
legacy_entity_040,updated_ts,TIMESTAMP,YES,Audit
legacy_entity_041,id_041,VARCHAR(20),NO,Primary key
legacy_entity_041,name,VARCHAR(200),NO,Display name
legacy_entity_041,code,VARCHAR(50),YES,Business code
legacy_entity_041,status,VARCHAR(20),NO,ACTIVE,INACTIVE,PENDING
legacy_entity_041,amount,DECIMAL(14,2),YES,Monetary amount
legacy_entity_041,quantity,INTEGER,YES,Numeric quantity
legacy_entity_041,ref_id,VARCHAR(20),YES,Reference to parent
legacy_entity_041,start_date,DATE,YES,Start date
legacy_entity_041,end_date,DATE,YES,End date
legacy_entity_041,created_by,VARCHAR(50),YES,Audit
legacy_entity_041,created_ts,TIMESTAMP,NO,Audit
legacy_entity_041,updated_ts,TIMESTAMP,YES,Audit
legacy_entity_042,id_042,VARCHAR(20),NO,Primary key
legacy_entity_042,name,VARCHAR(200),NO,Display name
legacy_entity_042,code,VARCHAR(50),YES,Business code
legacy_entity_042,status,VARCHAR(20),NO,ACTIVE,INACTIVE,PENDING
legacy_entity_042,amount,DECIMAL(14,2),YES,Monetary amount
legacy_entity_042,quantity,INTEGER,YES,Numeric quantity
legacy_entity_042,ref_id,VARCHAR(20),YES,Reference to parent
legacy_entity_042,start_date,DATE,YES,Start date
legacy_entity_042,end_date,DATE,YES,End date
legacy_entity_042,created_by,VARCHAR(50),YES,Audit
legacy_entity_042,created_ts,TIMESTAMP,NO,Audit
legacy_entity_042,updated_ts,TIMESTAMP,YES,Audit
legacy_entity_043,id_043,VARCHAR(20),NO,Primary key
legacy_entity_043,name,VARCHAR(200),NO,Display name
legacy_entity_043,code,VARCHAR(50),YES,Business code
legacy_entity_043,status,VARCHAR(20),NO,ACTIVE,INACTIVE,PENDING
legacy_entity_043,amount,DECIMAL(14,2),YES,Monetary amount
legacy_entity_043,quantity,INTEGER,YES,Numeric quantity
legacy_entity_043,ref_id,VARCHAR(20),YES,Reference to parent
legacy_entity_043,start_date,DATE,YES,Start date
legacy_entity_043,end_date,DATE,YES,End date
legacy_entity_043,created_by,VARCHAR(50),YES,Audit
legacy_entity_043,created_ts,TIMESTAMP,NO,Audit
legacy_entity_043,updated_ts,TIMESTAMP,YES,Audit
legacy_entity_044,id_044,VARCHAR(20),NO,Primary key
legacy_entity_044,name,VARCHAR(200),NO,Display name
legacy_entity_044,code,VARCHAR(50),YES,Business code
legacy_entity_044,status,VARCHAR(20),NO,ACTIVE,INACTIVE,PENDING
legacy_entity_044,amount,DECIMAL(14,2),YES,Monetary amount
legacy_entity_044,quantity,INTEGER,YES,Numeric quantity
legacy_entity_044,ref_id,VARCHAR(20),YES,Reference to parent
legacy_entity_044,start_date,DATE,YES,Start date
legacy_entity_044,end_date,DATE,YES,End date
legacy_entity_044,created_by,VARCHAR(50),YES,Audit
legacy_entity_044,created_ts,TIMESTAMP,NO,Audit
legacy_entity_044,updated_ts,TIMESTAMP,YES,Audit
legacy_entity_045,id_045,VARCHAR(20),NO,Primary key
legacy_entity_045,name,VARCHAR(200),NO,Display name
legacy_entity_045,code,VARCHAR(50),YES,Business code
legacy_entity_045,status,VARCHAR(20),NO,ACTIVE,INACTIVE,PENDING
legacy_entity_045,amount,DECIMAL(14,2),YES,Monetary amount
legacy_entity_045,quantity,INTEGER,YES,Numeric quantity
legacy_entity_045,ref_id,VARCHAR(20),YES,Reference to parent
legacy_entity_045,start_date,DATE,YES,Start date
legacy_entity_045,end_date,DATE,YES,End date
legacy_entity_045,created_by,VARCHAR(50),YES,Audit
legacy_entity_045,created_ts,TIMESTAMP,NO,Audit
legacy_entity_045,updated_ts,TIMESTAMP,YES,Audit
legacy_entity_046,id_046,VARCHAR(20),NO,Primary key
legacy_entity_046,name,VARCHAR(200),NO,Display name
legacy_entity_046,code,VARCHAR(50),YES,Business code
legacy_entity_046,status,VARCHAR(20),NO,ACTIVE,INACTIVE,PENDING
legacy_entity_046,amount,DECIMAL(14,2),YES,Monetary amount
legacy_entity_046,quantity,INTEGER,YES,Numeric quantity
legacy_entity_046,ref_id,VARCHAR(20),YES,Reference to parent
legacy_entity_046,start_date,DATE,YES,Start date
legacy_entity_046,end_date,DATE,YES,End date
legacy_entity_046,created_by,VARCHAR(50),YES,Audit
legacy_entity_046,created_ts,TIMESTAMP,NO,Audit
legacy_entity_046,updated_ts,TIMESTAMP,YES,Audit
legacy_entity_047,id_047,VARCHAR(20),NO,Primary key
legacy_entity_047,name,VARCHAR(200),NO,Display name
legacy_entity_047,code,VARCHAR(50),YES,Business code
legacy_entity_047,status,VARCHAR(20),NO,ACTIVE,INACTIVE,PENDING
legacy_entity_047,amount,DECIMAL(14,2),YES,Monetary amount
legacy_entity_047,quantity,INTEGER,YES,Numeric quantity
legacy_entity_047,ref_id,VARCHAR(20),YES,Reference to parent
legacy_entity_047,start_date,DATE,YES,Start date
legacy_entity_047,end_date,DATE,YES,End date
legacy_entity_047,created_by,VARCHAR(50),YES,Audit
legacy_entity_047,created_ts,TIMESTAMP,NO,Audit
legacy_entity_047,updated_ts,TIMESTAMP,YES,Audit
legacy_entity_048,id_048,VARCHAR(20),NO,Primary key
legacy_entity_048,name,VARCHAR(200),NO,Display name
legacy_entity_048,code,VARCHAR(50),YES,Business code
legacy_entity_048,status,VARCHAR(20),NO,ACTIVE,INACTIVE,PENDING
legacy_entity_048,amount,DECIMAL(14,2),YES,Monetary amount
legacy_entity_048,quantity,INTEGER,YES,Numeric quantity
legacy_entity_048,ref_id,VARCHAR(20),YES,Reference to parent
legacy_entity_048,start_date,DATE,YES,Start date
legacy_entity_048,end_date,DATE,YES,End date
legacy_entity_048,created_by,VARCHAR(50),YES,Audit
legacy_entity_048,created_ts,TIMESTAMP,NO,Audit
legacy_entity_048,updated_ts,TIMESTAMP,YES,Audit
legacy_entity_049,id_049,VARCHAR(20),NO,Primary key
legacy_entity_049,name,VARCHAR(200),NO,Display name
legacy_entity_049,code,VARCHAR(50),YES,Business code
legacy_entity_049,status,VARCHAR(20),NO,ACTIVE,INACTIVE,PENDING
legacy_entity_049,amount,DECIMAL(14,2),YES,Monetary amount
legacy_entity_049,quantity,INTEGER,YES,Numeric quantity
legacy_entity_049,ref_id,VARCHAR(20),YES,Reference to parent
legacy_entity_049,start_date,DATE,YES,Start date
legacy_entity_049,end_date,DATE,YES,End date
legacy_entity_049,created_by,VARCHAR(50),YES,Audit
legacy_entity_049,created_ts,TIMESTAMP,NO,Audit
legacy_entity_049,updated_ts,TIMESTAMP,YES,Audit
legacy_entity_050,id_050,VARCHAR(20),NO,Primary key
legacy_entity_050,name,VARCHAR(200),NO,Display name
legacy_entity_050,code,VARCHAR(50),YES,Business code
legacy_entity_050,status,VARCHAR(20),NO,ACTIVE,INACTIVE,PENDING
legacy_entity_050,amount,DECIMAL(14,2),YES,Monetary amount
legacy_entity_050,quantity,INTEGER,YES,Numeric quantity
legacy_entity_050,ref_id,VARCHAR(20),YES,Reference to parent
legacy_entity_050,start_date,DATE,YES,Start date
legacy_entity_050,end_date,DATE,YES,End date
legacy_entity_050,created_by,VARCHAR(50),YES,Audit
legacy_entity_050,created_ts,TIMESTAMP,NO,Audit
legacy_entity_050,updated_ts,TIMESTAMP,YES,Audit
legacy_entity_051,id_051,VARCHAR(20),NO,Primary key
legacy_entity_051,name,VARCHAR(200),NO,Display name
legacy_entity_051,code,VARCHAR(50),YES,Business code
legacy_entity_051,status,VARCHAR(20),NO,ACTIVE,INACTIVE,PENDING
legacy_entity_051,amount,DECIMAL(14,2),YES,Monetary amount
legacy_entity_051,quantity,INTEGER,YES,Numeric quantity
legacy_entity_051,ref_id,VARCHAR(20),YES,Reference to parent
legacy_entity_051,start_date,DATE,YES,Start date
legacy_entity_051,end_date,DATE,YES,End date
legacy_entity_051,created_by,VARCHAR(50),YES,Audit
legacy_entity_051,created_ts,TIMESTAMP,NO,Audit
legacy_entity_051,updated_ts,TIMESTAMP,YES,Audit
legacy_entity_052,id_052,VARCHAR(20),NO,Primary key
legacy_entity_052,name,VARCHAR(200),NO,Display name
legacy_entity_052,code,VARCHAR(50),YES,Business code
legacy_entity_052,status,VARCHAR(20),NO,ACTIVE,INACTIVE,PENDING
legacy_entity_052,amount,DECIMAL(14,2),YES,Monetary amount
legacy_entity_052,quantity,INTEGER,YES,Numeric quantity
legacy_entity_052,ref_id,VARCHAR(20),YES,Reference to parent
legacy_entity_052,start_date,DATE,YES,Start date
legacy_entity_052,end_date,DATE,YES,End date
legacy_entity_052,created_by,VARCHAR(50),YES,Audit
legacy_entity_052,created_ts,TIMESTAMP,NO,Audit
legacy_entity_052,updated_ts,TIMESTAMP,YES,Audit
legacy_entity_053,id_053,VARCHAR(20),NO,Primary key
legacy_entity_053,name,VARCHAR(200),NO,Display name
legacy_entity_053,code,VARCHAR(50),YES,Business code
legacy_entity_053,status,VARCHAR(20),NO,ACTIVE,INACTIVE,PENDING
legacy_entity_053,amount,DECIMAL(14,2),YES,Monetary amount
legacy_entity_053,quantity,INTEGER,YES,Numeric quantity
legacy_entity_053,ref_id,VARCHAR(20),YES,Reference to parent
legacy_entity_053,start_date,DATE,YES,Start date
legacy_entity_053,end_date,DATE,YES,End date
legacy_entity_053,created_by,VARCHAR(50),YES,Audit
legacy_entity_053,created_ts,TIMESTAMP,NO,Audit
legacy_entity_053,updated_ts,TIMESTAMP,YES,Audit
legacy_entity_054,id_054,VARCHAR(20),NO,Primary key
legacy_entity_054,name,VARCHAR(200),NO,Display name
legacy_entity_054,code,VARCHAR(50),YES,Business code
legacy_entity_054,status,VARCHAR(20),NO,ACTIVE,INACTIVE,PENDING
legacy_entity_054,amount,DECIMAL(14,2),YES,Monetary amount
legacy_entity_054,quantity,INTEGER,YES,Numeric quantity
legacy_entity_054,ref_id,VARCHAR(20),YES,Reference to parent
legacy_entity_054,start_date,DATE,YES,Start date
legacy_entity_054,end_date,DATE,YES,End date
legacy_entity_054,created_by,VARCHAR(50),YES,Audit
legacy_entity_054,created_ts,TIMESTAMP,NO,Audit
legacy_entity_054,updated_ts,TIMESTAMP,YES,Audit
legacy_entity_055,id_055,VARCHAR(20),NO,Primary key
legacy_entity_055,name,VARCHAR(200),NO,Display name
legacy_entity_055,code,VARCHAR(50),YES,Business code
legacy_entity_055,status,VARCHAR(20),NO,ACTIVE,INACTIVE,PENDING
legacy_entity_055,amount,DECIMAL(14,2),YES,Monetary amount
legacy_entity_055,quantity,INTEGER,YES,Numeric quantity
legacy_entity_055,ref_id,VARCHAR(20),YES,Reference to parent
legacy_entity_055,start_date,DATE,YES,Start date
legacy_entity_055,end_date,DATE,YES,End date
legacy_entity_055,created_by,VARCHAR(50),YES,Audit
legacy_entity_055,created_ts,TIMESTAMP,NO,Audit
legacy_entity_055,updated_ts,TIMESTAMP,YES,Audit
legacy_entity_056,id_056,VARCHAR(20),NO,Primary key
legacy_entity_056,name,VARCHAR(200),NO,Display name
legacy_entity_056,code,VARCHAR(50),YES,Business code
legacy_entity_056,status,VARCHAR(20),NO,ACTIVE,INACTIVE,PENDING
legacy_entity_056,amount,DECIMAL(14,2),YES,Monetary amount
legacy_entity_056,quantity,INTEGER,YES,Numeric quantity
legacy_entity_056,ref_id,VARCHAR(20),YES,Reference to parent
legacy_entity_056,start_date,DATE,YES,Start date
legacy_entity_056,end_date,DATE,YES,End date
legacy_entity_056,created_by,VARCHAR(50),YES,Audit
legacy_entity_056,created_ts,TIMESTAMP,NO,Audit
legacy_entity_056,updated_ts,TIMESTAMP,YES,Audit
legacy_entity_057,id_057,VARCHAR(20),NO,Primary key
legacy_entity_057,name,VARCHAR(200),NO,Display name
legacy_entity_057,code,VARCHAR(50),YES,Business code
legacy_entity_057,status,VARCHAR(20),NO,ACTIVE,INACTIVE,PENDING
legacy_entity_057,amount,DECIMAL(14,2),YES,Monetary amount
legacy_entity_057,quantity,INTEGER,YES,Numeric quantity
legacy_entity_057,ref_id,VARCHAR(20),YES,Reference to parent
legacy_entity_057,start_date,DATE,YES,Start date
legacy_entity_057,end_date,DATE,YES,End date
legacy_entity_057,created_by,VARCHAR(50),YES,Audit
legacy_entity_057,created_ts,TIMESTAMP,NO,Audit
legacy_entity_057,updated_ts,TIMESTAMP,YES,Audit
legacy_entity_058,id_058,VARCHAR(20),NO,Primary key
legacy_entity_058,name,VARCHAR(200),NO,Display name
legacy_entity_058,code,VARCHAR(50),YES,Business code
legacy_entity_058,status,VARCHAR(20),NO,ACTIVE,INACTIVE,PENDING
legacy_entity_058,amount,DECIMAL(14,2),YES,Monetary amount
legacy_entity_058,quantity,INTEGER,YES,Numeric quantity
legacy_entity_058,ref_id,VARCHAR(20),YES,Reference to parent
legacy_entity_058,start_date,DATE,YES,Start date
legacy_entity_058,end_date,DATE,YES,End date
legacy_entity_058,created_by,VARCHAR(50),YES,Audit
legacy_entity_058,created_ts,TIMESTAMP,NO,Audit
legacy_entity_058,updated_ts,TIMESTAMP,YES,Audit
legacy_entity_059,id_059,VARCHAR(20),NO,Primary key
legacy_entity_059,name,VARCHAR(200),NO,Display name
legacy_entity_059,code,VARCHAR(50),YES,Business code
legacy_entity_059,status,VARCHAR(20),NO,ACTIVE,INACTIVE,PENDING
legacy_entity_059,amount,DECIMAL(14,2),YES,Monetary amount
legacy_entity_059,quantity,INTEGER,YES,Numeric quantity
legacy_entity_059,ref_id,VARCHAR(20),YES,Reference to parent
legacy_entity_059,start_date,DATE,YES,Start date
legacy_entity_059,end_date,DATE,YES,End date
legacy_entity_059,created_by,VARCHAR(50),YES,Audit
legacy_entity_059,created_ts,TIMESTAMP,NO,Audit
legacy_entity_059,updated_ts,TIMESTAMP,YES,Audit
legacy_entity_060,id_060,VARCHAR(20),NO,Primary key
legacy_entity_060,name,VARCHAR(200),NO,Display name
legacy_entity_060,code,VARCHAR(50),YES,Business code
legacy_entity_060,status,VARCHAR(20),NO,ACTIVE,INACTIVE,PENDING
legacy_entity_060,amount,DECIMAL(14,2),YES,Monetary amount
legacy_entity_060,quantity,INTEGER,YES,Numeric quantity
legacy_entity_060,ref_id,VARCHAR(20),YES,Reference to parent
legacy_entity_060,start_date,DATE,YES,Start date
legacy_entity_060,end_date,DATE,YES,End date
legacy_entity_060,created_by,VARCHAR(50),YES,Audit
legacy_entity_060,created_ts,TIMESTAMP,NO,Audit
legacy_entity_060,updated_ts,TIMESTAMP,YES,Audit
legacy_entity_061,id_061,VARCHAR(20),NO,Primary key
legacy_entity_061,name,VARCHAR(200),NO,Display name
legacy_entity_061,code,VARCHAR(50),YES,Business code
legacy_entity_061,status,VARCHAR(20),NO,ACTIVE,INACTIVE,PENDING
legacy_entity_061,amount,DECIMAL(14,2),YES,Monetary amount
legacy_entity_061,quantity,INTEGER,YES,Numeric quantity
legacy_entity_061,ref_id,VARCHAR(20),YES,Reference to parent
legacy_entity_061,start_date,DATE,YES,Start date
legacy_entity_061,end_date,DATE,YES,End date
legacy_entity_061,created_by,VARCHAR(50),YES,Audit
legacy_entity_061,created_ts,TIMESTAMP,NO,Audit
legacy_entity_061,updated_ts,TIMESTAMP,YES,Audit
legacy_entity_062,id_062,VARCHAR(20),NO,Primary key
legacy_entity_062,name,VARCHAR(200),NO,Display name
legacy_entity_062,code,VARCHAR(50),YES,Business code
legacy_entity_062,status,VARCHAR(20),NO,ACTIVE,INACTIVE,PENDING
legacy_entity_062,amount,DECIMAL(14,2),YES,Monetary amount
legacy_entity_062,quantity,INTEGER,YES,Numeric quantity
legacy_entity_062,ref_id,VARCHAR(20),YES,Reference to parent
legacy_entity_062,start_date,DATE,YES,Start date
legacy_entity_062,end_date,DATE,YES,End date
legacy_entity_062,created_by,VARCHAR(50),YES,Audit
legacy_entity_062,created_ts,TIMESTAMP,NO,Audit
legacy_entity_062,updated_ts,TIMESTAMP,YES,Audit
legacy_entity_063,id_063,VARCHAR(20),NO,Primary key
legacy_entity_063,name,VARCHAR(200),NO,Display name
legacy_entity_063,code,VARCHAR(50),YES,Business code
legacy_entity_063,status,VARCHAR(20),NO,ACTIVE,INACTIVE,PENDING
legacy_entity_063,amount,DECIMAL(14,2),YES,Monetary amount
legacy_entity_063,quantity,INTEGER,YES,Numeric quantity
legacy_entity_063,ref_id,VARCHAR(20),YES,Reference to parent
legacy_entity_063,start_date,DATE,YES,Start date
legacy_entity_063,end_date,DATE,YES,End date
legacy_entity_063,created_by,VARCHAR(50),YES,Audit
legacy_entity_063,created_ts,TIMESTAMP,NO,Audit
legacy_entity_063,updated_ts,TIMESTAMP,YES,Audit
legacy_entity_064,id_064,VARCHAR(20),NO,Primary key
legacy_entity_064,name,VARCHAR(200),NO,Display name
legacy_entity_064,code,VARCHAR(50),YES,Business code
legacy_entity_064,status,VARCHAR(20),NO,ACTIVE,INACTIVE,PENDING
legacy_entity_064,amount,DECIMAL(14,2),YES,Monetary amount
legacy_entity_064,quantity,INTEGER,YES,Numeric quantity
legacy_entity_064,ref_id,VARCHAR(20),YES,Reference to parent
legacy_entity_064,start_date,DATE,YES,Start date
legacy_entity_064,end_date,DATE,YES,End date
legacy_entity_064,created_by,VARCHAR(50),YES,Audit
legacy_entity_064,created_ts,TIMESTAMP,NO,Audit
legacy_entity_064,updated_ts,TIMESTAMP,YES,Audit
legacy_entity_065,id_065,VARCHAR(20),NO,Primary key
legacy_entity_065,name,VARCHAR(200),NO,Display name
legacy_entity_065,code,VARCHAR(50),YES,Business code
legacy_entity_065,status,VARCHAR(20),NO,ACTIVE,INACTIVE,PENDING
legacy_entity_065,amount,DECIMAL(14,2),YES,Monetary amount
legacy_entity_065,quantity,INTEGER,YES,Numeric quantity
legacy_entity_065,ref_id,VARCHAR(20),YES,Reference to parent
legacy_entity_065,start_date,DATE,YES,Start date
legacy_entity_065,end_date,DATE,YES,End date
legacy_entity_065,created_by,VARCHAR(50),YES,Audit
legacy_entity_065,created_ts,TIMESTAMP,NO,Audit
legacy_entity_065,updated_ts,TIMESTAMP,YES,Audit
legacy_entity_066,id_066,VARCHAR(20),NO,Primary key
legacy_entity_066,name,VARCHAR(200),NO,Display name
legacy_entity_066,code,VARCHAR(50),YES,Business code
legacy_entity_066,status,VARCHAR(20),NO,ACTIVE,INACTIVE,PENDING
legacy_entity_066,amount,DECIMAL(14,2),YES,Monetary amount
legacy_entity_066,quantity,INTEGER,YES,Numeric quantity
legacy_entity_066,ref_id,VARCHAR(20),YES,Reference to parent
legacy_entity_066,start_date,DATE,YES,Start date
legacy_entity_066,end_date,DATE,YES,End date
legacy_entity_066,created_by,VARCHAR(50),YES,Audit
legacy_entity_066,created_ts,TIMESTAMP,NO,Audit
legacy_entity_066,updated_ts,TIMESTAMP,YES,Audit
legacy_entity_067,id_067,VARCHAR(20),NO,Primary key
legacy_entity_067,name,VARCHAR(200),NO,Display name
legacy_entity_067,code,VARCHAR(50),YES,Business code
legacy_entity_067,status,VARCHAR(20),NO,ACTIVE,INACTIVE,PENDING
legacy_entity_067,amount,DECIMAL(14,2),YES,Monetary amount
legacy_entity_067,quantity,INTEGER,YES,Numeric quantity
legacy_entity_067,ref_id,VARCHAR(20),YES,Reference to parent
legacy_entity_067,start_date,DATE,YES,Start date
legacy_entity_067,end_date,DATE,YES,End date
legacy_entity_067,created_by,VARCHAR(50),YES,Audit
legacy_entity_067,created_ts,TIMESTAMP,NO,Audit
legacy_entity_067,updated_ts,TIMESTAMP,YES,Audit
legacy_entity_068,id_068,VARCHAR(20),NO,Primary key
legacy_entity_068,name,VARCHAR(200),NO,Display name
legacy_entity_068,code,VARCHAR(50),YES,Business code
legacy_entity_068,status,VARCHAR(20),NO,ACTIVE,INACTIVE,PENDING
legacy_entity_068,amount,DECIMAL(14,2),YES,Monetary amount
legacy_entity_068,quantity,INTEGER,YES,Numeric quantity
legacy_entity_068,ref_id,VARCHAR(20),YES,Reference to parent
legacy_entity_068,start_date,DATE,YES,Start date
legacy_entity_068,end_date,DATE,YES,End date
legacy_entity_068,created_by,VARCHAR(50),YES,Audit
legacy_entity_068,created_ts,TIMESTAMP,NO,Audit
legacy_entity_068,updated_ts,TIMESTAMP,YES,Audit
legacy_entity_069,id_069,VARCHAR(20),NO,Primary key
legacy_entity_069,name,VARCHAR(200),NO,Display name
legacy_entity_069,code,VARCHAR(50),YES,Business code
legacy_entity_069,status,VARCHAR(20),NO,ACTIVE,INACTIVE,PENDING
legacy_entity_069,amount,DECIMAL(14,2),YES,Monetary amount
legacy_entity_069,quantity,INTEGER,YES,Numeric quantity
legacy_entity_069,ref_id,VARCHAR(20),YES,Reference to parent
legacy_entity_069,start_date,DATE,YES,Start date
legacy_entity_069,end_date,DATE,YES,End date
legacy_entity_069,created_by,VARCHAR(50),YES,Audit
legacy_entity_069,created_ts,TIMESTAMP,NO,Audit
legacy_entity_069,updated_ts,TIMESTAMP,YES,Audit
legacy_entity_070,id_070,VARCHAR(20),NO,Primary key
legacy_entity_070,name,VARCHAR(200),NO,Display name
legacy_entity_070,code,VARCHAR(50),YES,Business code
legacy_entity_070,status,VARCHAR(20),NO,ACTIVE,INACTIVE,PENDING
legacy_entity_070,amount,DECIMAL(14,2),YES,Monetary amount
legacy_entity_070,quantity,INTEGER,YES,Numeric quantity
legacy_entity_070,ref_id,VARCHAR(20),YES,Reference to parent
legacy_entity_070,start_date,DATE,YES,Start date
legacy_entity_070,end_date,DATE,YES,End date
legacy_entity_070,created_by,VARCHAR(50),YES,Audit
legacy_entity_070,created_ts,TIMESTAMP,NO,Audit
legacy_entity_070,updated_ts,TIMESTAMP,YES,Audit
legacy_entity_071,id_071,VARCHAR(20),NO,Primary key
legacy_entity_071,name,VARCHAR(200),NO,Display name
legacy_entity_071,code,VARCHAR(50),YES,Business code
legacy_entity_071,status,VARCHAR(20),NO,ACTIVE,INACTIVE,PENDING
legacy_entity_071,amount,DECIMAL(14,2),YES,Monetary amount
legacy_entity_071,quantity,INTEGER,YES,Numeric quantity
legacy_entity_071,ref_id,VARCHAR(20),YES,Reference to parent
legacy_entity_071,start_date,DATE,YES,Start date
legacy_entity_071,end_date,DATE,YES,End date
legacy_entity_071,created_by,VARCHAR(50),YES,Audit
legacy_entity_071,created_ts,TIMESTAMP,NO,Audit
legacy_entity_071,updated_ts,TIMESTAMP,YES,Audit
legacy_entity_072,id_072,VARCHAR(20),NO,Primary key
legacy_entity_072,name,VARCHAR(200),NO,Display name
legacy_entity_072,code,VARCHAR(50),YES,Business code
legacy_entity_072,status,VARCHAR(20),NO,ACTIVE,INACTIVE,PENDING
legacy_entity_072,amount,DECIMAL(14,2),YES,Monetary amount
legacy_entity_072,quantity,INTEGER,YES,Numeric quantity
legacy_entity_072,ref_id,VARCHAR(20),YES,Reference to parent
legacy_entity_072,start_date,DATE,YES,Start date
legacy_entity_072,end_date,DATE,YES,End date
legacy_entity_072,created_by,VARCHAR(50),YES,Audit
legacy_entity_072,created_ts,TIMESTAMP,NO,Audit
legacy_entity_072,updated_ts,TIMESTAMP,YES,Audit
legacy_entity_073,id_073,VARCHAR(20),NO,Primary key
legacy_entity_073,name,VARCHAR(200),NO,Display name
legacy_entity_073,code,VARCHAR(50),YES,Business code
legacy_entity_073,status,VARCHAR(20),NO,ACTIVE,INACTIVE,PENDING
legacy_entity_073,amount,DECIMAL(14,2),YES,Monetary amount
legacy_entity_073,quantity,INTEGER,YES,Numeric quantity
legacy_entity_073,ref_id,VARCHAR(20),YES,Reference to parent
legacy_entity_073,start_date,DATE,YES,Start date
legacy_entity_073,end_date,DATE,YES,End date
legacy_entity_073,created_by,VARCHAR(50),YES,Audit
legacy_entity_073,created_ts,TIMESTAMP,NO,Audit
legacy_entity_073,updated_ts,TIMESTAMP,YES,Audit
legacy_entity_074,id_074,VARCHAR(20),NO,Primary key
legacy_entity_074,name,VARCHAR(200),NO,Display name
legacy_entity_074,code,VARCHAR(50),YES,Business code
legacy_entity_074,status,VARCHAR(20),NO,ACTIVE,INACTIVE,PENDING
legacy_entity_074,amount,DECIMAL(14,2),YES,Monetary amount
legacy_entity_074,quantity,INTEGER,YES,Numeric quantity
legacy_entity_074,ref_id,VARCHAR(20),YES,Reference to parent
legacy_entity_074,start_date,DATE,YES,Start date
legacy_entity_074,end_date,DATE,YES,End date
legacy_entity_074,created_by,VARCHAR(50),YES,Audit
legacy_entity_074,created_ts,TIMESTAMP,NO,Audit
legacy_entity_074,updated_ts,TIMESTAMP,YES,Audit
legacy_entity_075,id_075,VARCHAR(20),NO,Primary key
legacy_entity_075,name,VARCHAR(200),NO,Display name
legacy_entity_075,code,VARCHAR(50),YES,Business code
legacy_entity_075,status,VARCHAR(20),NO,ACTIVE,INACTIVE,PENDING
legacy_entity_075,amount,DECIMAL(14,2),YES,Monetary amount
legacy_entity_075,quantity,INTEGER,YES,Numeric quantity
legacy_entity_075,ref_id,VARCHAR(20),YES,Reference to parent
legacy_entity_075,start_date,DATE,YES,Start date
legacy_entity_075,end_date,DATE,YES,End date
legacy_entity_075,created_by,VARCHAR(50),YES,Audit
legacy_entity_075,created_ts,TIMESTAMP,NO,Audit
legacy_entity_075,updated_ts,TIMESTAMP,YES,Audit
legacy_entity_076,id_076,VARCHAR(20),NO,Primary key
legacy_entity_076,name,VARCHAR(200),NO,Display name
legacy_entity_076,code,VARCHAR(50),YES,Business code
legacy_entity_076,status,VARCHAR(20),NO,ACTIVE,INACTIVE,PENDING
legacy_entity_076,amount,DECIMAL(14,2),YES,Monetary amount
legacy_entity_076,quantity,INTEGER,YES,Numeric quantity
legacy_entity_076,ref_id,VARCHAR(20),YES,Reference to parent
legacy_entity_076,start_date,DATE,YES,Start date
legacy_entity_076,end_date,DATE,YES,End date
legacy_entity_076,created_by,VARCHAR(50),YES,Audit
legacy_entity_076,created_ts,TIMESTAMP,NO,Audit
legacy_entity_076,updated_ts,TIMESTAMP,YES,Audit
legacy_entity_077,id_077,VARCHAR(20),NO,Primary key
legacy_entity_077,name,VARCHAR(200),NO,Display name
legacy_entity_077,code,VARCHAR(50),YES,Business code
legacy_entity_077,status,VARCHAR(20),NO,ACTIVE,INACTIVE,PENDING
legacy_entity_077,amount,DECIMAL(14,2),YES,Monetary amount
legacy_entity_077,quantity,INTEGER,YES,Numeric quantity
legacy_entity_077,ref_id,VARCHAR(20),YES,Reference to parent
legacy_entity_077,start_date,DATE,YES,Start date
legacy_entity_077,end_date,DATE,YES,End date
legacy_entity_077,created_by,VARCHAR(50),YES,Audit
legacy_entity_077,created_ts,TIMESTAMP,NO,Audit
legacy_entity_077,updated_ts,TIMESTAMP,YES,Audit
legacy_entity_078,id_078,VARCHAR(20),NO,Primary key
legacy_entity_078,name,VARCHAR(200),NO,Display name
legacy_entity_078,code,VARCHAR(50),YES,Business code
legacy_entity_078,status,VARCHAR(20),NO,ACTIVE,INACTIVE,PENDING
legacy_entity_078,amount,DECIMAL(14,2),YES,Monetary amount
legacy_entity_078,quantity,INTEGER,YES,Numeric quantity
legacy_entity_078,ref_id,VARCHAR(20),YES,Reference to parent
legacy_entity_078,start_date,DATE,YES,Start date
legacy_entity_078,end_date,DATE,YES,End date
legacy_entity_078,created_by,VARCHAR(50),YES,Audit
legacy_entity_078,created_ts,TIMESTAMP,NO,Audit
legacy_entity_078,updated_ts,TIMESTAMP,YES,Audit
legacy_entity_079,id_079,VARCHAR(20),NO,Primary key
legacy_entity_079,name,VARCHAR(200),NO,Display name
legacy_entity_079,code,VARCHAR(50),YES,Business code
legacy_entity_079,status,VARCHAR(20),NO,ACTIVE,INACTIVE,PENDING
legacy_entity_079,amount,DECIMAL(14,2),YES,Monetary amount
legacy_entity_079,quantity,INTEGER,YES,Numeric quantity
legacy_entity_079,ref_id,VARCHAR(20),YES,Reference to parent
legacy_entity_079,start_date,DATE,YES,Start date
legacy_entity_079,end_date,DATE,YES,End date
legacy_entity_079,created_by,VARCHAR(50),YES,Audit
legacy_entity_079,created_ts,TIMESTAMP,NO,Audit
legacy_entity_079,updated_ts,TIMESTAMP,YES,Audit
legacy_entity_080,id_080,VARCHAR(20),NO,Primary key
legacy_entity_080,name,VARCHAR(200),NO,Display name
legacy_entity_080,code,VARCHAR(50),YES,Business code
legacy_entity_080,status,VARCHAR(20),NO,ACTIVE,INACTIVE,PENDING
legacy_entity_080,amount,DECIMAL(14,2),YES,Monetary amount
legacy_entity_080,quantity,INTEGER,YES,Numeric quantity
legacy_entity_080,ref_id,VARCHAR(20),YES,Reference to parent
legacy_entity_080,start_date,DATE,YES,Start date
legacy_entity_080,end_date,DATE,YES,End date
legacy_entity_080,created_by,VARCHAR(50),YES,Audit
legacy_entity_080,created_ts,TIMESTAMP,NO,Audit
legacy_entity_080,updated_ts,TIMESTAMP,YES,Audit
legacy_data_table_0301,rec_id,VARCHAR(50),NO,Column 1 of table legacy_data_table_0301 used for migration from legacy system department 2
legacy_data_table_0301,label,VARCHAR(255),NO,Column 2 of table legacy_data_table_0301 used for migration from legacy system department 2
legacy_data_table_0301,code,VARCHAR(100),NO,Column 3 of table legacy_data_table_0301 used for migration from legacy system department 2
legacy_data_table_0301,status,VARCHAR(30),YES,Column 4 of table legacy_data_table_0301 used for migration from legacy system department 2
legacy_data_table_0301,value_num,DECIMAL(18,4),YES,Column 5 of table legacy_data_table_0301 used for migration from legacy system department 2
legacy_data_table_0301,value_str,TEXT,YES,Column 6 of table legacy_data_table_0301 used for migration from legacy system department 2
legacy_data_table_0301,ref_key,VARCHAR(80),YES,Column 7 of table legacy_data_table_0301 used for migration from legacy system department 2
legacy_data_table_0301,date_val,TIMESTAMP,YES,Column 8 of table legacy_data_table_0301 used for migration from legacy system department 2
legacy_data_table_0301,flag,BOOLEAN,YES,Column 9 of table legacy_data_table_0301 used for migration from legacy system department 2
legacy_data_table_0301,owner,VARCHAR(80),YES,Column 10 of table legacy_data_table_0301 used for migration from legacy system department 2
legacy_data_table_0301,created_at,TIMESTAMP,YES,Column 11 of table legacy_data_table_0301 used for migration from legacy system department 2
legacy_data_table_0301,updated_at,TIMESTAMP,YES,Column 12 of table legacy_data_table_0301 used for migration from legacy system department 2
legacy_data_table_0302,rec_id,VARCHAR(50),NO,Column 1 of table legacy_data_table_0302 used for migration from legacy system department 3
legacy_data_table_0302,label,VARCHAR(255),NO,Column 2 of table legacy_data_table_0302 used for migration from legacy system department 3
legacy_data_table_0302,code,VARCHAR(100),NO,Column 3 of table legacy_data_table_0302 used for migration from legacy system department 3
legacy_data_table_0302,status,VARCHAR(30),YES,Column 4 of table legacy_data_table_0302 used for migration from legacy system department 3
legacy_data_table_0302,value_num,DECIMAL(18,4),YES,Column 5 of table legacy_data_table_0302 used for migration from legacy system department 3
legacy_data_table_0302,value_str,TEXT,YES,Column 6 of table legacy_data_table_0302 used for migration from legacy system department 3
legacy_data_table_0302,ref_key,VARCHAR(80),YES,Column 7 of table legacy_data_table_0302 used for migration from legacy system department 3
legacy_data_table_0302,date_val,TIMESTAMP,YES,Column 8 of table legacy_data_table_0302 used for migration from legacy system department 3
legacy_data_table_0302,flag,BOOLEAN,YES,Column 9 of table legacy_data_table_0302 used for migration from legacy system department 3
legacy_data_table_0302,owner,VARCHAR(80),YES,Column 10 of table legacy_data_table_0302 used for migration from legacy system department 3
legacy_data_table_0302,created_at,TIMESTAMP,YES,Column 11 of table legacy_data_table_0302 used for migration from legacy system department 3
legacy_data_table_0302,updated_at,TIMESTAMP,YES,Column 12 of table legacy_data_table_0302 used for migration from legacy system department 3
legacy_data_table_0303,rec_id,VARCHAR(50),NO,Column 1 of table legacy_data_table_0303 used for migration from legacy system department 4
legacy_data_table_0303,label,VARCHAR(255),NO,Column 2 of table legacy_data_table_0303 used for migration from legacy system department 4
legacy_data_table_0303,code,VARCHAR(100),NO,Column 3 of table legacy_data_table_0303 used for migration from legacy system department 4
legacy_data_table_0303,status,VARCHAR(30),YES,Column 4 of table legacy_data_table_0303 used for migration from legacy system department 4
legacy_data_table_0303,value_num,DECIMAL(18,4),YES,Column 5 of table legacy_data_table_0303 used for migration from legacy system department 4
legacy_data_table_0303,value_str,TEXT,YES,Column 6 of table legacy_data_table_0303 used for migration from legacy system department 4
legacy_data_table_0303,ref_key,VARCHAR(80),YES,Column 7 of table legacy_data_table_0303 used for migration from legacy system department 4
legacy_data_table_0303,date_val,TIMESTAMP,YES,Column 8 of table legacy_data_table_0303 used for migration from legacy system department 4
legacy_data_table_0303,flag,BOOLEAN,YES,Column 9 of table legacy_data_table_0303 used for migration from legacy system department 4
legacy_data_table_0303,owner,VARCHAR(80),YES,Column 10 of table legacy_data_table_0303 used for migration from legacy system department 4
legacy_data_table_0303,created_at,TIMESTAMP,YES,Column 11 of table legacy_data_table_0303 used for migration from legacy system department 4
legacy_data_table_0303,updated_at,TIMESTAMP,YES,Column 12 of table legacy_data_table_0303 used for migration from legacy system department 4
legacy_data_table_0304,rec_id,VARCHAR(50),NO,Column 1 of table legacy_data_table_0304 used for migration from legacy system department 5
legacy_data_table_0304,label,VARCHAR(255),NO,Column 2 of table legacy_data_table_0304 used for migration from legacy system department 5
legacy_data_table_0304,code,VARCHAR(100),NO,Column 3 of table legacy_data_table_0304 used for migration from legacy system department 5
legacy_data_table_0304,status,VARCHAR(30),YES,Column 4 of table legacy_data_table_0304 used for migration from legacy system department 5
legacy_data_table_0304,value_num,DECIMAL(18,4),YES,Column 5 of table legacy_data_table_0304 used for migration from legacy system department 5
legacy_data_table_0304,value_str,TEXT,YES,Column 6 of table legacy_data_table_0304 used for migration from legacy system department 5
legacy_data_table_0304,ref_key,VARCHAR(80),YES,Column 7 of table legacy_data_table_0304 used for migration from legacy system department 5
legacy_data_table_0304,date_val,TIMESTAMP,YES,Column 8 of table legacy_data_table_0304 used for migration from legacy system department 5
legacy_data_table_0304,flag,BOOLEAN,YES,Column 9 of table legacy_data_table_0304 used for migration from legacy system department 5
legacy_data_table_0304,owner,VARCHAR(80),YES,Column 10 of table legacy_data_table_0304 used for migration from legacy system department 5
legacy_data_table_0304,created_at,TIMESTAMP,YES,Column 11 of table legacy_data_table_0304 used for migration from legacy system department 5
legacy_data_table_0304,updated_at,TIMESTAMP,YES,Column 12 of table legacy_data_table_0304 used for migration from legacy system department 5
legacy_data_table_0305,rec_id,VARCHAR(50),NO,Column 1 of table legacy_data_table_0305 used for migration from legacy system department 6
legacy_data_table_0305,label,VARCHAR(255),NO,Column 2 of table legacy_data_table_0305 used for migration from legacy system department 6
legacy_data_table_0305,code,VARCHAR(100),NO,Column 3 of table legacy_data_table_0305 used for migration from legacy system department 6
legacy_data_table_0305,status,VARCHAR(30),YES,Column 4 of table legacy_data_table_0305 used for migration from legacy system department 6
legacy_data_table_0305,value_num,DECIMAL(18,4),YES,Column 5 of table legacy_data_table_0305 used for migration from legacy system department 6
legacy_data_table_0305,value_str,TEXT,YES,Column 6 of table legacy_data_table_0305 used for migration from legacy system department 6
legacy_data_table_0305,ref_key,VARCHAR(80),YES,Column 7 of table legacy_data_table_0305 used for migration from legacy system department 6
legacy_data_table_0305,date_val,TIMESTAMP,YES,Column 8 of table legacy_data_table_0305 used for migration from legacy system department 6
legacy_data_table_0305,flag,BOOLEAN,YES,Column 9 of table legacy_data_table_0305 used for migration from legacy system department 6
legacy_data_table_0305,owner,VARCHAR(80),YES,Column 10 of table legacy_data_table_0305 used for migration from legacy system department 6
legacy_data_table_0305,created_at,TIMESTAMP,YES,Column 11 of table legacy_data_table_0305 used for migration from legacy system department 6
legacy_data_table_0305,updated_at,TIMESTAMP,YES,Column 12 of table legacy_data_table_0305 used for migration from legacy system department 6
legacy_data_table_0306,rec_id,VARCHAR(50),NO,Column 1 of table legacy_data_table_0306 used for migration from legacy system department 7
legacy_data_table_0306,label,VARCHAR(255),NO,Column 2 of table legacy_data_table_0306 used for migration from legacy system department 7
legacy_data_table_0306,code,VARCHAR(100),NO,Column 3 of table legacy_data_table_0306 used for migration from legacy system department 7
legacy_data_table_0306,status,VARCHAR(30),YES,Column 4 of table legacy_data_table_0306 used for migration from legacy system department 7
legacy_data_table_0306,value_num,DECIMAL(18,4),YES,Column 5 of table legacy_data_table_0306 used for migration from legacy system department 7
legacy_data_table_0306,value_str,TEXT,YES,Column 6 of table legacy_data_table_0306 used for migration from legacy system department 7
legacy_data_table_0306,ref_key,VARCHAR(80),YES,Column 7 of table legacy_data_table_0306 used for migration from legacy system department 7
legacy_data_table_0306,date_val,TIMESTAMP,YES,Column 8 of table legacy_data_table_0306 used for migration from legacy system department 7
legacy_data_table_0306,flag,BOOLEAN,YES,Column 9 of table legacy_data_table_0306 used for migration from legacy system department 7
legacy_data_table_0306,owner,VARCHAR(80),YES,Column 10 of table legacy_data_table_0306 used for migration from legacy system department 7
legacy_data_table_0306,created_at,TIMESTAMP,YES,Column 11 of table legacy_data_table_0306 used for migration from legacy system department 7
legacy_data_table_0306,updated_at,TIMESTAMP,YES,Column 12 of table legacy_data_table_0306 used for migration from legacy system department 7
legacy_data_table_0307,rec_id,VARCHAR(50),NO,Column 1 of table legacy_data_table_0307 used for migration from legacy system department 8
legacy_data_table_0307,label,VARCHAR(255),NO,Column 2 of table legacy_data_table_0307 used for migration from legacy system department 8
legacy_data_table_0307,code,VARCHAR(100),NO,Column 3 of table legacy_data_table_0307 used for migration from legacy system department 8
legacy_data_table_0307,status,VARCHAR(30),YES,Column 4 of table legacy_data_table_0307 used for migration from legacy system department 8
legacy_data_table_0307,value_num,DECIMAL(18,4),YES,Column 5 of table legacy_data_table_0307 used for migration from legacy system department 8
legacy_data_table_0307,value_str,TEXT,YES,Column 6 of table legacy_data_table_0307 used for migration from legacy system department 8
legacy_data_table_0307,ref_key,VARCHAR(80),YES,Column 7 of table legacy_data_table_0307 used for migration from legacy system department 8
legacy_data_table_0307,date_val,TIMESTAMP,YES,Column 8 of table legacy_data_table_0307 used for migration from legacy system department 8
legacy_data_table_0307,flag,BOOLEAN,YES,Column 9 of table legacy_data_table_0307 used for migration from legacy system department 8
legacy_data_table_0307,owner,VARCHAR(80),YES,Column 10 of table legacy_data_table_0307 used for migration from legacy system department 8
legacy_data_table_0307,created_at,TIMESTAMP,YES,Column 11 of table legacy_data_table_0307 used for migration from legacy system department 8
legacy_data_table_0307,updated_at,TIMESTAMP,YES,Column 12 of table legacy_data_table_0307 used for migration from legacy system department 8
legacy_data_table_0308,rec_id,VARCHAR(50),NO,Column 1 of table legacy_data_table_0308 used for migration from legacy system department 9
legacy_data_table_0308,label,VARCHAR(255),NO,Column 2 of table legacy_data_table_0308 used for migration from legacy system department 9
legacy_data_table_0308,code,VARCHAR(100),NO,Column 3 of table legacy_data_table_0308 used for migration from legacy system department 9
legacy_data_table_0308,status,VARCHAR(30),YES,Column 4 of table legacy_data_table_0308 used for migration from legacy system department 9
legacy_data_table_0308,value_num,DECIMAL(18,4),YES,Column 5 of table legacy_data_table_0308 used for migration from legacy system department 9
legacy_data_table_0308,value_str,TEXT,YES,Column 6 of table legacy_data_table_0308 used for migration from legacy system department 9
legacy_data_table_0308,ref_key,VARCHAR(80),YES,Column 7 of table legacy_data_table_0308 used for migration from legacy system department 9
legacy_data_table_0308,date_val,TIMESTAMP,YES,Column 8 of table legacy_data_table_0308 used for migration from legacy system department 9
legacy_data_table_0308,flag,BOOLEAN,YES,Column 9 of table legacy_data_table_0308 used for migration from legacy system department 9
legacy_data_table_0308,owner,VARCHAR(80),YES,Column 10 of table legacy_data_table_0308 used for migration from legacy system department 9
legacy_data_table_0308,created_at,TIMESTAMP,YES,Column 11 of table legacy_data_table_0308 used for migration from legacy system department 9
legacy_data_table_0308,updated_at,TIMESTAMP,YES,Column 12 of table legacy_data_table_0308 used for migration from legacy system department 9
legacy_data_table_0309,rec_id,VARCHAR(50),NO,Column 1 of table legacy_data_table_0309 used for migration from legacy system department 10
legacy_data_table_0309,label,VARCHAR(255),NO,Column 2 of table legacy_data_table_0309 used for migration from legacy system department 10
legacy_data_table_0309,code,VARCHAR(100),NO,Column 3 of table legacy_data_table_0309 used for migration from legacy system department 10
legacy_data_table_0309,status,VARCHAR(30),YES,Column 4 of table legacy_data_table_0309 used for migration from legacy system department 10
legacy_data_table_0309,value_num,DECIMAL(18,4),YES,Column 5 of table legacy_data_table_0309 used for migration from legacy system department 10
legacy_data_table_0309,value_str,TEXT,YES,Column 6 of table legacy_data_table_0309 used for migration from legacy system department 10
legacy_data_table_0309,ref_key,VARCHAR(80),YES,Column 7 of table legacy_data_table_0309 used for migration from legacy system department 10
legacy_data_table_0309,date_val,TIMESTAMP,YES,Column 8 of table legacy_data_table_0309 used for migration from legacy system department 10
legacy_data_table_0309,flag,BOOLEAN,YES,Column 9 of table legacy_data_table_0309 used for migration from legacy system department 10
legacy_data_table_0309,owner,VARCHAR(80),YES,Column 10 of table legacy_data_table_0309 used for migration from legacy system department 10
legacy_data_table_0309,created_at,TIMESTAMP,YES,Column 11 of table legacy_data_table_0309 used for migration from legacy system department 10
legacy_data_table_0309,updated_at,TIMESTAMP,YES,Column 12 of table legacy_data_table_0309 used for migration from legacy system department 10
legacy_data_table_0310,rec_id,VARCHAR(50),NO,Column 1 of table legacy_data_table_0310 used for migration from legacy system department 11
legacy_data_table_0310,label,VARCHAR(255),NO,Column 2 of table legacy_data_table_0310 used for migration from legacy system department 11
legacy_data_table_0310,code,VARCHAR(100),NO,Column 3 of table legacy_data_table_0310 used for migration from legacy system department 11
legacy_data_table_0310,status,VARCHAR(30),YES,Column 4 of table legacy_data_table_0310 used for migration from legacy system department 11
legacy_data_table_0310,value_num,DECIMAL(18,4),YES,Column 5 of table legacy_data_table_0310 used for migration from legacy system department 11
legacy_data_table_0310,value_str,TEXT,YES,Column 6 of table legacy_data_table_0310 used for migration from legacy system department 11
legacy_data_table_0310,ref_key,VARCHAR(80),YES,Column 7 of table legacy_data_table_0310 used for migration from legacy system department 11
legacy_data_table_0310,date_val,TIMESTAMP,YES,Column 8 of table legacy_data_table_0310 used for migration from legacy system department 11
legacy_data_table_0310,flag,BOOLEAN,YES,Column 9 of table legacy_data_table_0310 used for migration from legacy system department 11
legacy_data_table_0310,owner,VARCHAR(80),YES,Column 10 of table legacy_data_table_0310 used for migration from legacy system department 11
legacy_data_table_0310,created_at,TIMESTAMP,YES,Column 11 of table legacy_data_table_0310 used for migration from legacy system department 11
legacy_data_table_0310,updated_at,TIMESTAMP,YES,Column 12 of table legacy_data_table_0310 used for migration from legacy system department 11
legacy_data_table_0311,rec_id,VARCHAR(50),NO,Column 1 of table legacy_data_table_0311 used for migration from legacy system department 12
legacy_data_table_0311,label,VARCHAR(255),NO,Column 2 of table legacy_data_table_0311 used for migration from legacy system department 12
legacy_data_table_0311,code,VARCHAR(100),NO,Column 3 of table legacy_data_table_0311 used for migration from legacy system department 12
legacy_data_table_0311,status,VARCHAR(30),YES,Column 4 of table legacy_data_table_0311 used for migration from legacy system department 12
legacy_data_table_0311,value_num,DECIMAL(18,4),YES,Column 5 of table legacy_data_table_0311 used for migration from legacy system department 12
legacy_data_table_0311,value_str,TEXT,YES,Column 6 of table legacy_data_table_0311 used for migration from legacy system department 12
legacy_data_table_0311,ref_key,VARCHAR(80),YES,Column 7 of table legacy_data_table_0311 used for migration from legacy system department 12
legacy_data_table_0311,date_val,TIMESTAMP,YES,Column 8 of table legacy_data_table_0311 used for migration from legacy system department 12
legacy_data_table_0311,flag,BOOLEAN,YES,Column 9 of table legacy_data_table_0311 used for migration from legacy system department 12
legacy_data_table_0311,owner,VARCHAR(80),YES,Column 10 of table legacy_data_table_0311 used for migration from legacy system department 12
legacy_data_table_0311,created_at,TIMESTAMP,YES,Column 11 of table legacy_data_table_0311 used for migration from legacy system department 12
legacy_data_table_0311,updated_at,TIMESTAMP,YES,Column 12 of table legacy_data_table_0311 used for migration from legacy system department 12
legacy_data_table_0312,rec_id,VARCHAR(50),NO,Column 1 of table legacy_data_table_0312 used for migration from legacy system department 13
legacy_data_table_0312,label,VARCHAR(255),NO,Column 2 of table legacy_data_table_0312 used for migration from legacy system department 13
legacy_data_table_0312,code,VARCHAR(100),NO,Column 3 of table legacy_data_table_0312 used for migration from legacy system department 13
legacy_data_table_0312,status,VARCHAR(30),YES,Column 4 of table legacy_data_table_0312 used for migration from legacy system department 13
legacy_data_table_0312,value_num,DECIMAL(18,4),YES,Column 5 of table legacy_data_table_0312 used for migration from legacy system department 13
legacy_data_table_0312,value_str,TEXT,YES,Column 6 of table legacy_data_table_0312 used for migration from legacy system department 13
legacy_data_table_0312,ref_key,VARCHAR(80),YES,Column 7 of table legacy_data_table_0312 used for migration from legacy system department 13
legacy_data_table_0312,date_val,TIMESTAMP,YES,Column 8 of table legacy_data_table_0312 used for migration from legacy system department 13
legacy_data_table_0312,flag,BOOLEAN,YES,Column 9 of table legacy_data_table_0312 used for migration from legacy system department 13
legacy_data_table_0312,owner,VARCHAR(80),YES,Column 10 of table legacy_data_table_0312 used for migration from legacy system department 13
legacy_data_table_0312,created_at,TIMESTAMP,YES,Column 11 of table legacy_data_table_0312 used for migration from legacy system department 13
legacy_data_table_0312,updated_at,TIMESTAMP,YES,Column 12 of table legacy_data_table_0312 used for migration from legacy system department 13
legacy_data_table_0313,rec_id,VARCHAR(50),NO,Column 1 of table legacy_data_table_0313 used for migration from legacy system department 14
legacy_data_table_0313,label,VARCHAR(255),NO,Column 2 of table legacy_data_table_0313 used for migration from legacy system department 14
legacy_data_table_0313,code,VARCHAR(100),NO,Column 3 of table legacy_data_table_0313 used for migration from legacy system department 14
legacy_data_table_0313,status,VARCHAR(30),YES,Column 4 of table legacy_data_table_0313 used for migration from legacy system department 14
legacy_data_table_0313,value_num,DECIMAL(18,4),YES,Column 5 of table legacy_data_table_0313 used for migration from legacy system department 14
legacy_data_table_0313,value_str,TEXT,YES,Column 6 of table legacy_data_table_0313 used for migration from legacy system department 14
legacy_data_table_0313,ref_key,VARCHAR(80),YES,Column 7 of table legacy_data_table_0313 used for migration from legacy system department 14
legacy_data_table_0313,date_val,TIMESTAMP,YES,Column 8 of table legacy_data_table_0313 used for migration from legacy system department 14
legacy_data_table_0313,flag,BOOLEAN,YES,Column 9 of table legacy_data_table_0313 used for migration from legacy system department 14
legacy_data_table_0313,owner,VARCHAR(80),YES,Column 10 of table legacy_data_table_0313 used for migration from legacy system department 14
legacy_data_table_0313,created_at,TIMESTAMP,YES,Column 11 of table legacy_data_table_0313 used for migration from legacy system department 14
legacy_data_table_0313,updated_at,TIMESTAMP,YES,Column 12 of table legacy_data_table_0313 used for migration from legacy system department 14
legacy_data_table_0314,rec_id,VARCHAR(50),NO,Column 1 of table legacy_data_table_0314 used for migration from legacy system department 15
legacy_data_table_0314,label,VARCHAR(255),NO,Column 2 of table legacy_data_table_0314 used for migration from legacy system department 15
legacy_data_table_0314,code,VARCHAR(100),NO,Column 3 of table legacy_data_table_0314 used for migration from legacy system department 15
legacy_data_table_0314,status,VARCHAR(30),YES,Column 4 of table legacy_data_table_0314 used for migration from legacy system department 15
legacy_data_table_0314,value_num,DECIMAL(18,4),YES,Column 5 of table legacy_data_table_0314 used for migration from legacy system department 15
legacy_data_table_0314,value_str,TEXT,YES,Column 6 of table legacy_data_table_0314 used for migration from legacy system department 15
legacy_data_table_0314,ref_key,VARCHAR(80),YES,Column 7 of table legacy_data_table_0314 used for migration from legacy system department 15
legacy_data_table_0314,date_val,TIMESTAMP,YES,Column 8 of table legacy_data_table_0314 used for migration from legacy system department 15
legacy_data_table_0314,flag,BOOLEAN,YES,Column 9 of table legacy_data_table_0314 used for migration from legacy system department 15
legacy_data_table_0314,owner,VARCHAR(80),YES,Column 10 of table legacy_data_table_0314 used for migration from legacy system department 15
legacy_data_table_0314,created_at,TIMESTAMP,YES,Column 11 of table legacy_data_table_0314 used for migration from legacy system department 15
legacy_data_table_0314,updated_at,TIMESTAMP,YES,Column 12 of table legacy_data_table_0314 used for migration from legacy system department 15
legacy_data_table_0315,rec_id,VARCHAR(50),NO,Column 1 of table legacy_data_table_0315 used for migration from legacy system department 16
legacy_data_table_0315,label,VARCHAR(255),NO,Column 2 of table legacy_data_table_0315 used for migration from legacy system department 16
legacy_data_table_0315,code,VARCHAR(100),NO,Column 3 of table legacy_data_table_0315 used for migration from legacy system department 16
legacy_data_table_0315,status,VARCHAR(30),YES,Column 4 of table legacy_data_table_0315 used for migration from legacy system department 16
legacy_data_table_0315,value_num,DECIMAL(18,4),YES,Column 5 of table legacy_data_table_0315 used for migration from legacy system department 16
legacy_data_table_0315,value_str,TEXT,YES,Column 6 of table legacy_data_table_0315 used for migration from legacy system department 16
legacy_data_table_0315,ref_key,VARCHAR(80),YES,Column 7 of table legacy_data_table_0315 used for migration from legacy system department 16
legacy_data_table_0315,date_val,TIMESTAMP,YES,Column 8 of table legacy_data_table_0315 used for migration from legacy system department 16
legacy_data_table_0315,flag,BOOLEAN,YES,Column 9 of table legacy_data_table_0315 used for migration from legacy system department 16
legacy_data_table_0315,owner,VARCHAR(80),YES,Column 10 of table legacy_data_table_0315 used for migration from legacy system department 16
legacy_data_table_0315,created_at,TIMESTAMP,YES,Column 11 of table legacy_data_table_0315 used for migration from legacy system department 16
legacy_data_table_0315,updated_at,TIMESTAMP,YES,Column 12 of table legacy_data_table_0315 used for migration from legacy system department 16
legacy_data_table_0316,rec_id,VARCHAR(50),NO,Column 1 of table legacy_data_table_0316 used for migration from legacy system department 17
legacy_data_table_0316,label,VARCHAR(255),NO,Column 2 of table legacy_data_table_0316 used for migration from legacy system department 17
legacy_data_table_0316,code,VARCHAR(100),NO,Column 3 of table legacy_data_table_0316 used for migration from legacy system department 17
legacy_data_table_0316,status,VARCHAR(30),YES,Column 4 of table legacy_data_table_0316 used for migration from legacy system department 17
legacy_data_table_0316,value_num,DECIMAL(18,4),YES,Column 5 of table legacy_data_table_0316 used for migration from legacy system department 17
legacy_data_table_0316,value_str,TEXT,YES,Column 6 of table legacy_data_table_0316 used for migration from legacy system department 17
legacy_data_table_0316,ref_key,VARCHAR(80),YES,Column 7 of table legacy_data_table_0316 used for migration from legacy system department 17
legacy_data_table_0316,date_val,TIMESTAMP,YES,Column 8 of table legacy_data_table_0316 used for migration from legacy system department 17
legacy_data_table_0316,flag,BOOLEAN,YES,Column 9 of table legacy_data_table_0316 used for migration from legacy system department 17
legacy_data_table_0316,owner,VARCHAR(80),YES,Column 10 of table legacy_data_table_0316 used for migration from legacy system department 17
legacy_data_table_0316,created_at,TIMESTAMP,YES,Column 11 of table legacy_data_table_0316 used for migration from legacy system department 17
legacy_data_table_0316,updated_at,TIMESTAMP,YES,Column 12 of table legacy_data_table_0316 used for migration from legacy system department 17
legacy_data_table_0317,rec_id,VARCHAR(50),NO,Column 1 of table legacy_data_table_0317 used for migration from legacy system department 18
legacy_data_table_0317,label,VARCHAR(255),NO,Column 2 of table legacy_data_table_0317 used for migration from legacy system department 18
legacy_data_table_0317,code,VARCHAR(100),NO,Column 3 of table legacy_data_table_0317 used for migration from legacy system department 18
legacy_data_table_0317,status,VARCHAR(30),YES,Column 4 of table legacy_data_table_0317 used for migration from legacy system department 18
legacy_data_table_0317,value_num,DECIMAL(18,4),YES,Column 5 of table legacy_data_table_0317 used for migration from legacy system department 18
legacy_data_table_0317,value_str,TEXT,YES,Column 6 of table legacy_data_table_0317 used for migration from legacy system department 18
legacy_data_table_0317,ref_key,VARCHAR(80),YES,Column 7 of table legacy_data_table_0317 used for migration from legacy system department 18
legacy_data_table_0317,date_val,TIMESTAMP,YES,Column 8 of table legacy_data_table_0317 used for migration from legacy system department 18
legacy_data_table_0317,flag,BOOLEAN,YES,Column 9 of table legacy_data_table_0317 used for migration from legacy system department 18
legacy_data_table_0317,owner,VARCHAR(80),YES,Column 10 of table legacy_data_table_0317 used for migration from legacy system department 18
legacy_data_table_0317,created_at,TIMESTAMP,YES,Column 11 of table legacy_data_table_0317 used for migration from legacy system department 18
legacy_data_table_0317,updated_at,TIMESTAMP,YES,Column 12 of table legacy_data_table_0317 used for migration from legacy system department 18
legacy_data_table_0318,rec_id,VARCHAR(50),NO,Column 1 of table legacy_data_table_0318 used for migration from legacy system department 19
legacy_data_table_0318,label,VARCHAR(255),NO,Column 2 of table legacy_data_table_0318 used for migration from legacy system department 19
legacy_data_table_0318,code,VARCHAR(100),NO,Column 3 of table legacy_data_table_0318 used for migration from legacy system department 19
legacy_data_table_0318,status,VARCHAR(30),YES,Column 4 of table legacy_data_table_0318 used for migration from legacy system department 19
legacy_data_table_0318,value_num,DECIMAL(18,4),YES,Column 5 of table legacy_data_table_0318 used for migration from legacy system department 19
legacy_data_table_0318,value_str,TEXT,YES,Column 6 of table legacy_data_table_0318 used for migration from legacy system department 19
legacy_data_table_0318,ref_key,VARCHAR(80),YES,Column 7 of table legacy_data_table_0318 used for migration from legacy system department 19
legacy_data_table_0318,date_val,TIMESTAMP,YES,Column 8 of table legacy_data_table_0318 used for migration from legacy system department 19
legacy_data_table_0318,flag,BOOLEAN,YES,Column 9 of table legacy_data_table_0318 used for migration from legacy system department 19
legacy_data_table_0318,owner,VARCHAR(80),YES,Column 10 of table legacy_data_table_0318 used for migration from legacy system department 19
legacy_data_table_0318,created_at,TIMESTAMP,YES,Column 11 of table legacy_data_table_0318 used for migration from legacy system department 19
legacy_data_table_0318,updated_at,TIMESTAMP,YES,Column 12 of table legacy_data_table_0318 used for migration from legacy system department 19
legacy_data_table_0319,rec_id,VARCHAR(50),NO,Column 1 of table legacy_data_table_0319 used for migration from legacy system department 20
legacy_data_table_0319,label,VARCHAR(255),NO,Column 2 of table legacy_data_table_0319 used for migration from legacy system department 20
legacy_data_table_0319,code,VARCHAR(100),NO,Column 3 of table legacy_data_table_0319 used for migration from legacy system department 20
legacy_data_table_0319,status,VARCHAR(30),YES,Column 4 of table legacy_data_table_0319 used for migration from legacy system department 20
legacy_data_table_0319,value_num,DECIMAL(18,4),YES,Column 5 of table legacy_data_table_0319 used for migration from legacy system department 20
legacy_data_table_0319,value_str,TEXT,YES,Column 6 of table legacy_data_table_0319 used for migration from legacy system department 20
legacy_data_table_0319,ref_key,VARCHAR(80),YES,Column 7 of table legacy_data_table_0319 used for migration from legacy system department 20
legacy_data_table_0319,date_val,TIMESTAMP,YES,Column 8 of table legacy_data_table_0319 used for migration from legacy system department 20
legacy_data_table_0319,flag,BOOLEAN,YES,Column 9 of table legacy_data_table_0319 used for migration from legacy system department 20
legacy_data_table_0319,owner,VARCHAR(80),YES,Column 10 of table legacy_data_table_0319 used for migration from legacy system department 20
legacy_data_table_0319,created_at,TIMESTAMP,YES,Column 11 of table legacy_data_table_0319 used for migration from legacy system department 20
legacy_data_table_0319,updated_at,TIMESTAMP,YES,Column 12 of table legacy_data_table_0319 used for migration from legacy system department 20
legacy_data_table_0320,rec_id,VARCHAR(50),NO,Column 1 of table legacy_data_table_0320 used for migration from legacy system department 1
legacy_data_table_0320,label,VARCHAR(255),NO,Column 2 of table legacy_data_table_0320 used for migration from legacy system department 1
legacy_data_table_0320,code,VARCHAR(100),NO,Column 3 of table legacy_data_table_0320 used for migration from legacy system department 1
legacy_data_table_0320,status,VARCHAR(30),YES,Column 4 of table legacy_data_table_0320 used for migration from legacy system department 1
legacy_data_table_0320,value_num,DECIMAL(18,4),YES,Column 5 of table legacy_data_table_0320 used for migration from legacy system department 1
legacy_data_table_0320,value_str,TEXT,YES,Column 6 of table legacy_data_table_0320 used for migration from legacy system department 1
legacy_data_table_0320,ref_key,VARCHAR(80),YES,Column 7 of table legacy_data_table_0320 used for migration from legacy system department 1
legacy_data_table_0320,date_val,TIMESTAMP,YES,Column 8 of table legacy_data_table_0320 used for migration from legacy system department 1
legacy_data_table_0320,flag,BOOLEAN,YES,Column 9 of table legacy_data_table_0320 used for migration from legacy system department 1
legacy_data_table_0320,owner,VARCHAR(80),YES,Column 10 of table legacy_data_table_0320 used for migration from legacy system department 1
legacy_data_table_0320,created_at,TIMESTAMP,YES,Column 11 of table legacy_data_table_0320 used for migration from legacy system department 1
legacy_data_table_0320,updated_at,TIMESTAMP,YES,Column 12 of table legacy_data_table_0320 used for migration from legacy system department 1
legacy_data_table_0321,rec_id,VARCHAR(50),NO,Column 1 of table legacy_data_table_0321 used for migration from legacy system department 2
legacy_data_table_0321,label,VARCHAR(255),NO,Column 2 of table legacy_data_table_0321 used for migration from legacy system department 2
legacy_data_table_0321,code,VARCHAR(100),NO,Column 3 of table legacy_data_table_0321 used for migration from legacy system department 2
legacy_data_table_0321,status,VARCHAR(30),YES,Column 4 of table legacy_data_table_0321 used for migration from legacy system department 2
legacy_data_table_0321,value_num,DECIMAL(18,4),YES,Column 5 of table legacy_data_table_0321 used for migration from legacy system department 2
legacy_data_table_0321,value_str,TEXT,YES,Column 6 of table legacy_data_table_0321 used for migration from legacy system department 2
legacy_data_table_0321,ref_key,VARCHAR(80),YES,Column 7 of table legacy_data_table_0321 used for migration from legacy system department 2
legacy_data_table_0321,date_val,TIMESTAMP,YES,Column 8 of table legacy_data_table_0321 used for migration from legacy system department 2
legacy_data_table_0321,flag,BOOLEAN,YES,Column 9 of table legacy_data_table_0321 used for migration from legacy system department 2
legacy_data_table_0321,owner,VARCHAR(80),YES,Column 10 of table legacy_data_table_0321 used for migration from legacy system department 2
legacy_data_table_0321,created_at,TIMESTAMP,YES,Column 11 of table legacy_data_table_0321 used for migration from legacy system department 2
legacy_data_table_0321,updated_at,TIMESTAMP,YES,Column 12 of table legacy_data_table_0321 used for migration from legacy system department 2
legacy_data_table_0322,rec_id,VARCHAR(50),NO,Column 1 of table legacy_data_table_0322 used for migration from legacy system department 3
legacy_data_table_0322,label,VARCHAR(255),NO,Column 2 of table legacy_data_table_0322 used for migration from legacy system department 3
legacy_data_table_0322,code,VARCHAR(100),NO,Column 3 of table legacy_data_table_0322 used for migration from legacy system department 3
legacy_data_table_0322,status,VARCHAR(30),YES,Column 4 of table legacy_data_table_0322 used for migration from legacy system department 3
legacy_data_table_0322,value_num,DECIMAL(18,4),YES,Column 5 of table legacy_data_table_0322 used for migration from legacy system department 3
legacy_data_table_0322,value_str,TEXT,YES,Column 6 of table legacy_data_table_0322 used for migration from legacy system department 3
legacy_data_table_0322,ref_key,VARCHAR(80),YES,Column 7 of table legacy_data_table_0322 used for migration from legacy system department 3
legacy_data_table_0322,date_val,TIMESTAMP,YES,Column 8 of table legacy_data_table_0322 used for migration from legacy system department 3
legacy_data_table_0322,flag,BOOLEAN,YES,Column 9 of table legacy_data_table_0322 used for migration from legacy system department 3
legacy_data_table_0322,owner,VARCHAR(80),YES,Column 10 of table legacy_data_table_0322 used for migration from legacy system department 3
legacy_data_table_0322,created_at,TIMESTAMP,YES,Column 11 of table legacy_data_table_0322 used for migration from legacy system department 3
legacy_data_table_0322,updated_at,TIMESTAMP,YES,Column 12 of table legacy_data_table_0322 used for migration from legacy system department 3
legacy_data_table_0323,rec_id,VARCHAR(50),NO,Column 1 of table legacy_data_table_0323 used for migration from legacy system department 4
legacy_data_table_0323,label,VARCHAR(255),NO,Column 2 of table legacy_data_table_0323 used for migration from legacy system department 4
legacy_data_table_0323,code,VARCHAR(100),NO,Column 3 of table legacy_data_table_0323 used for migration from legacy system department 4
legacy_data_table_0323,status,VARCHAR(30),YES,Column 4 of table legacy_data_table_0323 used for migration from legacy system department 4
legacy_data_table_0323,value_num,DECIMAL(18,4),YES,Column 5 of table legacy_data_table_0323 used for migration from legacy system department 4
legacy_data_table_0323,value_str,TEXT,YES,Column 6 of table legacy_data_table_0323 used for migration from legacy system department 4
legacy_data_table_0323,ref_key,VARCHAR(80),YES,Column 7 of table legacy_data_table_0323 used for migration from legacy system department 4
legacy_data_table_0323,date_val,TIMESTAMP,YES,Column 8 of table legacy_data_table_0323 used for migration from legacy system department 4
legacy_data_table_0323,flag,BOOLEAN,YES,Column 9 of table legacy_data_table_0323 used for migration from legacy system department 4
legacy_data_table_0323,owner,VARCHAR(80),YES,Column 10 of table legacy_data_table_0323 used for migration from legacy system department 4
legacy_data_table_0323,created_at,TIMESTAMP,YES,Column 11 of table legacy_data_table_0323 used for migration from legacy system department 4
legacy_data_table_0323,updated_at,TIMESTAMP,YES,Column 12 of table legacy_data_table_0323 used for migration from legacy system department 4
legacy_data_table_0324,rec_id,VARCHAR(50),NO,Column 1 of table legacy_data_table_0324 used for migration from legacy system department 5
legacy_data_table_0324,label,VARCHAR(255),NO,Column 2 of table legacy_data_table_0324 used for migration from legacy system department 5
legacy_data_table_0324,code,VARCHAR(100),NO,Column 3 of table legacy_data_table_0324 used for migration from legacy system department 5
legacy_data_table_0324,status,VARCHAR(30),YES,Column 4 of table legacy_data_table_0324 used for migration from legacy system department 5
legacy_data_table_0324,value_num,DECIMAL(18,4),YES,Column 5 of table legacy_data_table_0324 used for migration from legacy system department 5
legacy_data_table_0324,value_str,TEXT,YES,Column 6 of table legacy_data_table_0324 used for migration from legacy system department 5
legacy_data_table_0324,ref_key,VARCHAR(80),YES,Column 7 of table legacy_data_table_0324 used for migration from legacy system department 5
legacy_data_table_0324,date_val,TIMESTAMP,YES,Column 8 of table legacy_data_table_0324 used for migration from legacy system department 5
legacy_data_table_0324,flag,BOOLEAN,YES,Column 9 of table legacy_data_table_0324 used for migration from legacy system department 5
legacy_data_table_0324,owner,VARCHAR(80),YES,Column 10 of table legacy_data_table_0324 used for migration from legacy system department 5
legacy_data_table_0324,created_at,TIMESTAMP,YES,Column 11 of table legacy_data_table_0324 used for migration from legacy system department 5
legacy_data_table_0324,updated_at,TIMESTAMP,YES,Column 12 of table legacy_data_table_0324 used for migration from legacy system department 5
legacy_data_table_0325,rec_id,VARCHAR(50),NO,Column 1 of table legacy_data_table_0325 used for migration from legacy system department 6
legacy_data_table_0325,label,VARCHAR(255),NO,Column 2 of table legacy_data_table_0325 used for migration from legacy system department 6
legacy_data_table_0325,code,VARCHAR(100),NO,Column 3 of table legacy_data_table_0325 used for migration from legacy system department 6
legacy_data_table_0325,status,VARCHAR(30),YES,Column 4 of table legacy_data_table_0325 used for migration from legacy system department 6
legacy_data_table_0325,value_num,DECIMAL(18,4),YES,Column 5 of table legacy_data_table_0325 used for migration from legacy system department 6
legacy_data_table_0325,value_str,TEXT,YES,Column 6 of table legacy_data_table_0325 used for migration from legacy system department 6
legacy_data_table_0325,ref_key,VARCHAR(80),YES,Column 7 of table legacy_data_table_0325 used for migration from legacy system department 6
legacy_data_table_0325,date_val,TIMESTAMP,YES,Column 8 of table legacy_data_table_0325 used for migration from legacy system department 6
legacy_data_table_0325,flag,BOOLEAN,YES,Column 9 of table legacy_data_table_0325 used for migration from legacy system department 6
legacy_data_table_0325,owner,VARCHAR(80),YES,Column 10 of table legacy_data_table_0325 used for migration from legacy system department 6
legacy_data_table_0325,created_at,TIMESTAMP,YES,Column 11 of table legacy_data_table_0325 used for migration from legacy system department 6
legacy_data_table_0325,updated_at,TIMESTAMP,YES,Column 12 of table legacy_data_table_0325 used for migration from legacy system department 6
legacy_data_table_0326,rec_id,VARCHAR(50),NO,Column 1 of table legacy_data_table_0326 used for migration from legacy system department 7
legacy_data_table_0326,label,VARCHAR(255),NO,Column 2 of table legacy_data_table_0326 used for migration from legacy system department 7
legacy_data_table_0326,code,VARCHAR(100),NO,Column 3 of table legacy_data_table_0326 used for migration from legacy system department 7
legacy_data_table_0326,status,VARCHAR(30),YES,Column 4 of table legacy_data_table_0326 used for migration from legacy system department 7
legacy_data_table_0326,value_num,DECIMAL(18,4),YES,Column 5 of table legacy_data_table_0326 used for migration from legacy system department 7
legacy_data_table_0326,value_str,TEXT,YES,Column 6 of table legacy_data_table_0326 used for migration from legacy system department 7
legacy_data_table_0326,ref_key,VARCHAR(80),YES,Column 7 of table legacy_data_table_0326 used for migration from legacy system department 7
legacy_data_table_0326,date_val,TIMESTAMP,YES,Column 8 of table legacy_data_table_0326 used for migration from legacy system department 7
legacy_data_table_0326,flag,BOOLEAN,YES,Column 9 of table legacy_data_table_0326 used for migration from legacy system department 7
legacy_data_table_0326,owner,VARCHAR(80),YES,Column 10 of table legacy_data_table_0326 used for migration from legacy system department 7
legacy_data_table_0326,created_at,TIMESTAMP,YES,Column 11 of table legacy_data_table_0326 used for migration from legacy system department 7
legacy_data_table_0326,updated_at,TIMESTAMP,YES,Column 12 of table legacy_data_table_0326 used for migration from legacy system department 7
legacy_data_table_0327,rec_id,VARCHAR(50),NO,Column 1 of table legacy_data_table_0327 used for migration from legacy system department 8
legacy_data_table_0327,label,VARCHAR(255),NO,Column 2 of table legacy_data_table_0327 used for migration from legacy system department 8
legacy_data_table_0327,code,VARCHAR(100),NO,Column 3 of table legacy_data_table_0327 used for migration from legacy system department 8
legacy_data_table_0327,status,VARCHAR(30),YES,Column 4 of table legacy_data_table_0327 used for migration from legacy system department 8
legacy_data_table_0327,value_num,DECIMAL(18,4),YES,Column 5 of table legacy_data_table_0327 used for migration from legacy system department 8
legacy_data_table_0327,value_str,TEXT,YES,Column 6 of table legacy_data_table_0327 used for migration from legacy system department 8
legacy_data_table_0327,ref_key,VARCHAR(80),YES,Column 7 of table legacy_data_table_0327 used for migration from legacy system department 8
legacy_data_table_0327,date_val,TIMESTAMP,YES,Column 8 of table legacy_data_table_0327 used for migration from legacy system department 8
legacy_data_table_0327,flag,BOOLEAN,YES,Column 9 of table legacy_data_table_0327 used for migration from legacy system department 8
legacy_data_table_0327,owner,VARCHAR(80),YES,Column 10 of table legacy_data_table_0327 used for migration from legacy system department 8
legacy_data_table_0327,created_at,TIMESTAMP,YES,Column 11 of table legacy_data_table_0327 used for migration from legacy system department 8
legacy_data_table_0327,updated_at,TIMESTAMP,YES,Column 12 of table legacy_data_table_0327 used for migration from legacy system department 8
legacy_data_table_0328,rec_id,VARCHAR(50),NO,Column 1 of table legacy_data_table_0328 used for migration from legacy system department 9
legacy_data_table_0328,label,VARCHAR(255),NO,Column 2 of table legacy_data_table_0328 used for migration from legacy system department 9
legacy_data_table_0328,code,VARCHAR(100),NO,Column 3 of table legacy_data_table_0328 used for migration from legacy system department 9
legacy_data_table_0328,status,VARCHAR(30),YES,Column 4 of table legacy_data_table_0328 used for migration from legacy system department 9
legacy_data_table_0328,value_num,DECIMAL(18,4),YES,Column 5 of table legacy_data_table_0328 used for migration from legacy system department 9
legacy_data_table_0328,value_str,TEXT,YES,Column 6 of table legacy_data_table_0328 used for migration from legacy system department 9
legacy_data_table_0328,ref_key,VARCHAR(80),YES,Column 7 of table legacy_data_table_0328 used for migration from legacy system department 9
legacy_data_table_0328,date_val,TIMESTAMP,YES,Column 8 of table legacy_data_table_0328 used for migration from legacy system department 9
legacy_data_table_0328,flag,BOOLEAN,YES,Column 9 of table legacy_data_table_0328 used for migration from legacy system department 9
legacy_data_table_0328,owner,VARCHAR(80),YES,Column 10 of table legacy_data_table_0328 used for migration from legacy system department 9
legacy_data_table_0328,created_at,TIMESTAMP,YES,Column 11 of table legacy_data_table_0328 used for migration from legacy system department 9
legacy_data_table_0328,updated_at,TIMESTAMP,YES,Column 12 of table legacy_data_table_0328 used for migration from legacy system department 9
legacy_data_table_0329,rec_id,VARCHAR(50),NO,Column 1 of table legacy_data_table_0329 used for migration from legacy system department 10
legacy_data_table_0329,label,VARCHAR(255),NO,Column 2 of table legacy_data_table_0329 used for migration from legacy system department 10
legacy_data_table_0329,code,VARCHAR(100),NO,Column 3 of table legacy_data_table_0329 used for migration from legacy system department 10
legacy_data_table_0329,status,VARCHAR(30),YES,Column 4 of table legacy_data_table_0329 used for migration from legacy system department 10
legacy_data_table_0329,value_num,DECIMAL(18,4),YES,Column 5 of table legacy_data_table_0329 used for migration from legacy system department 10
legacy_data_table_0329,value_str,TEXT,YES,Column 6 of table legacy_data_table_0329 used for migration from legacy system department 10
legacy_data_table_0329,ref_key,VARCHAR(80),YES,Column 7 of table legacy_data_table_0329 used for migration from legacy system department 10
legacy_data_table_0329,date_val,TIMESTAMP,YES,Column 8 of table legacy_data_table_0329 used for migration from legacy system department 10
legacy_data_table_0329,flag,BOOLEAN,YES,Column 9 of table legacy_data_table_0329 used for migration from legacy system department 10
legacy_data_table_0329,owner,VARCHAR(80),YES,Column 10 of table legacy_data_table_0329 used for migration from legacy system department 10
legacy_data_table_0329,created_at,TIMESTAMP,YES,Column 11 of table legacy_data_table_0329 used for migration from legacy system department 10
legacy_data_table_0329,updated_at,TIMESTAMP,YES,Column 12 of table legacy_data_table_0329 used for migration from legacy system department 10
legacy_data_table_0330,rec_id,VARCHAR(50),NO,Column 1 of table legacy_data_table_0330 used for migration from legacy system department 11
legacy_data_table_0330,label,VARCHAR(255),NO,Column 2 of table legacy_data_table_0330 used for migration from legacy system department 11
legacy_data_table_0330,code,VARCHAR(100),NO,Column 3 of table legacy_data_table_0330 used for migration from legacy system department 11
legacy_data_table_0330,status,VARCHAR(30),YES,Column 4 of table legacy_data_table_0330 used for migration from legacy system department 11
legacy_data_table_0330,value_num,DECIMAL(18,4),YES,Column 5 of table legacy_data_table_0330 used for migration from legacy system department 11
legacy_data_table_0330,value_str,TEXT,YES,Column 6 of table legacy_data_table_0330 used for migration from legacy system department 11
legacy_data_table_0330,ref_key,VARCHAR(80),YES,Column 7 of table legacy_data_table_0330 used for migration from legacy system department 11
legacy_data_table_0330,date_val,TIMESTAMP,YES,Column 8 of table legacy_data_table_0330 used for migration from legacy system department 11
legacy_data_table_0330,flag,BOOLEAN,YES,Column 9 of table legacy_data_table_0330 used for migration from legacy system department 11
legacy_data_table_0330,owner,VARCHAR(80),YES,Column 10 of table legacy_data_table_0330 used for migration from legacy system department 11
legacy_data_table_0330,created_at,TIMESTAMP,YES,Column 11 of table legacy_data_table_0330 used for migration from legacy system department 11
legacy_data_table_0330,updated_at,TIMESTAMP,YES,Column 12 of table legacy_data_table_0330 used for migration from legacy system department 11
legacy_data_table_0331,rec_id,VARCHAR(50),NO,Column 1 of table legacy_data_table_0331 used for migration from legacy system department 12
legacy_data_table_0331,label,VARCHAR(255),NO,Column 2 of table legacy_data_table_0331 used for migration from legacy system department 12
legacy_data_table_0331,code,VARCHAR(100),NO,Column 3 of table legacy_data_table_0331 used for migration from legacy system department 12
legacy_data_table_0331,status,VARCHAR(30),YES,Column 4 of table legacy_data_table_0331 used for migration from legacy system department 12
legacy_data_table_0331,value_num,DECIMAL(18,4),YES,Column 5 of table legacy_data_table_0331 used for migration from legacy system department 12
legacy_data_table_0331,value_str,TEXT,YES,Column 6 of table legacy_data_table_0331 used for migration from legacy system department 12
legacy_data_table_0331,ref_key,VARCHAR(80),YES,Column 7 of table legacy_data_table_0331 used for migration from legacy system department 12
legacy_data_table_0331,date_val,TIMESTAMP,YES,Column 8 of table legacy_data_table_0331 used for migration from legacy system department 12
legacy_data_table_0331,flag,BOOLEAN,YES,Column 9 of table legacy_data_table_0331 used for migration from legacy system department 12
legacy_data_table_0331,owner,VARCHAR(80),YES,Column 10 of table legacy_data_table_0331 used for migration from legacy system department 12
legacy_data_table_0331,created_at,TIMESTAMP,YES,Column 11 of table legacy_data_table_0331 used for migration from legacy system department 12
legacy_data_table_0331,updated_at,TIMESTAMP,YES,Column 12 of table legacy_data_table_0331 used for migration from legacy system department 12
legacy_data_table_0332,rec_id,VARCHAR(50),NO,Column 1 of table legacy_data_table_0332 used for migration from legacy system department 13
legacy_data_table_0332,label,VARCHAR(255),NO,Column 2 of table legacy_data_table_0332 used for migration from legacy system department 13
legacy_data_table_0332,code,VARCHAR(100),NO,Column 3 of table legacy_data_table_0332 used for migration from legacy system department 13
legacy_data_table_0332,status,VARCHAR(30),YES,Column 4 of table legacy_data_table_0332 used for migration from legacy system department 13
legacy_data_table_0332,value_num,DECIMAL(18,4),YES,Column 5 of table legacy_data_table_0332 used for migration from legacy system department 13
legacy_data_table_0332,value_str,TEXT,YES,Column 6 of table legacy_data_table_0332 used for migration from legacy system department 13
legacy_data_table_0332,ref_key,VARCHAR(80),YES,Column 7 of table legacy_data_table_0332 used for migration from legacy system department 13
legacy_data_table_0332,date_val,TIMESTAMP,YES,Column 8 of table legacy_data_table_0332 used for migration from legacy system department 13
legacy_data_table_0332,flag,BOOLEAN,YES,Column 9 of table legacy_data_table_0332 used for migration from legacy system department 13
legacy_data_table_0332,owner,VARCHAR(80),YES,Column 10 of table legacy_data_table_0332 used for migration from legacy system department 13
legacy_data_table_0332,created_at,TIMESTAMP,YES,Column 11 of table legacy_data_table_0332 used for migration from legacy system department 13
legacy_data_table_0332,updated_at,TIMESTAMP,YES,Column 12 of table legacy_data_table_0332 used for migration from legacy system department 13
legacy_data_table_0333,rec_id,VARCHAR(50),NO,Column 1 of table legacy_data_table_0333 used for migration from legacy system department 14
legacy_data_table_0333,label,VARCHAR(255),NO,Column 2 of table legacy_data_table_0333 used for migration from legacy system department 14
legacy_data_table_0333,code,VARCHAR(100),NO,Column 3 of table legacy_data_table_0333 used for migration from legacy system department 14
legacy_data_table_0333,status,VARCHAR(30),YES,Column 4 of table legacy_data_table_0333 used for migration from legacy system department 14
legacy_data_table_0333,value_num,DECIMAL(18,4),YES,Column 5 of table legacy_data_table_0333 used for migration from legacy system department 14
legacy_data_table_0333,value_str,TEXT,YES,Column 6 of table legacy_data_table_0333 used for migration from legacy system department 14
legacy_data_table_0333,ref_key,VARCHAR(80),YES,Column 7 of table legacy_data_table_0333 used for migration from legacy system department 14
legacy_data_table_0333,date_val,TIMESTAMP,YES,Column 8 of table legacy_data_table_0333 used for migration from legacy system department 14
legacy_data_table_0333,flag,BOOLEAN,YES,Column 9 of table legacy_data_table_0333 used for migration from legacy system department 14
legacy_data_table_0333,owner,VARCHAR(80),YES,Column 10 of table legacy_data_table_0333 used for migration from legacy system department 14
legacy_data_table_0333,created_at,TIMESTAMP,YES,Column 11 of table legacy_data_table_0333 used for migration from legacy system department 14
legacy_data_table_0333,updated_at,TIMESTAMP,YES,Column 12 of table legacy_data_table_0333 used for migration from legacy system department 14
legacy_data_table_0334,rec_id,VARCHAR(50),NO,Column 1 of table legacy_data_table_0334 used for migration from legacy system department 15
legacy_data_table_0334,label,VARCHAR(255),NO,Column 2 of table legacy_data_table_0334 used for migration from legacy system department 15
legacy_data_table_0334,code,VARCHAR(100),NO,Column 3 of table legacy_data_table_0334 used for migration from legacy system department 15
legacy_data_table_0334,status,VARCHAR(30),YES,Column 4 of table legacy_data_table_0334 used for migration from legacy system department 15
legacy_data_table_0334,value_num,DECIMAL(18,4),YES,Column 5 of table legacy_data_table_0334 used for migration from legacy system department 15
legacy_data_table_0334,value_str,TEXT,YES,Column 6 of table legacy_data_table_0334 used for migration from legacy system department 15
legacy_data_table_0334,ref_key,VARCHAR(80),YES,Column 7 of table legacy_data_table_0334 used for migration from legacy system department 15
legacy_data_table_0334,date_val,TIMESTAMP,YES,Column 8 of table legacy_data_table_0334 used for migration from legacy system department 15
legacy_data_table_0334,flag,BOOLEAN,YES,Column 9 of table legacy_data_table_0334 used for migration from legacy system department 15
legacy_data_table_0334,owner,VARCHAR(80),YES,Column 10 of table legacy_data_table_0334 used for migration from legacy system department 15
legacy_data_table_0334,created_at,TIMESTAMP,YES,Column 11 of table legacy_data_table_0334 used for migration from legacy system department 15
legacy_data_table_0334,updated_at,TIMESTAMP,YES,Column 12 of table legacy_data_table_0334 used for migration from legacy system department 15
legacy_data_table_0335,rec_id,VARCHAR(50),NO,Column 1 of table legacy_data_table_0335 used for migration from legacy system department 16
legacy_data_table_0335,label,VARCHAR(255),NO,Column 2 of table legacy_data_table_0335 used for migration from legacy system department 16
legacy_data_table_0335,code,VARCHAR(100),NO,Column 3 of table legacy_data_table_0335 used for migration from legacy system department 16
legacy_data_table_0335,status,VARCHAR(30),YES,Column 4 of table legacy_data_table_0335 used for migration from legacy system department 16
legacy_data_table_0335,value_num,DECIMAL(18,4),YES,Column 5 of table legacy_data_table_0335 used for migration from legacy system department 16
legacy_data_table_0335,value_str,TEXT,YES,Column 6 of table legacy_data_table_0335 used for migration from legacy system department 16
legacy_data_table_0335,ref_key,VARCHAR(80),YES,Column 7 of table legacy_data_table_0335 used for migration from legacy system department 16
legacy_data_table_0335,date_val,TIMESTAMP,YES,Column 8 of table legacy_data_table_0335 used for migration from legacy system department 16
legacy_data_table_0335,flag,BOOLEAN,YES,Column 9 of table legacy_data_table_0335 used for migration from legacy system department 16
legacy_data_table_0335,owner,VARCHAR(80),YES,Column 10 of table legacy_data_table_0335 used for migration from legacy system department 16
legacy_data_table_0335,created_at,TIMESTAMP,YES,Column 11 of table legacy_data_table_0335 used for migration from legacy system department 16
legacy_data_table_0335,updated_at,TIMESTAMP,YES,Column 12 of table legacy_data_table_0335 used for migration from legacy system department 16
legacy_data_table_0336,rec_id,VARCHAR(50),NO,Column 1 of table legacy_data_table_0336 used for migration from legacy system department 17
legacy_data_table_0336,label,VARCHAR(255),NO,Column 2 of table legacy_data_table_0336 used for migration from legacy system department 17
legacy_data_table_0336,code,VARCHAR(100),NO,Column 3 of table legacy_data_table_0336 used for migration from legacy system department 17
legacy_data_table_0336,status,VARCHAR(30),YES,Column 4 of table legacy_data_table_0336 used for migration from legacy system department 17
legacy_data_table_0336,value_num,DECIMAL(18,4),YES,Column 5 of table legacy_data_table_0336 used for migration from legacy system department 17
legacy_data_table_0336,value_str,TEXT,YES,Column 6 of table legacy_data_table_0336 used for migration from legacy system department 17
legacy_data_table_0336,ref_key,VARCHAR(80),YES,Column 7 of table legacy_data_table_0336 used for migration from legacy system department 17
legacy_data_table_0336,date_val,TIMESTAMP,YES,Column 8 of table legacy_data_table_0336 used for migration from legacy system department 17
legacy_data_table_0336,flag,BOOLEAN,YES,Column 9 of table legacy_data_table_0336 used for migration from legacy system department 17
legacy_data_table_0336,owner,VARCHAR(80),YES,Column 10 of table legacy_data_table_0336 used for migration from legacy system department 17
legacy_data_table_0336,created_at,TIMESTAMP,YES,Column 11 of table legacy_data_table_0336 used for migration from legacy system department 17
legacy_data_table_0336,updated_at,TIMESTAMP,YES,Column 12 of table legacy_data_table_0336 used for migration from legacy system department 17
legacy_data_table_0337,rec_id,VARCHAR(50),NO,Column 1 of table legacy_data_table_0337 used for migration from legacy system department 18
legacy_data_table_0337,label,VARCHAR(255),NO,Column 2 of table legacy_data_table_0337 used for migration from legacy system department 18
legacy_data_table_0337,code,VARCHAR(100),NO,Column 3 of table legacy_data_table_0337 used for migration from legacy system department 18
legacy_data_table_0337,status,VARCHAR(30),YES,Column 4 of table legacy_data_table_0337 used for migration from legacy system department 18
legacy_data_table_0337,value_num,DECIMAL(18,4),YES,Column 5 of table legacy_data_table_0337 used for migration from legacy system department 18
legacy_data_table_0337,value_str,TEXT,YES,Column 6 of table legacy_data_table_0337 used for migration from legacy system department 18
legacy_data_table_0337,ref_key,VARCHAR(80),YES,Column 7 of table legacy_data_table_0337 used for migration from legacy system department 18
legacy_data_table_0337,date_val,TIMESTAMP,YES,Column 8 of table legacy_data_table_0337 used for migration from legacy system department 18
legacy_data_table_0337,flag,BOOLEAN,YES,Column 9 of table legacy_data_table_0337 used for migration from legacy system department 18
legacy_data_table_0337,owner,VARCHAR(80),YES,Column 10 of table legacy_data_table_0337 used for migration from legacy system department 18
legacy_data_table_0337,created_at,TIMESTAMP,YES,Column 11 of table legacy_data_table_0337 used for migration from legacy system department 18
legacy_data_table_0337,updated_at,TIMESTAMP,YES,Column 12 of table legacy_data_table_0337 used for migration from legacy system department 18
legacy_data_table_0338,rec_id,VARCHAR(50),NO,Column 1 of table legacy_data_table_0338 used for migration from legacy system department 19
legacy_data_table_0338,label,VARCHAR(255),NO,Column 2 of table legacy_data_table_0338 used for migration from legacy system department 19
legacy_data_table_0338,code,VARCHAR(100),NO,Column 3 of table legacy_data_table_0338 used for migration from legacy system department 19
legacy_data_table_0338,status,VARCHAR(30),YES,Column 4 of table legacy_data_table_0338 used for migration from legacy system department 19
legacy_data_table_0338,value_num,DECIMAL(18,4),YES,Column 5 of table legacy_data_table_0338 used for migration from legacy system department 19
legacy_data_table_0338,value_str,TEXT,YES,Column 6 of table legacy_data_table_0338 used for migration from legacy system department 19
legacy_data_table_0338,ref_key,VARCHAR(80),YES,Column 7 of table legacy_data_table_0338 used for migration from legacy system department 19
legacy_data_table_0338,date_val,TIMESTAMP,YES,Column 8 of table legacy_data_table_0338 used for migration from legacy system department 19
legacy_data_table_0338,flag,BOOLEAN,YES,Column 9 of table legacy_data_table_0338 used for migration from legacy system department 19
legacy_data_table_0338,owner,VARCHAR(80),YES,Column 10 of table legacy_data_table_0338 used for migration from legacy system department 19
legacy_data_table_0338,created_at,TIMESTAMP,YES,Column 11 of table legacy_data_table_0338 used for migration from legacy system department 19
legacy_data_table_0338,updated_at,TIMESTAMP,YES,Column 12 of table legacy_data_table_0338 used for migration from legacy system department 19
legacy_data_table_0339,rec_id,VARCHAR(50),NO,Column 1 of table legacy_data_table_0339 used for migration from legacy system department 20
legacy_data_table_0339,label,VARCHAR(255),NO,Column 2 of table legacy_data_table_0339 used for migration from legacy system department 20
legacy_data_table_0339,code,VARCHAR(100),NO,Column 3 of table legacy_data_table_0339 used for migration from legacy system department 20
legacy_data_table_0339,status,VARCHAR(30),YES,Column 4 of table legacy_data_table_0339 used for migration from legacy system department 20
legacy_data_table_0339,value_num,DECIMAL(18,4),YES,Column 5 of table legacy_data_table_0339 used for migration from legacy system department 20
legacy_data_table_0339,value_str,TEXT,YES,Column 6 of table legacy_data_table_0339 used for migration from legacy system department 20
legacy_data_table_0339,ref_key,VARCHAR(80),YES,Column 7 of table legacy_data_table_0339 used for migration from legacy system department 20
legacy_data_table_0339,date_val,TIMESTAMP,YES,Column 8 of table legacy_data_table_0339 used for migration from legacy system department 20
legacy_data_table_0339,flag,BOOLEAN,YES,Column 9 of table legacy_data_table_0339 used for migration from legacy system department 20
legacy_data_table_0339,owner,VARCHAR(80),YES,Column 10 of table legacy_data_table_0339 used for migration from legacy system department 20
legacy_data_table_0339,created_at,TIMESTAMP,YES,Column 11 of table legacy_data_table_0339 used for migration from legacy system department 20
legacy_data_table_0339,updated_at,TIMESTAMP,YES,Column 12 of table legacy_data_table_0339 used for migration from legacy system department 20
legacy_data_table_0340,rec_id,VARCHAR(50),NO,Column 1 of table legacy_data_table_0340 used for migration from legacy system department 1
legacy_data_table_0340,label,VARCHAR(255),NO,Column 2 of table legacy_data_table_0340 used for migration from legacy system department 1
legacy_data_table_0340,code,VARCHAR(100),NO,Column 3 of table legacy_data_table_0340 used for migration from legacy system department 1
legacy_data_table_0340,status,VARCHAR(30),YES,Column 4 of table legacy_data_table_0340 used for migration from legacy system department 1
legacy_data_table_0340,value_num,DECIMAL(18,4),YES,Column 5 of table legacy_data_table_0340 used for migration from legacy system department 1
legacy_data_table_0340,value_str,TEXT,YES,Column 6 of table legacy_data_table_0340 used for migration from legacy system department 1
legacy_data_table_0340,ref_key,VARCHAR(80),YES,Column 7 of table legacy_data_table_0340 used for migration from legacy system department 1
legacy_data_table_0340,date_val,TIMESTAMP,YES,Column 8 of table legacy_data_table_0340 used for migration from legacy system department 1
legacy_data_table_0340,flag,BOOLEAN,YES,Column 9 of table legacy_data_table_0340 used for migration from legacy system department 1
legacy_data_table_0340,owner,VARCHAR(80),YES,Column 10 of table legacy_data_table_0340 used for migration from legacy system department 1
legacy_data_table_0340,created_at,TIMESTAMP,YES,Column 11 of table legacy_data_table_0340 used for migration from legacy system department 1
legacy_data_table_0340,updated_at,TIMESTAMP,YES,Column 12 of table legacy_data_table_0340 used for migration from legacy system department 1
legacy_data_table_0341,rec_id,VARCHAR(50),NO,Column 1 of table legacy_data_table_0341 used for migration from legacy system department 2
legacy_data_table_0341,label,VARCHAR(255),NO,Column 2 of table legacy_data_table_0341 used for migration from legacy system department 2
legacy_data_table_0341,code,VARCHAR(100),NO,Column 3 of table legacy_data_table_0341 used for migration from legacy system department 2
legacy_data_table_0341,status,VARCHAR(30),YES,Column 4 of table legacy_data_table_0341 used for migration from legacy system department 2
legacy_data_table_0341,value_num,DECIMAL(18,4),YES,Column 5 of table legacy_data_table_0341 used for migration from legacy system department 2
legacy_data_table_0341,value_str,TEXT,YES,Column 6 of table legacy_data_table_0341 used for migration from legacy system department 2
legacy_data_table_0341,ref_key,VARCHAR(80),YES,Column 7 of table legacy_data_table_0341 used for migration from legacy system department 2
legacy_data_table_0341,date_val,TIMESTAMP,YES,Column 8 of table legacy_data_table_0341 used for migration from legacy system department 2
legacy_data_table_0341,flag,BOOLEAN,YES,Column 9 of table legacy_data_table_0341 used for migration from legacy system department 2
legacy_data_table_0341,owner,VARCHAR(80),YES,Column 10 of table legacy_data_table_0341 used for migration from legacy system department 2
legacy_data_table_0341,created_at,TIMESTAMP,YES,Column 11 of table legacy_data_table_0341 used for migration from legacy system department 2
legacy_data_table_0341,updated_at,TIMESTAMP,YES,Column 12 of table legacy_data_table_0341 used for migration from legacy system department 2
legacy_data_table_0342,rec_id,VARCHAR(50),NO,Column 1 of table legacy_data_table_0342 used for migration from legacy system department 3
legacy_data_table_0342,label,VARCHAR(255),NO,Column 2 of table legacy_data_table_0342 used for migration from legacy system department 3
legacy_data_table_0342,code,VARCHAR(100),NO,Column 3 of table legacy_data_table_0342 used for migration from legacy system department 3
legacy_data_table_0342,status,VARCHAR(30),YES,Column 4 of table legacy_data_table_0342 used for migration from legacy system department 3
legacy_data_table_0342,value_num,DECIMAL(18,4),YES,Column 5 of table legacy_data_table_0342 used for migration from legacy system department 3
legacy_data_table_0342,value_str,TEXT,YES,Column 6 of table legacy_data_table_0342 used for migration from legacy system department 3
legacy_data_table_0342,ref_key,VARCHAR(80),YES,Column 7 of table legacy_data_table_0342 used for migration from legacy system department 3
legacy_data_table_0342,date_val,TIMESTAMP,YES,Column 8 of table legacy_data_table_0342 used for migration from legacy system department 3
legacy_data_table_0342,flag,BOOLEAN,YES,Column 9 of table legacy_data_table_0342 used for migration from legacy system department 3
legacy_data_table_0342,owner,VARCHAR(80),YES,Column 10 of table legacy_data_table_0342 used for migration from legacy system department 3
legacy_data_table_0342,created_at,TIMESTAMP,YES,Column 11 of table legacy_data_table_0342 used for migration from legacy system department 3
legacy_data_table_0342,updated_at,TIMESTAMP,YES,Column 12 of table legacy_data_table_0342 used for migration from legacy system department 3
legacy_data_table_0343,rec_id,VARCHAR(50),NO,Column 1 of table legacy_data_table_0343 used for migration from legacy system department 4
legacy_data_table_0343,label,VARCHAR(255),NO,Column 2 of table legacy_data_table_0343 used for migration from legacy system department 4
legacy_data_table_0343,code,VARCHAR(100),NO,Column 3 of table legacy_data_table_0343 used for migration from legacy system department 4
legacy_data_table_0343,status,VARCHAR(30),YES,Column 4 of table legacy_data_table_0343 used for migration from legacy system department 4
legacy_data_table_0343,value_num,DECIMAL(18,4),YES,Column 5 of table legacy_data_table_0343 used for migration from legacy system department 4
legacy_data_table_0343,value_str,TEXT,YES,Column 6 of table legacy_data_table_0343 used for migration from legacy system department 4
legacy_data_table_0343,ref_key,VARCHAR(80),YES,Column 7 of table legacy_data_table_0343 used for migration from legacy system department 4
legacy_data_table_0343,date_val,TIMESTAMP,YES,Column 8 of table legacy_data_table_0343 used for migration from legacy system department 4
legacy_data_table_0343,flag,BOOLEAN,YES,Column 9 of table legacy_data_table_0343 used for migration from legacy system department 4
legacy_data_table_0343,owner,VARCHAR(80),YES,Column 10 of table legacy_data_table_0343 used for migration from legacy system department 4
legacy_data_table_0343,created_at,TIMESTAMP,YES,Column 11 of table legacy_data_table_0343 used for migration from legacy system department 4
legacy_data_table_0343,updated_at,TIMESTAMP,YES,Column 12 of table legacy_data_table_0343 used for migration from legacy system department 4
legacy_data_table_0344,rec_id,VARCHAR(50),NO,Column 1 of table legacy_data_table_0344 used for migration from legacy system department 5
legacy_data_table_0344,label,VARCHAR(255),NO,Column 2 of table legacy_data_table_0344 used for migration from legacy system department 5
legacy_data_table_0344,code,VARCHAR(100),NO,Column 3 of table legacy_data_table_0344 used for migration from legacy system department 5
legacy_data_table_0344,status,VARCHAR(30),YES,Column 4 of table legacy_data_table_0344 used for migration from legacy system department 5
legacy_data_table_0344,value_num,DECIMAL(18,4),YES,Column 5 of table legacy_data_table_0344 used for migration from legacy system department 5
legacy_data_table_0344,value_str,TEXT,YES,Column 6 of table legacy_data_table_0344 used for migration from legacy system department 5
legacy_data_table_0344,ref_key,VARCHAR(80),YES,Column 7 of table legacy_data_table_0344 used for migration from legacy system department 5
legacy_data_table_0344,date_val,TIMESTAMP,YES,Column 8 of table legacy_data_table_0344 used for migration from legacy system department 5
legacy_data_table_0344,flag,BOOLEAN,YES,Column 9 of table legacy_data_table_0344 used for migration from legacy system department 5
legacy_data_table_0344,owner,VARCHAR(80),YES,Column 10 of table legacy_data_table_0344 used for migration from legacy system department 5
legacy_data_table_0344,created_at,TIMESTAMP,YES,Column 11 of table legacy_data_table_0344 used for migration from legacy system department 5
legacy_data_table_0344,updated_at,TIMESTAMP,YES,Column 12 of table legacy_data_table_0344 used for migration from legacy system department 5
legacy_data_table_0345,rec_id,VARCHAR(50),NO,Column 1 of table legacy_data_table_0345 used for migration from legacy system department 6
legacy_data_table_0345,label,VARCHAR(255),NO,Column 2 of table legacy_data_table_0345 used for migration from legacy system department 6
legacy_data_table_0345,code,VARCHAR(100),NO,Column 3 of table legacy_data_table_0345 used for migration from legacy system department 6
legacy_data_table_0345,status,VARCHAR(30),YES,Column 4 of table legacy_data_table_0345 used for migration from legacy system department 6
legacy_data_table_0345,value_num,DECIMAL(18,4),YES,Column 5 of table legacy_data_table_0345 used for migration from legacy system department 6
legacy_data_table_0345,value_str,TEXT,YES,Column 6 of table legacy_data_table_0345 used for migration from legacy system department 6
legacy_data_table_0345,ref_key,VARCHAR(80),YES,Column 7 of table legacy_data_table_0345 used for migration from legacy system department 6
legacy_data_table_0345,date_val,TIMESTAMP,YES,Column 8 of table legacy_data_table_0345 used for migration from legacy system department 6
legacy_data_table_0345,flag,BOOLEAN,YES,Column 9 of table legacy_data_table_0345 used for migration from legacy system department 6
legacy_data_table_0345,owner,VARCHAR(80),YES,Column 10 of table legacy_data_table_0345 used for migration from legacy system department 6
legacy_data_table_0345,created_at,TIMESTAMP,YES,Column 11 of table legacy_data_table_0345 used for migration from legacy system department 6
legacy_data_table_0345,updated_at,TIMESTAMP,YES,Column 12 of table legacy_data_table_0345 used for migration from legacy system department 6
legacy_data_table_0346,rec_id,VARCHAR(50),NO,Column 1 of table legacy_data_table_0346 used for migration from legacy system department 7
legacy_data_table_0346,label,VARCHAR(255),NO,Column 2 of table legacy_data_table_0346 used for migration from legacy system department 7
legacy_data_table_0346,code,VARCHAR(100),NO,Column 3 of table legacy_data_table_0346 used for migration from legacy system department 7
legacy_data_table_0346,status,VARCHAR(30),YES,Column 4 of table legacy_data_table_0346 used for migration from legacy system department 7
legacy_data_table_0346,value_num,DECIMAL(18,4),YES,Column 5 of table legacy_data_table_0346 used for migration from legacy system department 7
legacy_data_table_0346,value_str,TEXT,YES,Column 6 of table legacy_data_table_0346 used for migration from legacy system department 7
legacy_data_table_0346,ref_key,VARCHAR(80),YES,Column 7 of table legacy_data_table_0346 used for migration from legacy system department 7
legacy_data_table_0346,date_val,TIMESTAMP,YES,Column 8 of table legacy_data_table_0346 used for migration from legacy system department 7
legacy_data_table_0346,flag,BOOLEAN,YES,Column 9 of table legacy_data_table_0346 used for migration from legacy system department 7
legacy_data_table_0346,owner,VARCHAR(80),YES,Column 10 of table legacy_data_table_0346 used for migration from legacy system department 7
legacy_data_table_0346,created_at,TIMESTAMP,YES,Column 11 of table legacy_data_table_0346 used for migration from legacy system department 7
legacy_data_table_0346,updated_at,TIMESTAMP,YES,Column 12 of table legacy_data_table_0346 used for migration from legacy system department 7
legacy_data_table_0347,rec_id,VARCHAR(50),NO,Column 1 of table legacy_data_table_0347 used for migration from legacy system department 8
legacy_data_table_0347,label,VARCHAR(255),NO,Column 2 of table legacy_data_table_0347 used for migration from legacy system department 8
legacy_data_table_0347,code,VARCHAR(100),NO,Column 3 of table legacy_data_table_0347 used for migration from legacy system department 8
legacy_data_table_0347,status,VARCHAR(30),YES,Column 4 of table legacy_data_table_0347 used for migration from legacy system department 8
legacy_data_table_0347,value_num,DECIMAL(18,4),YES,Column 5 of table legacy_data_table_0347 used for migration from legacy system department 8
legacy_data_table_0347,value_str,TEXT,YES,Column 6 of table legacy_data_table_0347 used for migration from legacy system department 8
legacy_data_table_0347,ref_key,VARCHAR(80),YES,Column 7 of table legacy_data_table_0347 used for migration from legacy system department 8
legacy_data_table_0347,date_val,TIMESTAMP,YES,Column 8 of table legacy_data_table_0347 used for migration from legacy system department 8
legacy_data_table_0347,flag,BOOLEAN,YES,Column 9 of table legacy_data_table_0347 used for migration from legacy system department 8
legacy_data_table_0347,owner,VARCHAR(80),YES,Column 10 of table legacy_data_table_0347 used for migration from legacy system department 8
legacy_data_table_0347,created_at,TIMESTAMP,YES,Column 11 of table legacy_data_table_0347 used for migration from legacy system department 8
legacy_data_table_0347,updated_at,TIMESTAMP,YES,Column 12 of table legacy_data_table_0347 used for migration from legacy system department 8
legacy_data_table_0348,rec_id,VARCHAR(50),NO,Column 1 of table legacy_data_table_0348 used for migration from legacy system department 9
legacy_data_table_0348,label,VARCHAR(255),NO,Column 2 of table legacy_data_table_0348 used for migration from legacy system department 9
legacy_data_table_0348,code,VARCHAR(100),NO,Column 3 of table legacy_data_table_0348 used for migration from legacy system department 9
legacy_data_table_0348,status,VARCHAR(30),YES,Column 4 of table legacy_data_table_0348 used for migration from legacy system department 9
legacy_data_table_0348,value_num,DECIMAL(18,4),YES,Column 5 of table legacy_data_table_0348 used for migration from legacy system department 9
legacy_data_table_0348,value_str,TEXT,YES,Column 6 of table legacy_data_table_0348 used for migration from legacy system department 9
legacy_data_table_0348,ref_key,VARCHAR(80),YES,Column 7 of table legacy_data_table_0348 used for migration from legacy system department 9
legacy_data_table_0348,date_val,TIMESTAMP,YES,Column 8 of table legacy_data_table_0348 used for migration from legacy system department 9
legacy_data_table_0348,flag,BOOLEAN,YES,Column 9 of table legacy_data_table_0348 used for migration from legacy system department 9
legacy_data_table_0348,owner,VARCHAR(80),YES,Column 10 of table legacy_data_table_0348 used for migration from legacy system department 9
legacy_data_table_0348,created_at,TIMESTAMP,YES,Column 11 of table legacy_data_table_0348 used for migration from legacy system department 9
legacy_data_table_0348,updated_at,TIMESTAMP,YES,Column 12 of table legacy_data_table_0348 used for migration from legacy system department 9
legacy_data_table_0349,rec_id,VARCHAR(50),NO,Column 1 of table legacy_data_table_0349 used for migration from legacy system department 10
legacy_data_table_0349,label,VARCHAR(255),NO,Column 2 of table legacy_data_table_0349 used for migration from legacy system department 10
legacy_data_table_0349,code,VARCHAR(100),NO,Column 3 of table legacy_data_table_0349 used for migration from legacy system department 10
legacy_data_table_0349,status,VARCHAR(30),YES,Column 4 of table legacy_data_table_0349 used for migration from legacy system department 10
legacy_data_table_0349,value_num,DECIMAL(18,4),YES,Column 5 of table legacy_data_table_0349 used for migration from legacy system department 10
legacy_data_table_0349,value_str,TEXT,YES,Column 6 of table legacy_data_table_0349 used for migration from legacy system department 10
legacy_data_table_0349,ref_key,VARCHAR(80),YES,Column 7 of table legacy_data_table_0349 used for migration from legacy system department 10
legacy_data_table_0349,date_val,TIMESTAMP,YES,Column 8 of table legacy_data_table_0349 used for migration from legacy system department 10
legacy_data_table_0349,flag,BOOLEAN,YES,Column 9 of table legacy_data_table_0349 used for migration from legacy system department 10
legacy_data_table_0349,owner,VARCHAR(80),YES,Column 10 of table legacy_data_table_0349 used for migration from legacy system department 10
legacy_data_table_0349,created_at,TIMESTAMP,YES,Column 11 of table legacy_data_table_0349 used for migration from legacy system department 10
legacy_data_table_0349,updated_at,TIMESTAMP,YES,Column 12 of table legacy_data_table_0349 used for migration from legacy system department 10
legacy_data_table_0350,rec_id,VARCHAR(50),NO,Column 1 of table legacy_data_table_0350 used for migration from legacy system department 11
legacy_data_table_0350,label,VARCHAR(255),NO,Column 2 of table legacy_data_table_0350 used for migration from legacy system department 11
legacy_data_table_0350,code,VARCHAR(100),NO,Column 3 of table legacy_data_table_0350 used for migration from legacy system department 11
legacy_data_table_0350,status,VARCHAR(30),YES,Column 4 of table legacy_data_table_0350 used for migration from legacy system department 11
legacy_data_table_0350,value_num,DECIMAL(18,4),YES,Column 5 of table legacy_data_table_0350 used for migration from legacy system department 11
legacy_data_table_0350,value_str,TEXT,YES,Column 6 of table legacy_data_table_0350 used for migration from legacy system department 11
legacy_data_table_0350,ref_key,VARCHAR(80),YES,Column 7 of table legacy_data_table_0350 used for migration from legacy system department 11
legacy_data_table_0350,date_val,TIMESTAMP,YES,Column 8 of table legacy_data_table_0350 used for migration from legacy system department 11
legacy_data_table_0350,flag,BOOLEAN,YES,Column 9 of table legacy_data_table_0350 used for migration from legacy system department 11
legacy_data_table_0350,owner,VARCHAR(80),YES,Column 10 of table legacy_data_table_0350 used for migration from legacy system department 11
legacy_data_table_0350,created_at,TIMESTAMP,YES,Column 11 of table legacy_data_table_0350 used for migration from legacy system department 11
legacy_data_table_0350,updated_at,TIMESTAMP,YES,Column 12 of table legacy_data_table_0350 used for migration from legacy system department 11
legacy_data_table_0351,rec_id,VARCHAR(50),NO,Column 1 of table legacy_data_table_0351 used for migration from legacy system department 12
legacy_data_table_0351,label,VARCHAR(255),NO,Column 2 of table legacy_data_table_0351 used for migration from legacy system department 12
legacy_data_table_0351,code,VARCHAR(100),NO,Column 3 of table legacy_data_table_0351 used for migration from legacy system department 12
legacy_data_table_0351,status,VARCHAR(30),YES,Column 4 of table legacy_data_table_0351 used for migration from legacy system department 12
legacy_data_table_0351,value_num,DECIMAL(18,4),YES,Column 5 of table legacy_data_table_0351 used for migration from legacy system department 12
legacy_data_table_0351,value_str,TEXT,YES,Column 6 of table legacy_data_table_0351 used for migration from legacy system department 12
legacy_data_table_0351,ref_key,VARCHAR(80),YES,Column 7 of table legacy_data_table_0351 used for migration from legacy system department 12
legacy_data_table_0351,date_val,TIMESTAMP,YES,Column 8 of table legacy_data_table_0351 used for migration from legacy system department 12
legacy_data_table_0351,flag,BOOLEAN,YES,Column 9 of table legacy_data_table_0351 used for migration from legacy system department 12
legacy_data_table_0351,owner,VARCHAR(80),YES,Column 10 of table legacy_data_table_0351 used for migration from legacy system department 12
legacy_data_table_0351,created_at,TIMESTAMP,YES,Column 11 of table legacy_data_table_0351 used for migration from legacy system department 12
legacy_data_table_0351,updated_at,TIMESTAMP,YES,Column 12 of table legacy_data_table_0351 used for migration from legacy system department 12
legacy_data_table_0352,rec_id,VARCHAR(50),NO,Column 1 of table legacy_data_table_0352 used for migration from legacy system department 13
legacy_data_table_0352,label,VARCHAR(255),NO,Column 2 of table legacy_data_table_0352 used for migration from legacy system department 13
legacy_data_table_0352,code,VARCHAR(100),NO,Column 3 of table legacy_data_table_0352 used for migration from legacy system department 13
legacy_data_table_0352,status,VARCHAR(30),YES,Column 4 of table legacy_data_table_0352 used for migration from legacy system department 13
legacy_data_table_0352,value_num,DECIMAL(18,4),YES,Column 5 of table legacy_data_table_0352 used for migration from legacy system department 13
legacy_data_table_0352,value_str,TEXT,YES,Column 6 of table legacy_data_table_0352 used for migration from legacy system department 13
legacy_data_table_0352,ref_key,VARCHAR(80),YES,Column 7 of table legacy_data_table_0352 used for migration from legacy system department 13
legacy_data_table_0352,date_val,TIMESTAMP,YES,Column 8 of table legacy_data_table_0352 used for migration from legacy system department 13
legacy_data_table_0352,flag,BOOLEAN,YES,Column 9 of table legacy_data_table_0352 used for migration from legacy system department 13
legacy_data_table_0352,owner,VARCHAR(80),YES,Column 10 of table legacy_data_table_0352 used for migration from legacy system department 13
legacy_data_table_0352,created_at,TIMESTAMP,YES,Column 11 of table legacy_data_table_0352 used for migration from legacy system department 13
legacy_data_table_0352,updated_at,TIMESTAMP,YES,Column 12 of table legacy_data_table_0352 used for migration from legacy system department 13
legacy_data_table_0353,rec_id,VARCHAR(50),NO,Column 1 of table legacy_data_table_0353 used for migration from legacy system department 14
legacy_data_table_0353,label,VARCHAR(255),NO,Column 2 of table legacy_data_table_0353 used for migration from legacy system department 14
legacy_data_table_0353,code,VARCHAR(100),NO,Column 3 of table legacy_data_table_0353 used for migration from legacy system department 14
legacy_data_table_0353,status,VARCHAR(30),YES,Column 4 of table legacy_data_table_0353 used for migration from legacy system department 14
legacy_data_table_0353,value_num,DECIMAL(18,4),YES,Column 5 of table legacy_data_table_0353 used for migration from legacy system department 14
legacy_data_table_0353,value_str,TEXT,YES,Column 6 of table legacy_data_table_0353 used for migration from legacy system department 14
legacy_data_table_0353,ref_key,VARCHAR(80),YES,Column 7 of table legacy_data_table_0353 used for migration from legacy system department 14
legacy_data_table_0353,date_val,TIMESTAMP,YES,Column 8 of table legacy_data_table_0353 used for migration from legacy system department 14
legacy_data_table_0353,flag,BOOLEAN,YES,Column 9 of table legacy_data_table_0353 used for migration from legacy system department 14
legacy_data_table_0353,owner,VARCHAR(80),YES,Column 10 of table legacy_data_table_0353 used for migration from legacy system department 14
legacy_data_table_0353,created_at,TIMESTAMP,YES,Column 11 of table legacy_data_table_0353 used for migration from legacy system department 14
legacy_data_table_0353,updated_at,TIMESTAMP,YES,Column 12 of table legacy_data_table_0353 used for migration from legacy system department 14
legacy_data_table_0354,rec_id,VARCHAR(50),NO,Column 1 of table legacy_data_table_0354 used for migration from legacy system department 15
legacy_data_table_0354,label,VARCHAR(255),NO,Column 2 of table legacy_data_table_0354 used for migration from legacy system department 15
legacy_data_table_0354,code,VARCHAR(100),NO,Column 3 of table legacy_data_table_0354 used for migration from legacy system department 15
legacy_data_table_0354,status,VARCHAR(30),YES,Column 4 of table legacy_data_table_0354 used for migration from legacy system department 15
legacy_data_table_0354,value_num,DECIMAL(18,4),YES,Column 5 of table legacy_data_table_0354 used for migration from legacy system department 15
legacy_data_table_0354,value_str,TEXT,YES,Column 6 of table legacy_data_table_0354 used for migration from legacy system department 15
legacy_data_table_0354,ref_key,VARCHAR(80),YES,Column 7 of table legacy_data_table_0354 used for migration from legacy system department 15
legacy_data_table_0354,date_val,TIMESTAMP,YES,Column 8 of table legacy_data_table_0354 used for migration from legacy system department 15
legacy_data_table_0354,flag,BOOLEAN,YES,Column 9 of table legacy_data_table_0354 used for migration from legacy system department 15
legacy_data_table_0354,owner,VARCHAR(80),YES,Column 10 of table legacy_data_table_0354 used for migration from legacy system department 15
legacy_data_table_0354,created_at,TIMESTAMP,YES,Column 11 of table legacy_data_table_0354 used for migration from legacy system department 15
legacy_data_table_0354,updated_at,TIMESTAMP,YES,Column 12 of table legacy_data_table_0354 used for migration from legacy system department 15
legacy_data_table_0355,rec_id,VARCHAR(50),NO,Column 1 of table legacy_data_table_0355 used for migration from legacy system department 16
legacy_data_table_0355,label,VARCHAR(255),NO,Column 2 of table legacy_data_table_0355 used for migration from legacy system department 16
legacy_data_table_0355,code,VARCHAR(100),NO,Column 3 of table legacy_data_table_0355 used for migration from legacy system department 16
legacy_data_table_0355,status,VARCHAR(30),YES,Column 4 of table legacy_data_table_0355 used for migration from legacy system department 16
legacy_data_table_0355,value_num,DECIMAL(18,4),YES,Column 5 of table legacy_data_table_0355 used for migration from legacy system department 16
legacy_data_table_0355,value_str,TEXT,YES,Column 6 of table legacy_data_table_0355 used for migration from legacy system department 16
legacy_data_table_0355,ref_key,VARCHAR(80),YES,Column 7 of table legacy_data_table_0355 used for migration from legacy system department 16
legacy_data_table_0355,date_val,TIMESTAMP,YES,Column 8 of table legacy_data_table_0355 used for migration from legacy system department 16
legacy_data_table_0355,flag,BOOLEAN,YES,Column 9 of table legacy_data_table_0355 used for migration from legacy system department 16
legacy_data_table_0355,owner,VARCHAR(80),YES,Column 10 of table legacy_data_table_0355 used for migration from legacy system department 16
legacy_data_table_0355,created_at,TIMESTAMP,YES,Column 11 of table legacy_data_table_0355 used for migration from legacy system department 16
legacy_data_table_0355,updated_at,TIMESTAMP,YES,Column 12 of table legacy_data_table_0355 used for migration from legacy system department 16
legacy_data_table_0356,rec_id,VARCHAR(50),NO,Column 1 of table legacy_data_table_0356 used for migration from legacy system department 17
legacy_data_table_0356,label,VARCHAR(255),NO,Column 2 of table legacy_data_table_0356 used for migration from legacy system department 17
legacy_data_table_0356,code,VARCHAR(100),NO,Column 3 of table legacy_data_table_0356 used for migration from legacy system department 17
legacy_data_table_0356,status,VARCHAR(30),YES,Column 4 of table legacy_data_table_0356 used for migration from legacy system department 17
legacy_data_table_0356,value_num,DECIMAL(18,4),YES,Column 5 of table legacy_data_table_0356 used for migration from legacy system department 17
legacy_data_table_0356,value_str,TEXT,YES,Column 6 of table legacy_data_table_0356 used for migration from legacy system department 17
legacy_data_table_0356,ref_key,VARCHAR(80),YES,Column 7 of table legacy_data_table_0356 used for migration from legacy system department 17
legacy_data_table_0356,date_val,TIMESTAMP,YES,Column 8 of table legacy_data_table_0356 used for migration from legacy system department 17
legacy_data_table_0356,flag,BOOLEAN,YES,Column 9 of table legacy_data_table_0356 used for migration from legacy system department 17
legacy_data_table_0356,owner,VARCHAR(80),YES,Column 10 of table legacy_data_table_0356 used for migration from legacy system department 17
legacy_data_table_0356,created_at,TIMESTAMP,YES,Column 11 of table legacy_data_table_0356 used for migration from legacy system department 17
legacy_data_table_0356,updated_at,TIMESTAMP,YES,Column 12 of table legacy_data_table_0356 used for migration from legacy system department 17
legacy_data_table_0357,rec_id,VARCHAR(50),NO,Column 1 of table legacy_data_table_0357 used for migration from legacy system department 18
legacy_data_table_0357,label,VARCHAR(255),NO,Column 2 of table legacy_data_table_0357 used for migration from legacy system department 18
legacy_data_table_0357,code,VARCHAR(100),NO,Column 3 of table legacy_data_table_0357 used for migration from legacy system department 18
legacy_data_table_0357,status,VARCHAR(30),YES,Column 4 of table legacy_data_table_0357 used for migration from legacy system department 18
legacy_data_table_0357,value_num,DECIMAL(18,4),YES,Column 5 of table legacy_data_table_0357 used for migration from legacy system department 18
legacy_data_table_0357,value_str,TEXT,YES,Column 6 of table legacy_data_table_0357 used for migration from legacy system department 18
legacy_data_table_0357,ref_key,VARCHAR(80),YES,Column 7 of table legacy_data_table_0357 used for migration from legacy system department 18
legacy_data_table_0357,date_val,TIMESTAMP,YES,Column 8 of table legacy_data_table_0357 used for migration from legacy system department 18
legacy_data_table_0357,flag,BOOLEAN,YES,Column 9 of table legacy_data_table_0357 used for migration from legacy system department 18
legacy_data_table_0357,owner,VARCHAR(80),YES,Column 10 of table legacy_data_table_0357 used for migration from legacy system department 18
legacy_data_table_0357,created_at,TIMESTAMP,YES,Column 11 of table legacy_data_table_0357 used for migration from legacy system department 18
legacy_data_table_0357,updated_at,TIMESTAMP,YES,Column 12 of table legacy_data_table_0357 used for migration from legacy system department 18
legacy_data_table_0358,rec_id,VARCHAR(50),NO,Column 1 of table legacy_data_table_0358 used for migration from legacy system department 19
legacy_data_table_0358,label,VARCHAR(255),NO,Column 2 of table legacy_data_table_0358 used for migration from legacy system department 19
legacy_data_table_0358,code,VARCHAR(100),NO,Column 3 of table legacy_data_table_0358 used for migration from legacy system department 19
legacy_data_table_0358,status,VARCHAR(30),YES,Column 4 of table legacy_data_table_0358 used for migration from legacy system department 19
legacy_data_table_0358,value_num,DECIMAL(18,4),YES,Column 5 of table legacy_data_table_0358 used for migration from legacy system department 19
legacy_data_table_0358,value_str,TEXT,YES,Column 6 of table legacy_data_table_0358 used for migration from legacy system department 19
legacy_data_table_0358,ref_key,VARCHAR(80),YES,Column 7 of table legacy_data_table_0358 used for migration from legacy system department 19
legacy_data_table_0358,date_val,TIMESTAMP,YES,Column 8 of table legacy_data_table_0358 used for migration from legacy system department 19
legacy_data_table_0358,flag,BOOLEAN,YES,Column 9 of table legacy_data_table_0358 used for migration from legacy system department 19
legacy_data_table_0358,owner,VARCHAR(80),YES,Column 10 of table legacy_data_table_0358 used for migration from legacy system department 19
legacy_data_table_0358,created_at,TIMESTAMP,YES,Column 11 of table legacy_data_table_0358 used for migration from legacy system department 19
legacy_data_table_0358,updated_at,TIMESTAMP,YES,Column 12 of table legacy_data_table_0358 used for migration from legacy system department 19
legacy_data_table_0359,rec_id,VARCHAR(50),NO,Column 1 of table legacy_data_table_0359 used for migration from legacy system department 20
legacy_data_table_0359,label,VARCHAR(255),NO,Column 2 of table legacy_data_table_0359 used for migration from legacy system department 20
legacy_data_table_0359,code,VARCHAR(100),NO,Column 3 of table legacy_data_table_0359 used for migration from legacy system department 20
legacy_data_table_0359,status,VARCHAR(30),YES,Column 4 of table legacy_data_table_0359 used for migration from legacy system department 20
legacy_data_table_0359,value_num,DECIMAL(18,4),YES,Column 5 of table legacy_data_table_0359 used for migration from legacy system department 20
legacy_data_table_0359,value_str,TEXT,YES,Column 6 of table legacy_data_table_0359 used for migration from legacy system department 20
legacy_data_table_0359,ref_key,VARCHAR(80),YES,Column 7 of table legacy_data_table_0359 used for migration from legacy system department 20
legacy_data_table_0359,date_val,TIMESTAMP,YES,Column 8 of table legacy_data_table_0359 used for migration from legacy system department 20
legacy_data_table_0359,flag,BOOLEAN,YES,Column 9 of table legacy_data_table_0359 used for migration from legacy system department 20
legacy_data_table_0359,owner,VARCHAR(80),YES,Column 10 of table legacy_data_table_0359 used for migration from legacy system department 20
legacy_data_table_0359,created_at,TIMESTAMP,YES,Column 11 of table legacy_data_table_0359 used for migration from legacy system department 20
legacy_data_table_0359,updated_at,TIMESTAMP,YES,Column 12 of table legacy_data_table_0359 used for migration from legacy system department 20
legacy_data_table_0360,rec_id,VARCHAR(50),NO,Column 1 of table legacy_data_table_0360 used for migration from legacy system department 1
legacy_data_table_0360,label,VARCHAR(255),NO,Column 2 of table legacy_data_table_0360 used for migration from legacy system department 1
legacy_data_table_0360,code,VARCHAR(100),NO,Column 3 of table legacy_data_table_0360 used for migration from legacy system department 1
legacy_data_table_0360,status,VARCHAR(30),YES,Column 4 of table legacy_data_table_0360 used for migration from legacy system department 1
legacy_data_table_0360,value_num,DECIMAL(18,4),YES,Column 5 of table legacy_data_table_0360 used for migration from legacy system department 1
legacy_data_table_0360,value_str,TEXT,YES,Column 6 of table legacy_data_table_0360 used for migration from legacy system department 1
legacy_data_table_0360,ref_key,VARCHAR(80),YES,Column 7 of table legacy_data_table_0360 used for migration from legacy system department 1
legacy_data_table_0360,date_val,TIMESTAMP,YES,Column 8 of table legacy_data_table_0360 used for migration from legacy system department 1
legacy_data_table_0360,flag,BOOLEAN,YES,Column 9 of table legacy_data_table_0360 used for migration from legacy system department 1
legacy_data_table_0360,owner,VARCHAR(80),YES,Column 10 of table legacy_data_table_0360 used for migration from legacy system department 1
legacy_data_table_0360,created_at,TIMESTAMP,YES,Column 11 of table legacy_data_table_0360 used for migration from legacy system department 1
legacy_data_table_0360,updated_at,TIMESTAMP,YES,Column 12 of table legacy_data_table_0360 used for migration from legacy system department 1
legacy_data_table_0361,rec_id,VARCHAR(50),NO,Column 1 of table legacy_data_table_0361 used for migration from legacy system department 2
legacy_data_table_0361,label,VARCHAR(255),NO,Column 2 of table legacy_data_table_0361 used for migration from legacy system department 2
legacy_data_table_0361,code,VARCHAR(100),NO,Column 3 of table legacy_data_table_0361 used for migration from legacy system department 2
legacy_data_table_0361,status,VARCHAR(30),YES,Column 4 of table legacy_data_table_0361 used for migration from legacy system department 2
legacy_data_table_0361,value_num,DECIMAL(18,4),YES,Column 5 of table legacy_data_table_0361 used for migration from legacy system department 2
legacy_data_table_0361,value_str,TEXT,YES,Column 6 of table legacy_data_table_0361 used for migration from legacy system department 2
legacy_data_table_0361,ref_key,VARCHAR(80),YES,Column 7 of table legacy_data_table_0361 used for migration from legacy system department 2
legacy_data_table_0361,date_val,TIMESTAMP,YES,Column 8 of table legacy_data_table_0361 used for migration from legacy system department 2
legacy_data_table_0361,flag,BOOLEAN,YES,Column 9 of table legacy_data_table_0361 used for migration from legacy system department 2
legacy_data_table_0361,owner,VARCHAR(80),YES,Column 10 of table legacy_data_table_0361 used for migration from legacy system department 2
legacy_data_table_0361,created_at,TIMESTAMP,YES,Column 11 of table legacy_data_table_0361 used for migration from legacy system department 2
legacy_data_table_0361,updated_at,TIMESTAMP,YES,Column 12 of table legacy_data_table_0361 used for migration from legacy system department 2
legacy_data_table_0362,rec_id,VARCHAR(50),NO,Column 1 of table legacy_data_table_0362 used for migration from legacy system department 3
legacy_data_table_0362,label,VARCHAR(255),NO,Column 2 of table legacy_data_table_0362 used for migration from legacy system department 3
legacy_data_table_0362,code,VARCHAR(100),NO,Column 3 of table legacy_data_table_0362 used for migration from legacy system department 3
legacy_data_table_0362,status,VARCHAR(30),YES,Column 4 of table legacy_data_table_0362 used for migration from legacy system department 3
legacy_data_table_0362,value_num,DECIMAL(18,4),YES,Column 5 of table legacy_data_table_0362 used for migration from legacy system department 3
legacy_data_table_0362,value_str,TEXT,YES,Column 6 of table legacy_data_table_0362 used for migration from legacy system department 3
legacy_data_table_0362,ref_key,VARCHAR(80),YES,Column 7 of table legacy_data_table_0362 used for migration from legacy system department 3
legacy_data_table_0362,date_val,TIMESTAMP,YES,Column 8 of table legacy_data_table_0362 used for migration from legacy system department 3
legacy_data_table_0362,flag,BOOLEAN,YES,Column 9 of table legacy_data_table_0362 used for migration from legacy system department 3
legacy_data_table_0362,owner,VARCHAR(80),YES,Column 10 of table legacy_data_table_0362 used for migration from legacy system department 3
legacy_data_table_0362,created_at,TIMESTAMP,YES,Column 11 of table legacy_data_table_0362 used for migration from legacy system department 3
legacy_data_table_0362,updated_at,TIMESTAMP,YES,Column 12 of table legacy_data_table_0362 used for migration from legacy system department 3
legacy_data_table_0363,rec_id,VARCHAR(50),NO,Column 1 of table legacy_data_table_0363 used for migration from legacy system department 4
legacy_data_table_0363,label,VARCHAR(255),NO,Column 2 of table legacy_data_table_0363 used for migration from legacy system department 4
legacy_data_table_0363,code,VARCHAR(100),NO,Column 3 of table legacy_data_table_0363 used for migration from legacy system department 4
legacy_data_table_0363,status,VARCHAR(30),YES,Column 4 of table legacy_data_table_0363 used for migration from legacy system department 4
legacy_data_table_0363,value_num,DECIMAL(18,4),YES,Column 5 of table legacy_data_table_0363 used for migration from legacy system department 4
legacy_data_table_0363,value_str,TEXT,YES,Column 6 of table legacy_data_table_0363 used for migration from legacy system department 4
legacy_data_table_0363,ref_key,VARCHAR(80),YES,Column 7 of table legacy_data_table_0363 used for migration from legacy system department 4
legacy_data_table_0363,date_val,TIMESTAMP,YES,Column 8 of table legacy_data_table_0363 used for migration from legacy system department 4
legacy_data_table_0363,flag,BOOLEAN,YES,Column 9 of table legacy_data_table_0363 used for migration from legacy system department 4
legacy_data_table_0363,owner,VARCHAR(80),YES,Column 10 of table legacy_data_table_0363 used for migration from legacy system department 4
legacy_data_table_0363,created_at,TIMESTAMP,YES,Column 11 of table legacy_data_table_0363 used for migration from legacy system department 4
legacy_data_table_0363,updated_at,TIMESTAMP,YES,Column 12 of table legacy_data_table_0363 used for migration from legacy system department 4
legacy_data_table_0364,rec_id,VARCHAR(50),NO,Column 1 of table legacy_data_table_0364 used for migration from legacy system department 5
legacy_data_table_0364,label,VARCHAR(255),NO,Column 2 of table legacy_data_table_0364 used for migration from legacy system department 5
legacy_data_table_0364,code,VARCHAR(100),NO,Column 3 of table legacy_data_table_0364 used for migration from legacy system department 5
legacy_data_table_0364,status,VARCHAR(30),YES,Column 4 of table legacy_data_table_0364 used for migration from legacy system department 5
legacy_data_table_0364,value_num,DECIMAL(18,4),YES,Column 5 of table legacy_data_table_0364 used for migration from legacy system department 5
legacy_data_table_0364,value_str,TEXT,YES,Column 6 of table legacy_data_table_0364 used for migration from legacy system department 5
legacy_data_table_0364,ref_key,VARCHAR(80),YES,Column 7 of table legacy_data_table_0364 used for migration from legacy system department 5
legacy_data_table_0364,date_val,TIMESTAMP,YES,Column 8 of table legacy_data_table_0364 used for migration from legacy system department 5
legacy_data_table_0364,flag,BOOLEAN,YES,Column 9 of table legacy_data_table_0364 used for migration from legacy system department 5
legacy_data_table_0364,owner,VARCHAR(80),YES,Column 10 of table legacy_data_table_0364 used for migration from legacy system department 5
legacy_data_table_0364,created_at,TIMESTAMP,YES,Column 11 of table legacy_data_table_0364 used for migration from legacy system department 5
legacy_data_table_0364,updated_at,TIMESTAMP,YES,Column 12 of table legacy_data_table_0364 used for migration from legacy system department 5
legacy_data_table_0365,rec_id,VARCHAR(50),NO,Column 1 of table legacy_data_table_0365 used for migration from legacy system department 6
legacy_data_table_0365,label,VARCHAR(255),NO,Column 2 of table legacy_data_table_0365 used for migration from legacy system department 6
legacy_data_table_0365,code,VARCHAR(100),NO,Column 3 of table legacy_data_table_0365 used for migration from legacy system department 6
legacy_data_table_0365,status,VARCHAR(30),YES,Column 4 of table legacy_data_table_0365 used for migration from legacy system department 6
legacy_data_table_0365,value_num,DECIMAL(18,4),YES,Column 5 of table legacy_data_table_0365 used for migration from legacy system department 6
legacy_data_table_0365,value_str,TEXT,YES,Column 6 of table legacy_data_table_0365 used for migration from legacy system department 6
legacy_data_table_0365,ref_key,VARCHAR(80),YES,Column 7 of table legacy_data_table_0365 used for migration from legacy system department 6
legacy_data_table_0365,date_val,TIMESTAMP,YES,Column 8 of table legacy_data_table_0365 used for migration from legacy system department 6
legacy_data_table_0365,flag,BOOLEAN,YES,Column 9 of table legacy_data_table_0365 used for migration from legacy system department 6
legacy_data_table_0365,owner,VARCHAR(80),YES,Column 10 of table legacy_data_table_0365 used for migration from legacy system department 6
legacy_data_table_0365,created_at,TIMESTAMP,YES,Column 11 of table legacy_data_table_0365 used for migration from legacy system department 6
legacy_data_table_0365,updated_at,TIMESTAMP,YES,Column 12 of table legacy_data_table_0365 used for migration from legacy system department 6
legacy_data_table_0366,rec_id,VARCHAR(50),NO,Column 1 of table legacy_data_table_0366 used for migration from legacy system department 7
legacy_data_table_0366,label,VARCHAR(255),NO,Column 2 of table legacy_data_table_0366 used for migration from legacy system department 7
legacy_data_table_0366,code,VARCHAR(100),NO,Column 3 of table legacy_data_table_0366 used for migration from legacy system department 7
legacy_data_table_0366,status,VARCHAR(30),YES,Column 4 of table legacy_data_table_0366 used for migration from legacy system department 7
legacy_data_table_0366,value_num,DECIMAL(18,4),YES,Column 5 of table legacy_data_table_0366 used for migration from legacy system department 7
legacy_data_table_0366,value_str,TEXT,YES,Column 6 of table legacy_data_table_0366 used for migration from legacy system department 7
legacy_data_table_0366,ref_key,VARCHAR(80),YES,Column 7 of table legacy_data_table_0366 used for migration from legacy system department 7
legacy_data_table_0366,date_val,TIMESTAMP,YES,Column 8 of table legacy_data_table_0366 used for migration from legacy system department 7
legacy_data_table_0366,flag,BOOLEAN,YES,Column 9 of table legacy_data_table_0366 used for migration from legacy system department 7
legacy_data_table_0366,owner,VARCHAR(80),YES,Column 10 of table legacy_data_table_0366 used for migration from legacy system department 7
legacy_data_table_0366,created_at,TIMESTAMP,YES,Column 11 of table legacy_data_table_0366 used for migration from legacy system department 7
legacy_data_table_0366,updated_at,TIMESTAMP,YES,Column 12 of table legacy_data_table_0366 used for migration from legacy system department 7
legacy_data_table_0367,rec_id,VARCHAR(50),NO,Column 1 of table legacy_data_table_0367 used for migration from legacy system department 8
legacy_data_table_0367,label,VARCHAR(255),NO,Column 2 of table legacy_data_table_0367 used for migration from legacy system department 8
legacy_data_table_0367,code,VARCHAR(100),NO,Column 3 of table legacy_data_table_0367 used for migration from legacy system department 8
legacy_data_table_0367,status,VARCHAR(30),YES,Column 4 of table legacy_data_table_0367 used for migration from legacy system department 8
legacy_data_table_0367,value_num,DECIMAL(18,4),YES,Column 5 of table legacy_data_table_0367 used for migration from legacy system department 8
legacy_data_table_0367,value_str,TEXT,YES,Column 6 of table legacy_data_table_0367 used for migration from legacy system department 8
legacy_data_table_0367,ref_key,VARCHAR(80),YES,Column 7 of table legacy_data_table_0367 used for migration from legacy system department 8
legacy_data_table_0367,date_val,TIMESTAMP,YES,Column 8 of table legacy_data_table_0367 used for migration from legacy system department 8
legacy_data_table_0367,flag,BOOLEAN,YES,Column 9 of table legacy_data_table_0367 used for migration from legacy system department 8
legacy_data_table_0367,owner,VARCHAR(80),YES,Column 10 of table legacy_data_table_0367 used for migration from legacy system department 8
legacy_data_table_0367,created_at,TIMESTAMP,YES,Column 11 of table legacy_data_table_0367 used for migration from legacy system department 8
legacy_data_table_0367,updated_at,TIMESTAMP,YES,Column 12 of table legacy_data_table_0367 used for migration from legacy system department 8
legacy_data_table_0368,rec_id,VARCHAR(50),NO,Column 1 of table legacy_data_table_0368 used for migration from legacy system department 9
legacy_data_table_0368,label,VARCHAR(255),NO,Column 2 of table legacy_data_table_0368 used for migration from legacy system department 9
legacy_data_table_0368,code,VARCHAR(100),NO,Column 3 of table legacy_data_table_0368 used for migration from legacy system department 9
legacy_data_table_0368,status,VARCHAR(30),YES,Column 4 of table legacy_data_table_0368 used for migration from legacy system department 9
legacy_data_table_0368,value_num,DECIMAL(18,4),YES,Column 5 of table legacy_data_table_0368 used for migration from legacy system department 9
legacy_data_table_0368,value_str,TEXT,YES,Column 6 of table legacy_data_table_0368 used for migration from legacy system department 9
legacy_data_table_0368,ref_key,VARCHAR(80),YES,Column 7 of table legacy_data_table_0368 used for migration from legacy system department 9
legacy_data_table_0368,date_val,TIMESTAMP,YES,Column 8 of table legacy_data_table_0368 used for migration from legacy system department 9
legacy_data_table_0368,flag,BOOLEAN,YES,Column 9 of table legacy_data_table_0368 used for migration from legacy system department 9
legacy_data_table_0368,owner,VARCHAR(80),YES,Column 10 of table legacy_data_table_0368 used for migration from legacy system department 9
legacy_data_table_0368,created_at,TIMESTAMP,YES,Column 11 of table legacy_data_table_0368 used for migration from legacy system department 9
legacy_data_table_0368,updated_at,TIMESTAMP,YES,Column 12 of table legacy_data_table_0368 used for migration from legacy system department 9
legacy_data_table_0369,rec_id,VARCHAR(50),NO,Column 1 of table legacy_data_table_0369 used for migration from legacy system department 10
legacy_data_table_0369,label,VARCHAR(255),NO,Column 2 of table legacy_data_table_0369 used for migration from legacy system department 10
legacy_data_table_0369,code,VARCHAR(100),NO,Column 3 of table legacy_data_table_0369 used for migration from legacy system department 10
legacy_data_table_0369,status,VARCHAR(30),YES,Column 4 of table legacy_data_table_0369 used for migration from legacy system department 10
legacy_data_table_0369,value_num,DECIMAL(18,4),YES,Column 5 of table legacy_data_table_0369 used for migration from legacy system department 10
legacy_data_table_0369,value_str,TEXT,YES,Column 6 of table legacy_data_table_0369 used for migration from legacy system department 10
legacy_data_table_0369,ref_key,VARCHAR(80),YES,Column 7 of table legacy_data_table_0369 used for migration from legacy system department 10
legacy_data_table_0369,date_val,TIMESTAMP,YES,Column 8 of table legacy_data_table_0369 used for migration from legacy system department 10
legacy_data_table_0369,flag,BOOLEAN,YES,Column 9 of table legacy_data_table_0369 used for migration from legacy system department 10
legacy_data_table_0369,owner,VARCHAR(80),YES,Column 10 of table legacy_data_table_0369 used for migration from legacy system department 10
legacy_data_table_0369,created_at,TIMESTAMP,YES,Column 11 of table legacy_data_table_0369 used for migration from legacy system department 10
legacy_data_table_0369,updated_at,TIMESTAMP,YES,Column 12 of table legacy_data_table_0369 used for migration from legacy system department 10
legacy_data_table_0370,rec_id,VARCHAR(50),NO,Column 1 of table legacy_data_table_0370 used for migration from legacy system department 11
legacy_data_table_0370,label,VARCHAR(255),NO,Column 2 of table legacy_data_table_0370 used for migration from legacy system department 11
legacy_data_table_0370,code,VARCHAR(100),NO,Column 3 of table legacy_data_table_0370 used for migration from legacy system department 11
legacy_data_table_0370,status,VARCHAR(30),YES,Column 4 of table legacy_data_table_0370 used for migration from legacy system department 11
legacy_data_table_0370,value_num,DECIMAL(18,4),YES,Column 5 of table legacy_data_table_0370 used for migration from legacy system department 11
legacy_data_table_0370,value_str,TEXT,YES,Column 6 of table legacy_data_table_0370 used for migration from legacy system department 11
legacy_data_table_0370,ref_key,VARCHAR(80),YES,Column 7 of table legacy_data_table_0370 used for migration from legacy system department 11
legacy_data_table_0370,date_val,TIMESTAMP,YES,Column 8 of table legacy_data_table_0370 used for migration from legacy system department 11
legacy_data_table_0370,flag,BOOLEAN,YES,Column 9 of table legacy_data_table_0370 used for migration from legacy system department 11
legacy_data_table_0370,owner,VARCHAR(80),YES,Column 10 of table legacy_data_table_0370 used for migration from legacy system department 11
legacy_data_table_0370,created_at,TIMESTAMP,YES,Column 11 of table legacy_data_table_0370 used for migration from legacy system department 11
legacy_data_table_0370,updated_at,TIMESTAMP,YES,Column 12 of table legacy_data_table_0370 used for migration from legacy system department 11
legacy_data_table_0371,rec_id,VARCHAR(50),NO,Column 1 of table legacy_data_table_0371 used for migration from legacy system department 12
legacy_data_table_0371,label,VARCHAR(255),NO,Column 2 of table legacy_data_table_0371 used for migration from legacy system department 12
legacy_data_table_0371,code,VARCHAR(100),NO,Column 3 of table legacy_data_table_0371 used for migration from legacy system department 12
legacy_data_table_0371,status,VARCHAR(30),YES,Column 4 of table legacy_data_table_0371 used for migration from legacy system department 12
legacy_data_table_0371,value_num,DECIMAL(18,4),YES,Column 5 of table legacy_data_table_0371 used for migration from legacy system department 12
legacy_data_table_0371,value_str,TEXT,YES,Column 6 of table legacy_data_table_0371 used for migration from legacy system department 12
legacy_data_table_0371,ref_key,VARCHAR(80),YES,Column 7 of table legacy_data_table_0371 used for migration from legacy system department 12
legacy_data_table_0371,date_val,TIMESTAMP,YES,Column 8 of table legacy_data_table_0371 used for migration from legacy system department 12
legacy_data_table_0371,flag,BOOLEAN,YES,Column 9 of table legacy_data_table_0371 used for migration from legacy system department 12
legacy_data_table_0371,owner,VARCHAR(80),YES,Column 10 of table legacy_data_table_0371 used for migration from legacy system department 12
legacy_data_table_0371,created_at,TIMESTAMP,YES,Column 11 of table legacy_data_table_0371 used for migration from legacy system department 12
legacy_data_table_0371,updated_at,TIMESTAMP,YES,Column 12 of table legacy_data_table_0371 used for migration from legacy system department 12
legacy_data_table_0372,rec_id,VARCHAR(50),NO,Column 1 of table legacy_data_table_0372 used for migration from legacy system department 13
legacy_data_table_0372,label,VARCHAR(255),NO,Column 2 of table legacy_data_table_0372 used for migration from legacy system department 13
legacy_data_table_0372,code,VARCHAR(100),NO,Column 3 of table legacy_data_table_0372 used for migration from legacy system department 13
legacy_data_table_0372,status,VARCHAR(30),YES,Column 4 of table legacy_data_table_0372 used for migration from legacy system department 13
legacy_data_table_0372,value_num,DECIMAL(18,4),YES,Column 5 of table legacy_data_table_0372 used for migration from legacy system department 13
legacy_data_table_0372,value_str,TEXT,YES,Column 6 of table legacy_data_table_0372 used for migration from legacy system department 13
legacy_data_table_0372,ref_key,VARCHAR(80),YES,Column 7 of table legacy_data_table_0372 used for migration from legacy system department 13
legacy_data_table_0372,date_val,TIMESTAMP,YES,Column 8 of table legacy_data_table_0372 used for migration from legacy system department 13
legacy_data_table_0372,flag,BOOLEAN,YES,Column 9 of table legacy_data_table_0372 used for migration from legacy system department 13
legacy_data_table_0372,owner,VARCHAR(80),YES,Column 10 of table legacy_data_table_0372 used for migration from legacy system department 13
legacy_data_table_0372,created_at,TIMESTAMP,YES,Column 11 of table legacy_data_table_0372 used for migration from legacy system department 13
legacy_data_table_0372,updated_at,TIMESTAMP,YES,Column 12 of table legacy_data_table_0372 used for migration from legacy system department 13
legacy_data_table_0373,rec_id,VARCHAR(50),NO,Column 1 of table legacy_data_table_0373 used for migration from legacy system department 14
legacy_data_table_0373,label,VARCHAR(255),NO,Column 2 of table legacy_data_table_0373 used for migration from legacy system department 14
legacy_data_table_0373,code,VARCHAR(100),NO,Column 3 of table legacy_data_table_0373 used for migration from legacy system department 14
legacy_data_table_0373,status,VARCHAR(30),YES,Column 4 of table legacy_data_table_0373 used for migration from legacy system department 14
legacy_data_table_0373,value_num,DECIMAL(18,4),YES,Column 5 of table legacy_data_table_0373 used for migration from legacy system department 14
legacy_data_table_0373,value_str,TEXT,YES,Column 6 of table legacy_data_table_0373 used for migration from legacy system department 14
legacy_data_table_0373,ref_key,VARCHAR(80),YES,Column 7 of table legacy_data_table_0373 used for migration from legacy system department 14
legacy_data_table_0373,date_val,TIMESTAMP,YES,Column 8 of table legacy_data_table_0373 used for migration from legacy system department 14
legacy_data_table_0373,flag,BOOLEAN,YES,Column 9 of table legacy_data_table_0373 used for migration from legacy system department 14
legacy_data_table_0373,owner,VARCHAR(80),YES,Column 10 of table legacy_data_table_0373 used for migration from legacy system department 14
legacy_data_table_0373,created_at,TIMESTAMP,YES,Column 11 of table legacy_data_table_0373 used for migration from legacy system department 14
legacy_data_table_0373,updated_at,TIMESTAMP,YES,Column 12 of table legacy_data_table_0373 used for migration from legacy system department 14
legacy_data_table_0374,rec_id,VARCHAR(50),NO,Column 1 of table legacy_data_table_0374 used for migration from legacy system department 15
legacy_data_table_0374,label,VARCHAR(255),NO,Column 2 of table legacy_data_table_0374 used for migration from legacy system department 15
legacy_data_table_0374,code,VARCHAR(100),NO,Column 3 of table legacy_data_table_0374 used for migration from legacy system department 15
legacy_data_table_0374,status,VARCHAR(30),YES,Column 4 of table legacy_data_table_0374 used for migration from legacy system department 15
legacy_data_table_0374,value_num,DECIMAL(18,4),YES,Column 5 of table legacy_data_table_0374 used for migration from legacy system department 15
legacy_data_table_0374,value_str,TEXT,YES,Column 6 of table legacy_data_table_0374 used for migration from legacy system department 15
legacy_data_table_0374,ref_key,VARCHAR(80),YES,Column 7 of table legacy_data_table_0374 used for migration from legacy system department 15
legacy_data_table_0374,date_val,TIMESTAMP,YES,Column 8 of table legacy_data_table_0374 used for migration from legacy system department 15
legacy_data_table_0374,flag,BOOLEAN,YES,Column 9 of table legacy_data_table_0374 used for migration from legacy system department 15
legacy_data_table_0374,owner,VARCHAR(80),YES,Column 10 of table legacy_data_table_0374 used for migration from legacy system department 15
legacy_data_table_0374,created_at,TIMESTAMP,YES,Column 11 of table legacy_data_table_0374 used for migration from legacy system department 15
legacy_data_table_0374,updated_at,TIMESTAMP,YES,Column 12 of table legacy_data_table_0374 used for migration from legacy system department 15
legacy_data_table_0375,rec_id,VARCHAR(50),NO,Column 1 of table legacy_data_table_0375 used for migration from legacy system department 16
legacy_data_table_0375,label,VARCHAR(255),NO,Column 2 of table legacy_data_table_0375 used for migration from legacy system department 16
legacy_data_table_0375,code,VARCHAR(100),NO,Column 3 of table legacy_data_table_0375 used for migration from legacy system department 16
legacy_data_table_0375,status,VARCHAR(30),YES,Column 4 of table legacy_data_table_0375 used for migration from legacy system department 16
legacy_data_table_0375,value_num,DECIMAL(18,4),YES,Column 5 of table legacy_data_table_0375 used for migration from legacy system department 16
legacy_data_table_0375,value_str,TEXT,YES,Column 6 of table legacy_data_table_0375 used for migration from legacy system department 16
legacy_data_table_0375,ref_key,VARCHAR(80),YES,Column 7 of table legacy_data_table_0375 used for migration from legacy system department 16
legacy_data_table_0375,date_val,TIMESTAMP,YES,Column 8 of table legacy_data_table_0375 used for migration from legacy system department 16
legacy_data_table_0375,flag,BOOLEAN,YES,Column 9 of table legacy_data_table_0375 used for migration from legacy system department 16
legacy_data_table_0375,owner,VARCHAR(80),YES,Column 10 of table legacy_data_table_0375 used for migration from legacy system department 16
legacy_data_table_0375,created_at,TIMESTAMP,YES,Column 11 of table legacy_data_table_0375 used for migration from legacy system department 16
legacy_data_table_0375,updated_at,TIMESTAMP,YES,Column 12 of table legacy_data_table_0375 used for migration from legacy system department 16
legacy_data_table_0376,rec_id,VARCHAR(50),NO,Column 1 of table legacy_data_table_0376 used for migration from legacy system department 17
legacy_data_table_0376,label,VARCHAR(255),NO,Column 2 of table legacy_data_table_0376 used for migration from legacy system department 17
legacy_data_table_0376,code,VARCHAR(100),NO,Column 3 of table legacy_data_table_0376 used for migration from legacy system department 17
legacy_data_table_0376,status,VARCHAR(30),YES,Column 4 of table legacy_data_table_0376 used for migration from legacy system department 17
legacy_data_table_0376,value_num,DECIMAL(18,4),YES,Column 5 of table legacy_data_table_0376 used for migration from legacy system department 17
legacy_data_table_0376,value_str,TEXT,YES,Column 6 of table legacy_data_table_0376 used for migration from legacy system department 17
legacy_data_table_0376,ref_key,VARCHAR(80),YES,Column 7 of table legacy_data_table_0376 used for migration from legacy system department 17
legacy_data_table_0376,date_val,TIMESTAMP,YES,Column 8 of table legacy_data_table_0376 used for migration from legacy system department 17
legacy_data_table_0376,flag,BOOLEAN,YES,Column 9 of table legacy_data_table_0376 used for migration from legacy system department 17
legacy_data_table_0376,owner,VARCHAR(80),YES,Column 10 of table legacy_data_table_0376 used for migration from legacy system department 17
legacy_data_table_0376,created_at,TIMESTAMP,YES,Column 11 of table legacy_data_table_0376 used for migration from legacy system department 17
legacy_data_table_0376,updated_at,TIMESTAMP,YES,Column 12 of table legacy_data_table_0376 used for migration from legacy system department 17
legacy_data_table_0377,rec_id,VARCHAR(50),NO,Column 1 of table legacy_data_table_0377 used for migration from legacy system department 18
legacy_data_table_0377,label,VARCHAR(255),NO,Column 2 of table legacy_data_table_0377 used for migration from legacy system department 18
legacy_data_table_0377,code,VARCHAR(100),NO,Column 3 of table legacy_data_table_0377 used for migration from legacy system department 18
legacy_data_table_0377,status,VARCHAR(30),YES,Column 4 of table legacy_data_table_0377 used for migration from legacy system department 18
legacy_data_table_0377,value_num,DECIMAL(18,4),YES,Column 5 of table legacy_data_table_0377 used for migration from legacy system department 18
legacy_data_table_0377,value_str,TEXT,YES,Column 6 of table legacy_data_table_0377 used for migration from legacy system department 18
legacy_data_table_0377,ref_key,VARCHAR(80),YES,Column 7 of table legacy_data_table_0377 used for migration from legacy system department 18
legacy_data_table_0377,date_val,TIMESTAMP,YES,Column 8 of table legacy_data_table_0377 used for migration from legacy system department 18
legacy_data_table_0377,flag,BOOLEAN,YES,Column 9 of table legacy_data_table_0377 used for migration from legacy system department 18
legacy_data_table_0377,owner,VARCHAR(80),YES,Column 10 of table legacy_data_table_0377 used for migration from legacy system department 18
legacy_data_table_0377,created_at,TIMESTAMP,YES,Column 11 of table legacy_data_table_0377 used for migration from legacy system department 18
legacy_data_table_0377,updated_at,TIMESTAMP,YES,Column 12 of table legacy_data_table_0377 used for migration from legacy system department 18
legacy_data_table_0378,rec_id,VARCHAR(50),NO,Column 1 of table legacy_data_table_0378 used for migration from legacy system department 19
legacy_data_table_0378,label,VARCHAR(255),NO,Column 2 of table legacy_data_table_0378 used for migration from legacy system department 19
legacy_data_table_0378,code,VARCHAR(100),NO,Column 3 of table legacy_data_table_0378 used for migration from legacy system department 19
legacy_data_table_0378,status,VARCHAR(30),YES,Column 4 of table legacy_data_table_0378 used for migration from legacy system department 19
legacy_data_table_0378,value_num,DECIMAL(18,4),YES,Column 5 of table legacy_data_table_0378 used for migration from legacy system department 19
legacy_data_table_0378,value_str,TEXT,YES,Column 6 of table legacy_data_table_0378 used for migration from legacy system department 19
legacy_data_table_0378,ref_key,VARCHAR(80),YES,Column 7 of table legacy_data_table_0378 used for migration from legacy system department 19
legacy_data_table_0378,date_val,TIMESTAMP,YES,Column 8 of table legacy_data_table_0378 used for migration from legacy system department 19
legacy_data_table_0378,flag,BOOLEAN,YES,Column 9 of table legacy_data_table_0378 used for migration from legacy system department 19
legacy_data_table_0378,owner,VARCHAR(80),YES,Column 10 of table legacy_data_table_0378 used for migration from legacy system department 19
legacy_data_table_0378,created_at,TIMESTAMP,YES,Column 11 of table legacy_data_table_0378 used for migration from legacy system department 19
legacy_data_table_0378,updated_at,TIMESTAMP,YES,Column 12 of table legacy_data_table_0378 used for migration from legacy system department 19
legacy_data_table_0379,rec_id,VARCHAR(50),NO,Column 1 of table legacy_data_table_0379 used for migration from legacy system department 20
legacy_data_table_0379,label,VARCHAR(255),NO,Column 2 of table legacy_data_table_0379 used for migration from legacy system department 20
legacy_data_table_0379,code,VARCHAR(100),NO,Column 3 of table legacy_data_table_0379 used for migration from legacy system department 20
legacy_data_table_0379,status,VARCHAR(30),YES,Column 4 of table legacy_data_table_0379 used for migration from legacy system department 20
legacy_data_table_0379,value_num,DECIMAL(18,4),YES,Column 5 of table legacy_data_table_0379 used for migration from legacy system department 20
legacy_data_table_0379,value_str,TEXT,YES,Column 6 of table legacy_data_table_0379 used for migration from legacy system department 20
legacy_data_table_0379,ref_key,VARCHAR(80),YES,Column 7 of table legacy_data_table_0379 used for migration from legacy system department 20
legacy_data_table_0379,date_val,TIMESTAMP,YES,Column 8 of table legacy_data_table_0379 used for migration from legacy system department 20
legacy_data_table_0379,flag,BOOLEAN,YES,Column 9 of table legacy_data_table_0379 used for migration from legacy system department 20
legacy_data_table_0379,owner,VARCHAR(80),YES,Column 10 of table legacy_data_table_0379 used for migration from legacy system department 20
legacy_data_table_0379,created_at,TIMESTAMP,YES,Column 11 of table legacy_data_table_0379 used for migration from legacy system department 20
legacy_data_table_0379,updated_at,TIMESTAMP,YES,Column 12 of table legacy_data_table_0379 used for migration from legacy system department 20
legacy_data_table_0380,rec_id,VARCHAR(50),NO,Column 1 of table legacy_data_table_0380 used for migration from legacy system department 1
legacy_data_table_0380,label,VARCHAR(255),NO,Column 2 of table legacy_data_table_0380 used for migration from legacy system department 1
legacy_data_table_0380,code,VARCHAR(100),NO,Column 3 of table legacy_data_table_0380 used for migration from legacy system department 1
legacy_data_table_0380,status,VARCHAR(30),YES,Column 4 of table legacy_data_table_0380 used for migration from legacy system department 1
legacy_data_table_0380,value_num,DECIMAL(18,4),YES,Column 5 of table legacy_data_table_0380 used for migration from legacy system department 1
legacy_data_table_0380,value_str,TEXT,YES,Column 6 of table legacy_data_table_0380 used for migration from legacy system department 1
legacy_data_table_0380,ref_key,VARCHAR(80),YES,Column 7 of table legacy_data_table_0380 used for migration from legacy system department 1
legacy_data_table_0380,date_val,TIMESTAMP,YES,Column 8 of table legacy_data_table_0380 used for migration from legacy system department 1
legacy_data_table_0380,flag,BOOLEAN,YES,Column 9 of table legacy_data_table_0380 used for migration from legacy system department 1
legacy_data_table_0380,owner,VARCHAR(80),YES,Column 10 of table legacy_data_table_0380 used for migration from legacy system department 1
legacy_data_table_0380,created_at,TIMESTAMP,YES,Column 11 of table legacy_data_table_0380 used for migration from legacy system department 1
legacy_data_table_0380,updated_at,TIMESTAMP,YES,Column 12 of table legacy_data_table_0380 used for migration from legacy system department 1
legacy_data_table_0381,rec_id,VARCHAR(50),NO,Column 1 of table legacy_data_table_0381 used for migration from legacy system department 2
legacy_data_table_0381,label,VARCHAR(255),NO,Column 2 of table legacy_data_table_0381 used for migration from legacy system department 2
legacy_data_table_0381,code,VARCHAR(100),NO,Column 3 of table legacy_data_table_0381 used for migration from legacy system department 2
legacy_data_table_0381,status,VARCHAR(30),YES,Column 4 of table legacy_data_table_0381 used for migration from legacy system department 2
legacy_data_table_0381,value_num,DECIMAL(18,4),YES,Column 5 of table legacy_data_table_0381 used for migration from legacy system department 2
legacy_data_table_0381,value_str,TEXT,YES,Column 6 of table legacy_data_table_0381 used for migration from legacy system department 2
legacy_data_table_0381,ref_key,VARCHAR(80),YES,Column 7 of table legacy_data_table_0381 used for migration from legacy system department 2
legacy_data_table_0381,date_val,TIMESTAMP,YES,Column 8 of table legacy_data_table_0381 used for migration from legacy system department 2
legacy_data_table_0381,flag,BOOLEAN,YES,Column 9 of table legacy_data_table_0381 used for migration from legacy system department 2
legacy_data_table_0381,owner,VARCHAR(80),YES,Column 10 of table legacy_data_table_0381 used for migration from legacy system department 2
legacy_data_table_0381,created_at,TIMESTAMP,YES,Column 11 of table legacy_data_table_0381 used for migration from legacy system department 2
legacy_data_table_0381,updated_at,TIMESTAMP,YES,Column 12 of table legacy_data_table_0381 used for migration from legacy system department 2
legacy_data_table_0382,rec_id,VARCHAR(50),NO,Column 1 of table legacy_data_table_0382 used for migration from legacy system department 3
legacy_data_table_0382,label,VARCHAR(255),NO,Column 2 of table legacy_data_table_0382 used for migration from legacy system department 3
legacy_data_table_0382,code,VARCHAR(100),NO,Column 3 of table legacy_data_table_0382 used for migration from legacy system department 3
legacy_data_table_0382,status,VARCHAR(30),YES,Column 4 of table legacy_data_table_0382 used for migration from legacy system department 3
legacy_data_table_0382,value_num,DECIMAL(18,4),YES,Column 5 of table legacy_data_table_0382 used for migration from legacy system department 3
legacy_data_table_0382,value_str,TEXT,YES,Column 6 of table legacy_data_table_0382 used for migration from legacy system department 3
legacy_data_table_0382,ref_key,VARCHAR(80),YES,Column 7 of table legacy_data_table_0382 used for migration from legacy system department 3
legacy_data_table_0382,date_val,TIMESTAMP,YES,Column 8 of table legacy_data_table_0382 used for migration from legacy system department 3
legacy_data_table_0382,flag,BOOLEAN,YES,Column 9 of table legacy_data_table_0382 used for migration from legacy system department 3
legacy_data_table_0382,owner,VARCHAR(80),YES,Column 10 of table legacy_data_table_0382 used for migration from legacy system department 3
legacy_data_table_0382,created_at,TIMESTAMP,YES,Column 11 of table legacy_data_table_0382 used for migration from legacy system department 3
legacy_data_table_0382,updated_at,TIMESTAMP,YES,Column 12 of table legacy_data_table_0382 used for migration from legacy system department 3
legacy_data_table_0383,rec_id,VARCHAR(50),NO,Column 1 of table legacy_data_table_0383 used for migration from legacy system department 4
legacy_data_table_0383,label,VARCHAR(255),NO,Column 2 of table legacy_data_table_0383 used for migration from legacy system department 4
legacy_data_table_0383,code,VARCHAR(100),NO,Column 3 of table legacy_data_table_0383 used for migration from legacy system department 4
legacy_data_table_0383,status,VARCHAR(30),YES,Column 4 of table legacy_data_table_0383 used for migration from legacy system department 4
legacy_data_table_0383,value_num,DECIMAL(18,4),YES,Column 5 of table legacy_data_table_0383 used for migration from legacy system department 4
legacy_data_table_0383,value_str,TEXT,YES,Column 6 of table legacy_data_table_0383 used for migration from legacy system department 4
legacy_data_table_0383,ref_key,VARCHAR(80),YES,Column 7 of table legacy_data_table_0383 used for migration from legacy system department 4
legacy_data_table_0383,date_val,TIMESTAMP,YES,Column 8 of table legacy_data_table_0383 used for migration from legacy system department 4
legacy_data_table_0383,flag,BOOLEAN,YES,Column 9 of table legacy_data_table_0383 used for migration from legacy system department 4
legacy_data_table_0383,owner,VARCHAR(80),YES,Column 10 of table legacy_data_table_0383 used for migration from legacy system department 4
legacy_data_table_0383,created_at,TIMESTAMP,YES,Column 11 of table legacy_data_table_0383 used for migration from legacy system department 4
legacy_data_table_0383,updated_at,TIMESTAMP,YES,Column 12 of table legacy_data_table_0383 used for migration from legacy system department 4
legacy_data_table_0384,rec_id,VARCHAR(50),NO,Column 1 of table legacy_data_table_0384 used for migration from legacy system department 5
legacy_data_table_0384,label,VARCHAR(255),NO,Column 2 of table legacy_data_table_0384 used for migration from legacy system department 5
legacy_data_table_0384,code,VARCHAR(100),NO,Column 3 of table legacy_data_table_0384 used for migration from legacy system department 5
legacy_data_table_0384,status,VARCHAR(30),YES,Column 4 of table legacy_data_table_0384 used for migration from legacy system department 5
legacy_data_table_0384,value_num,DECIMAL(18,4),YES,Column 5 of table legacy_data_table_0384 used for migration from legacy system department 5
legacy_data_table_0384,value_str,TEXT,YES,Column 6 of table legacy_data_table_0384 used for migration from legacy system department 5
legacy_data_table_0384,ref_key,VARCHAR(80),YES,Column 7 of table legacy_data_table_0384 used for migration from legacy system department 5
legacy_data_table_0384,date_val,TIMESTAMP,YES,Column 8 of table legacy_data_table_0384 used for migration from legacy system department 5
legacy_data_table_0384,flag,BOOLEAN,YES,Column 9 of table legacy_data_table_0384 used for migration from legacy system department 5
legacy_data_table_0384,owner,VARCHAR(80),YES,Column 10 of table legacy_data_table_0384 used for migration from legacy system department 5
legacy_data_table_0384,created_at,TIMESTAMP,YES,Column 11 of table legacy_data_table_0384 used for migration from legacy system department 5
legacy_data_table_0384,updated_at,TIMESTAMP,YES,Column 12 of table legacy_data_table_0384 used for migration from legacy system department 5
legacy_data_table_0385,rec_id,VARCHAR(50),NO,Column 1 of table legacy_data_table_0385 used for migration from legacy system department 6
legacy_data_table_0385,label,VARCHAR(255),NO,Column 2 of table legacy_data_table_0385 used for migration from legacy system department 6
legacy_data_table_0385,code,VARCHAR(100),NO,Column 3 of table legacy_data_table_0385 used for migration from legacy system department 6
legacy_data_table_0385,status,VARCHAR(30),YES,Column 4 of table legacy_data_table_0385 used for migration from legacy system department 6
legacy_data_table_0385,value_num,DECIMAL(18,4),YES,Column 5 of table legacy_data_table_0385 used for migration from legacy system department 6
legacy_data_table_0385,value_str,TEXT,YES,Column 6 of table legacy_data_table_0385 used for migration from legacy system department 6
legacy_data_table_0385,ref_key,VARCHAR(80),YES,Column 7 of table legacy_data_table_0385 used for migration from legacy system department 6
legacy_data_table_0385,date_val,TIMESTAMP,YES,Column 8 of table legacy_data_table_0385 used for migration from legacy system department 6
legacy_data_table_0385,flag,BOOLEAN,YES,Column 9 of table legacy_data_table_0385 used for migration from legacy system department 6
legacy_data_table_0385,owner,VARCHAR(80),YES,Column 10 of table legacy_data_table_0385 used for migration from legacy system department 6
legacy_data_table_0385,created_at,TIMESTAMP,YES,Column 11 of table legacy_data_table_0385 used for migration from legacy system department 6
legacy_data_table_0385,updated_at,TIMESTAMP,YES,Column 12 of table legacy_data_table_0385 used for migration from legacy system department 6
legacy_data_table_0386,rec_id,VARCHAR(50),NO,Column 1 of table legacy_data_table_0386 used for migration from legacy system department 7
legacy_data_table_0386,label,VARCHAR(255),NO,Column 2 of table legacy_data_table_0386 used for migration from legacy system department 7
legacy_data_table_0386,code,VARCHAR(100),NO,Column 3 of table legacy_data_table_0386 used for migration from legacy system department 7
legacy_data_table_0386,status,VARCHAR(30),YES,Column 4 of table legacy_data_table_0386 used for migration from legacy system department 7
legacy_data_table_0386,value_num,DECIMAL(18,4),YES,Column 5 of table legacy_data_table_0386 used for migration from legacy system department 7
legacy_data_table_0386,value_str,TEXT,YES,Column 6 of table legacy_data_table_0386 used for migration from legacy system department 7
legacy_data_table_0386,ref_key,VARCHAR(80),YES,Column 7 of table legacy_data_table_0386 used for migration from legacy system department 7
legacy_data_table_0386,date_val,TIMESTAMP,YES,Column 8 of table legacy_data_table_0386 used for migration from legacy system department 7
legacy_data_table_0386,flag,BOOLEAN,YES,Column 9 of table legacy_data_table_0386 used for migration from legacy system department 7
legacy_data_table_0386,owner,VARCHAR(80),YES,Column 10 of table legacy_data_table_0386 used for migration from legacy system department 7
legacy_data_table_0386,created_at,TIMESTAMP,YES,Column 11 of table legacy_data_table_0386 used for migration from legacy system department 7
legacy_data_table_0386,updated_at,TIMESTAMP,YES,Column 12 of table legacy_data_table_0386 used for migration from legacy system department 7
legacy_data_table_0387,rec_id,VARCHAR(50),NO,Column 1 of table legacy_data_table_0387 used for migration from legacy system department 8
legacy_data_table_0387,label,VARCHAR(255),NO,Column 2 of table legacy_data_table_0387 used for migration from legacy system department 8
legacy_data_table_0387,code,VARCHAR(100),NO,Column 3 of table legacy_data_table_0387 used for migration from legacy system department 8
legacy_data_table_0387,status,VARCHAR(30),YES,Column 4 of table legacy_data_table_0387 used for migration from legacy system department 8
legacy_data_table_0387,value_num,DECIMAL(18,4),YES,Column 5 of table legacy_data_table_0387 used for migration from legacy system department 8
legacy_data_table_0387,value_str,TEXT,YES,Column 6 of table legacy_data_table_0387 used for migration from legacy system department 8
legacy_data_table_0387,ref_key,VARCHAR(80),YES,Column 7 of table legacy_data_table_0387 used for migration from legacy system department 8
legacy_data_table_0387,date_val,TIMESTAMP,YES,Column 8 of table legacy_data_table_0387 used for migration from legacy system department 8
legacy_data_table_0387,flag,BOOLEAN,YES,Column 9 of table legacy_data_table_0387 used for migration from legacy system department 8
legacy_data_table_0387,owner,VARCHAR(80),YES,Column 10 of table legacy_data_table_0387 used for migration from legacy system department 8
legacy_data_table_0387,created_at,TIMESTAMP,YES,Column 11 of table legacy_data_table_0387 used for migration from legacy system department 8
legacy_data_table_0387,updated_at,TIMESTAMP,YES,Column 12 of table legacy_data_table_0387 used for migration from legacy system department 8
legacy_data_table_0388,rec_id,VARCHAR(50),NO,Column 1 of table legacy_data_table_0388 used for migration from legacy system department 9
legacy_data_table_0388,label,VARCHAR(255),NO,Column 2 of table legacy_data_table_0388 used for migration from legacy system department 9
legacy_data_table_0388,code,VARCHAR(100),NO,Column 3 of table legacy_data_table_0388 used for migration from legacy system department 9
legacy_data_table_0388,status,VARCHAR(30),YES,Column 4 of table legacy_data_table_0388 used for migration from legacy system department 9
legacy_data_table_0388,value_num,DECIMAL(18,4),YES,Column 5 of table legacy_data_table_0388 used for migration from legacy system department 9
legacy_data_table_0388,value_str,TEXT,YES,Column 6 of table legacy_data_table_0388 used for migration from legacy system department 9
legacy_data_table_0388,ref_key,VARCHAR(80),YES,Column 7 of table legacy_data_table_0388 used for migration from legacy system department 9
legacy_data_table_0388,date_val,TIMESTAMP,YES,Column 8 of table legacy_data_table_0388 used for migration from legacy system department 9
legacy_data_table_0388,flag,BOOLEAN,YES,Column 9 of table legacy_data_table_0388 used for migration from legacy system department 9
legacy_data_table_0388,owner,VARCHAR(80),YES,Column 10 of table legacy_data_table_0388 used for migration from legacy system department 9
legacy_data_table_0388,created_at,TIMESTAMP,YES,Column 11 of table legacy_data_table_0388 used for migration from legacy system department 9
legacy_data_table_0388,updated_at,TIMESTAMP,YES,Column 12 of table legacy_data_table_0388 used for migration from legacy system department 9
legacy_data_table_0389,rec_id,VARCHAR(50),NO,Column 1 of table legacy_data_table_0389 used for migration from legacy system department 10
legacy_data_table_0389,label,VARCHAR(255),NO,Column 2 of table legacy_data_table_0389 used for migration from legacy system department 10
legacy_data_table_0389,code,VARCHAR(100),NO,Column 3 of table legacy_data_table_0389 used for migration from legacy system department 10
legacy_data_table_0389,status,VARCHAR(30),YES,Column 4 of table legacy_data_table_0389 used for migration from legacy system department 10
legacy_data_table_0389,value_num,DECIMAL(18,4),YES,Column 5 of table legacy_data_table_0389 used for migration from legacy system department 10
legacy_data_table_0389,value_str,TEXT,YES,Column 6 of table legacy_data_table_0389 used for migration from legacy system department 10
legacy_data_table_0389,ref_key,VARCHAR(80),YES,Column 7 of table legacy_data_table_0389 used for migration from legacy system department 10
legacy_data_table_0389,date_val,TIMESTAMP,YES,Column 8 of table legacy_data_table_0389 used for migration from legacy system department 10
legacy_data_table_0389,flag,BOOLEAN,YES,Column 9 of table legacy_data_table_0389 used for migration from legacy system department 10
legacy_data_table_0389,owner,VARCHAR(80),YES,Column 10 of table legacy_data_table_0389 used for migration from legacy system department 10
legacy_data_table_0389,created_at,TIMESTAMP,YES,Column 11 of table legacy_data_table_0389 used for migration from legacy system department 10
legacy_data_table_0389,updated_at,TIMESTAMP,YES,Column 12 of table legacy_data_table_0389 used for migration from legacy system department 10
legacy_data_table_0390,rec_id,VARCHAR(50),NO,Column 1 of table legacy_data_table_0390 used for migration from legacy system department 11
legacy_data_table_0390,label,VARCHAR(255),NO,Column 2 of table legacy_data_table_0390 used for migration from legacy system department 11
legacy_data_table_0390,code,VARCHAR(100),NO,Column 3 of table legacy_data_table_0390 used for migration from legacy system department 11
legacy_data_table_0390,status,VARCHAR(30),YES,Column 4 of table legacy_data_table_0390 used for migration from legacy system department 11
legacy_data_table_0390,value_num,DECIMAL(18,4),YES,Column 5 of table legacy_data_table_0390 used for migration from legacy system department 11
legacy_data_table_0390,value_str,TEXT,YES,Column 6 of table legacy_data_table_0390 used for migration from legacy system department 11
legacy_data_table_0390,ref_key,VARCHAR(80),YES,Column 7 of table legacy_data_table_0390 used for migration from legacy system department 11
legacy_data_table_0390,date_val,TIMESTAMP,YES,Column 8 of table legacy_data_table_0390 used for migration from legacy system department 11
legacy_data_table_0390,flag,BOOLEAN,YES,Column 9 of table legacy_data_table_0390 used for migration from legacy system department 11
legacy_data_table_0390,owner,VARCHAR(80),YES,Column 10 of table legacy_data_table_0390 used for migration from legacy system department 11
legacy_data_table_0390,created_at,TIMESTAMP,YES,Column 11 of table legacy_data_table_0390 used for migration from legacy system department 11
legacy_data_table_0390,updated_at,TIMESTAMP,YES,Column 12 of table legacy_data_table_0390 used for migration from legacy system department 11
legacy_data_table_0391,rec_id,VARCHAR(50),NO,Column 1 of table legacy_data_table_0391 used for migration from legacy system department 12
legacy_data_table_0391,label,VARCHAR(255),NO,Column 2 of table legacy_data_table_0391 used for migration from legacy system department 12
legacy_data_table_0391,code,VARCHAR(100),NO,Column 3 of table legacy_data_table_0391 used for migration from legacy system department 12
legacy_data_table_0391,status,VARCHAR(30),YES,Column 4 of table legacy_data_table_0391 used for migration from legacy system department 12
legacy_data_table_0391,value_num,DECIMAL(18,4),YES,Column 5 of table legacy_data_table_0391 used for migration from legacy system department 12
legacy_data_table_0391,value_str,TEXT,YES,Column 6 of table legacy_data_table_0391 used for migration from legacy system department 12
legacy_data_table_0391,ref_key,VARCHAR(80),YES,Column 7 of table legacy_data_table_0391 used for migration from legacy system department 12
legacy_data_table_0391,date_val,TIMESTAMP,YES,Column 8 of table legacy_data_table_0391 used for migration from legacy system department 12
legacy_data_table_0391,flag,BOOLEAN,YES,Column 9 of table legacy_data_table_0391 used for migration from legacy system department 12
legacy_data_table_0391,owner,VARCHAR(80),YES,Column 10 of table legacy_data_table_0391 used for migration from legacy system department 12
legacy_data_table_0391,created_at,TIMESTAMP,YES,Column 11 of table legacy_data_table_0391 used for migration from legacy system department 12
legacy_data_table_0391,updated_at,TIMESTAMP,YES,Column 12 of table legacy_data_table_0391 used for migration from legacy system department 12
legacy_data_table_0392,rec_id,VARCHAR(50),NO,Column 1 of table legacy_data_table_0392 used for migration from legacy system department 13
legacy_data_table_0392,label,VARCHAR(255),NO,Column 2 of table legacy_data_table_0392 used for migration from legacy system department 13
legacy_data_table_0392,code,VARCHAR(100),NO,Column 3 of table legacy_data_table_0392 used for migration from legacy system department 13
legacy_data_table_0392,status,VARCHAR(30),YES,Column 4 of table legacy_data_table_0392 used for migration from legacy system department 13
legacy_data_table_0392,value_num,DECIMAL(18,4),YES,Column 5 of table legacy_data_table_0392 used for migration from legacy system department 13
legacy_data_table_0392,value_str,TEXT,YES,Column 6 of table legacy_data_table_0392 used for migration from legacy system department 13
legacy_data_table_0392,ref_key,VARCHAR(80),YES,Column 7 of table legacy_data_table_0392 used for migration from legacy system department 13
legacy_data_table_0392,date_val,TIMESTAMP,YES,Column 8 of table legacy_data_table_0392 used for migration from legacy system department 13
legacy_data_table_0392,flag,BOOLEAN,YES,Column 9 of table legacy_data_table_0392 used for migration from legacy system department 13
legacy_data_table_0392,owner,VARCHAR(80),YES,Column 10 of table legacy_data_table_0392 used for migration from legacy system department 13
legacy_data_table_0392,created_at,TIMESTAMP,YES,Column 11 of table legacy_data_table_0392 used for migration from legacy system department 13
legacy_data_table_0392,updated_at,TIMESTAMP,YES,Column 12 of table legacy_data_table_0392 used for migration from legacy system department 13
legacy_data_table_0393,rec_id,VARCHAR(50),NO,Column 1 of table legacy_data_table_0393 used for migration from legacy system department 14
legacy_data_table_0393,label,VARCHAR(255),NO,Column 2 of table legacy_data_table_0393 used for migration from legacy system department 14
legacy_data_table_0393,code,VARCHAR(100),NO,Column 3 of table legacy_data_table_0393 used for migration from legacy system department 14
legacy_data_table_0393,status,VARCHAR(30),YES,Column 4 of table legacy_data_table_0393 used for migration from legacy system department 14
legacy_data_table_0393,value_num,DECIMAL(18,4),YES,Column 5 of table legacy_data_table_0393 used for migration from legacy system department 14
legacy_data_table_0393,value_str,TEXT,YES,Column 6 of table legacy_data_table_0393 used for migration from legacy system department 14
legacy_data_table_0393,ref_key,VARCHAR(80),YES,Column 7 of table legacy_data_table_0393 used for migration from legacy system department 14
legacy_data_table_0393,date_val,TIMESTAMP,YES,Column 8 of table legacy_data_table_0393 used for migration from legacy system department 14
legacy_data_table_0393,flag,BOOLEAN,YES,Column 9 of table legacy_data_table_0393 used for migration from legacy system department 14
legacy_data_table_0393,owner,VARCHAR(80),YES,Column 10 of table legacy_data_table_0393 used for migration from legacy system department 14
legacy_data_table_0393,created_at,TIMESTAMP,YES,Column 11 of table legacy_data_table_0393 used for migration from legacy system department 14
legacy_data_table_0393,updated_at,TIMESTAMP,YES,Column 12 of table legacy_data_table_0393 used for migration from legacy system department 14
legacy_data_table_0394,rec_id,VARCHAR(50),NO,Column 1 of table legacy_data_table_0394 used for migration from legacy system department 15
legacy_data_table_0394,label,VARCHAR(255),NO,Column 2 of table legacy_data_table_0394 used for migration from legacy system department 15
legacy_data_table_0394,code,VARCHAR(100),NO,Column 3 of table legacy_data_table_0394 used for migration from legacy system department 15
legacy_data_table_0394,status,VARCHAR(30),YES,Column 4 of table legacy_data_table_0394 used for migration from legacy system department 15
legacy_data_table_0394,value_num,DECIMAL(18,4),YES,Column 5 of table legacy_data_table_0394 used for migration from legacy system department 15
legacy_data_table_0394,value_str,TEXT,YES,Column 6 of table legacy_data_table_0394 used for migration from legacy system department 15
legacy_data_table_0394,ref_key,VARCHAR(80),YES,Column 7 of table legacy_data_table_0394 used for migration from legacy system department 15
legacy_data_table_0394,date_val,TIMESTAMP,YES,Column 8 of table legacy_data_table_0394 used for migration from legacy system department 15
legacy_data_table_0394,flag,BOOLEAN,YES,Column 9 of table legacy_data_table_0394 used for migration from legacy system department 15
legacy_data_table_0394,owner,VARCHAR(80),YES,Column 10 of table legacy_data_table_0394 used for migration from legacy system department 15
legacy_data_table_0394,created_at,TIMESTAMP,YES,Column 11 of table legacy_data_table_0394 used for migration from legacy system department 15
legacy_data_table_0394,updated_at,TIMESTAMP,YES,Column 12 of table legacy_data_table_0394 used for migration from legacy system department 15
legacy_data_table_0395,rec_id,VARCHAR(50),NO,Column 1 of table legacy_data_table_0395 used for migration from legacy system department 16
legacy_data_table_0395,label,VARCHAR(255),NO,Column 2 of table legacy_data_table_0395 used for migration from legacy system department 16
legacy_data_table_0395,code,VARCHAR(100),NO,Column 3 of table legacy_data_table_0395 used for migration from legacy system department 16
legacy_data_table_0395,status,VARCHAR(30),YES,Column 4 of table legacy_data_table_0395 used for migration from legacy system department 16
legacy_data_table_0395,value_num,DECIMAL(18,4),YES,Column 5 of table legacy_data_table_0395 used for migration from legacy system department 16
legacy_data_table_0395,value_str,TEXT,YES,Column 6 of table legacy_data_table_0395 used for migration from legacy system department 16
legacy_data_table_0395,ref_key,VARCHAR(80),YES,Column 7 of table legacy_data_table_0395 used for migration from legacy system department 16
legacy_data_table_0395,date_val,TIMESTAMP,YES,Column 8 of table legacy_data_table_0395 used for migration from legacy system department 16
legacy_data_table_0395,flag,BOOLEAN,YES,Column 9 of table legacy_data_table_0395 used for migration from legacy system department 16
legacy_data_table_0395,owner,VARCHAR(80),YES,Column 10 of table legacy_data_table_0395 used for migration from legacy system department 16
legacy_data_table_0395,created_at,TIMESTAMP,YES,Column 11 of table legacy_data_table_0395 used for migration from legacy system department 16
legacy_data_table_0395,updated_at,TIMESTAMP,YES,Column 12 of table legacy_data_table_0395 used for migration from legacy system department 16
legacy_data_table_0396,rec_id,VARCHAR(50),NO,Column 1 of table legacy_data_table_0396 used for migration from legacy system department 17
legacy_data_table_0396,label,VARCHAR(255),NO,Column 2 of table legacy_data_table_0396 used for migration from legacy system department 17
legacy_data_table_0396,code,VARCHAR(100),NO,Column 3 of table legacy_data_table_0396 used for migration from legacy system department 17
legacy_data_table_0396,status,VARCHAR(30),YES,Column 4 of table legacy_data_table_0396 used for migration from legacy system department 17
legacy_data_table_0396,value_num,DECIMAL(18,4),YES,Column 5 of table legacy_data_table_0396 used for migration from legacy system department 17
legacy_data_table_0396,value_str,TEXT,YES,Column 6 of table legacy_data_table_0396 used for migration from legacy system department 17
legacy_data_table_0396,ref_key,VARCHAR(80),YES,Column 7 of table legacy_data_table_0396 used for migration from legacy system department 17
legacy_data_table_0396,date_val,TIMESTAMP,YES,Column 8 of table legacy_data_table_0396 used for migration from legacy system department 17
legacy_data_table_0396,flag,BOOLEAN,YES,Column 9 of table legacy_data_table_0396 used for migration from legacy system department 17
legacy_data_table_0396,owner,VARCHAR(80),YES,Column 10 of table legacy_data_table_0396 used for migration from legacy system department 17
legacy_data_table_0396,created_at,TIMESTAMP,YES,Column 11 of table legacy_data_table_0396 used for migration from legacy system department 17
legacy_data_table_0396,updated_at,TIMESTAMP,YES,Column 12 of table legacy_data_table_0396 used for migration from legacy system department 17
legacy_data_table_0397,rec_id,VARCHAR(50),NO,Column 1 of table legacy_data_table_0397 used for migration from legacy system department 18
legacy_data_table_0397,label,VARCHAR(255),NO,Column 2 of table legacy_data_table_0397 used for migration from legacy system department 18
legacy_data_table_0397,code,VARCHAR(100),NO,Column 3 of table legacy_data_table_0397 used for migration from legacy system department 18
legacy_data_table_0397,status,VARCHAR(30),YES,Column 4 of table legacy_data_table_0397 used for migration from legacy system department 18
legacy_data_table_0397,value_num,DECIMAL(18,4),YES,Column 5 of table legacy_data_table_0397 used for migration from legacy system department 18
legacy_data_table_0397,value_str,TEXT,YES,Column 6 of table legacy_data_table_0397 used for migration from legacy system department 18
legacy_data_table_0397,ref_key,VARCHAR(80),YES,Column 7 of table legacy_data_table_0397 used for migration from legacy system department 18
legacy_data_table_0397,date_val,TIMESTAMP,YES,Column 8 of table legacy_data_table_0397 used for migration from legacy system department 18
legacy_data_table_0397,flag,BOOLEAN,YES,Column 9 of table legacy_data_table_0397 used for migration from legacy system department 18
legacy_data_table_0397,owner,VARCHAR(80),YES,Column 10 of table legacy_data_table_0397 used for migration from legacy system department 18
legacy_data_table_0397,created_at,TIMESTAMP,YES,Column 11 of table legacy_data_table_0397 used for migration from legacy system department 18
legacy_data_table_0397,updated_at,TIMESTAMP,YES,Column 12 of table legacy_data_table_0397 used for migration from legacy system department 18
legacy_data_table_0398,rec_id,VARCHAR(50),NO,Column 1 of table legacy_data_table_0398 used for migration from legacy system department 19
legacy_data_table_0398,label,VARCHAR(255),NO,Column 2 of table legacy_data_table_0398 used for migration from legacy system department 19
legacy_data_table_0398,code,VARCHAR(100),NO,Column 3 of table legacy_data_table_0398 used for migration from legacy system department 19
legacy_data_table_0398,status,VARCHAR(30),YES,Column 4 of table legacy_data_table_0398 used for migration from legacy system department 19
legacy_data_table_0398,value_num,DECIMAL(18,4),YES,Column 5 of table legacy_data_table_0398 used for migration from legacy system department 19
legacy_data_table_0398,value_str,TEXT,YES,Column 6 of table legacy_data_table_0398 used for migration from legacy system department 19
legacy_data_table_0398,ref_key,VARCHAR(80),YES,Column 7 of table legacy_data_table_0398 used for migration from legacy system department 19
legacy_data_table_0398,date_val,TIMESTAMP,YES,Column 8 of table legacy_data_table_0398 used for migration from legacy system department 19
legacy_data_table_0398,flag,BOOLEAN,YES,Column 9 of table legacy_data_table_0398 used for migration from legacy system department 19
legacy_data_table_0398,owner,VARCHAR(80),YES,Column 10 of table legacy_data_table_0398 used for migration from legacy system department 19
legacy_data_table_0398,created_at,TIMESTAMP,YES,Column 11 of table legacy_data_table_0398 used for migration from legacy system department 19
legacy_data_table_0398,updated_at,TIMESTAMP,YES,Column 12 of table legacy_data_table_0398 used for migration from legacy system department 19
legacy_data_table_0399,rec_id,VARCHAR(50),NO,Column 1 of table legacy_data_table_0399 used for migration from legacy system department 20
legacy_data_table_0399,label,VARCHAR(255),NO,Column 2 of table legacy_data_table_0399 used for migration from legacy system department 20
legacy_data_table_0399,code,VARCHAR(100),NO,Column 3 of table legacy_data_table_0399 used for migration from legacy system department 20
legacy_data_table_0399,status,VARCHAR(30),YES,Column 4 of table legacy_data_table_0399 used for migration from legacy system department 20
legacy_data_table_0399,value_num,DECIMAL(18,4),YES,Column 5 of table legacy_data_table_0399 used for migration from legacy system department 20
legacy_data_table_0399,value_str,TEXT,YES,Column 6 of table legacy_data_table_0399 used for migration from legacy system department 20
legacy_data_table_0399,ref_key,VARCHAR(80),YES,Column 7 of table legacy_data_table_0399 used for migration from legacy system department 20
legacy_data_table_0399,date_val,TIMESTAMP,YES,Column 8 of table legacy_data_table_0399 used for migration from legacy system department 20
legacy_data_table_0399,flag,BOOLEAN,YES,Column 9 of table legacy_data_table_0399 used for migration from legacy system department 20
legacy_data_table_0399,owner,VARCHAR(80),YES,Column 10 of table legacy_data_table_0399 used for migration from legacy system department 20
legacy_data_table_0399,created_at,TIMESTAMP,YES,Column 11 of table legacy_data_table_0399 used for migration from legacy system department 20
legacy_data_table_0399,updated_at,TIMESTAMP,YES,Column 12 of table legacy_data_table_0399 used for migration from legacy system department 20
legacy_data_table_0400,rec_id,VARCHAR(50),NO,Column 1 of table legacy_data_table_0400 used for migration from legacy system department 1
legacy_data_table_0400,label,VARCHAR(255),NO,Column 2 of table legacy_data_table_0400 used for migration from legacy system department 1
legacy_data_table_0400,code,VARCHAR(100),NO,Column 3 of table legacy_data_table_0400 used for migration from legacy system department 1
legacy_data_table_0400,status,VARCHAR(30),YES,Column 4 of table legacy_data_table_0400 used for migration from legacy system department 1
legacy_data_table_0400,value_num,DECIMAL(18,4),YES,Column 5 of table legacy_data_table_0400 used for migration from legacy system department 1
legacy_data_table_0400,value_str,TEXT,YES,Column 6 of table legacy_data_table_0400 used for migration from legacy system department 1
legacy_data_table_0400,ref_key,VARCHAR(80),YES,Column 7 of table legacy_data_table_0400 used for migration from legacy system department 1
legacy_data_table_0400,date_val,TIMESTAMP,YES,Column 8 of table legacy_data_table_0400 used for migration from legacy system department 1
legacy_data_table_0400,flag,BOOLEAN,YES,Column 9 of table legacy_data_table_0400 used for migration from legacy system department 1
legacy_data_table_0400,owner,VARCHAR(80),YES,Column 10 of table legacy_data_table_0400 used for migration from legacy system department 1
legacy_data_table_0400,created_at,TIMESTAMP,YES,Column 11 of table legacy_data_table_0400 used for migration from legacy system department 1
legacy_data_table_0400,updated_at,TIMESTAMP,YES,Column 12 of table legacy_data_table_0400 used for migration from legacy system department 1
legacy_data_table_0401,rec_id,VARCHAR(50),NO,Column 1 of table legacy_data_table_0401 used for migration from legacy system department 2
legacy_data_table_0401,label,VARCHAR(255),NO,Column 2 of table legacy_data_table_0401 used for migration from legacy system department 2
legacy_data_table_0401,code,VARCHAR(100),NO,Column 3 of table legacy_data_table_0401 used for migration from legacy system department 2
legacy_data_table_0401,status,VARCHAR(30),YES,Column 4 of table legacy_data_table_0401 used for migration from legacy system department 2
legacy_data_table_0401,value_num,DECIMAL(18,4),YES,Column 5 of table legacy_data_table_0401 used for migration from legacy system department 2
legacy_data_table_0401,value_str,TEXT,YES,Column 6 of table legacy_data_table_0401 used for migration from legacy system department 2
legacy_data_table_0401,ref_key,VARCHAR(80),YES,Column 7 of table legacy_data_table_0401 used for migration from legacy system department 2
legacy_data_table_0401,date_val,TIMESTAMP,YES,Column 8 of table legacy_data_table_0401 used for migration from legacy system department 2
legacy_data_table_0401,flag,BOOLEAN,YES,Column 9 of table legacy_data_table_0401 used for migration from legacy system department 2
legacy_data_table_0401,owner,VARCHAR(80),YES,Column 10 of table legacy_data_table_0401 used for migration from legacy system department 2
legacy_data_table_0401,created_at,TIMESTAMP,YES,Column 11 of table legacy_data_table_0401 used for migration from legacy system department 2
legacy_data_table_0401,updated_at,TIMESTAMP,YES,Column 12 of table legacy_data_table_0401 used for migration from legacy system department 2
legacy_data_table_0402,rec_id,VARCHAR(50),NO,Column 1 of table legacy_data_table_0402 used for migration from legacy system department 3
legacy_data_table_0402,label,VARCHAR(255),NO,Column 2 of table legacy_data_table_0402 used for migration from legacy system department 3
legacy_data_table_0402,code,VARCHAR(100),NO,Column 3 of table legacy_data_table_0402 used for migration from legacy system department 3
legacy_data_table_0402,status,VARCHAR(30),YES,Column 4 of table legacy_data_table_0402 used for migration from legacy system department 3
legacy_data_table_0402,value_num,DECIMAL(18,4),YES,Column 5 of table legacy_data_table_0402 used for migration from legacy system department 3
legacy_data_table_0402,value_str,TEXT,YES,Column 6 of table legacy_data_table_0402 used for migration from legacy system department 3
legacy_data_table_0402,ref_key,VARCHAR(80),YES,Column 7 of table legacy_data_table_0402 used for migration from legacy system department 3
legacy_data_table_0402,date_val,TIMESTAMP,YES,Column 8 of table legacy_data_table_0402 used for migration from legacy system department 3
legacy_data_table_0402,flag,BOOLEAN,YES,Column 9 of table legacy_data_table_0402 used for migration from legacy system department 3
legacy_data_table_0402,owner,VARCHAR(80),YES,Column 10 of table legacy_data_table_0402 used for migration from legacy system department 3
legacy_data_table_0402,created_at,TIMESTAMP,YES,Column 11 of table legacy_data_table_0402 used for migration from legacy system department 3
legacy_data_table_0402,updated_at,TIMESTAMP,YES,Column 12 of table legacy_data_table_0402 used for migration from legacy system department 3
legacy_data_table_0403,rec_id,VARCHAR(50),NO,Column 1 of table legacy_data_table_0403 used for migration from legacy system department 4
legacy_data_table_0403,label,VARCHAR(255),NO,Column 2 of table legacy_data_table_0403 used for migration from legacy system department 4
legacy_data_table_0403,code,VARCHAR(100),NO,Column 3 of table legacy_data_table_0403 used for migration from legacy system department 4
legacy_data_table_0403,status,VARCHAR(30),YES,Column 4 of table legacy_data_table_0403 used for migration from legacy system department 4
legacy_data_table_0403,value_num,DECIMAL(18,4),YES,Column 5 of table legacy_data_table_0403 used for migration from legacy system department 4
legacy_data_table_0403,value_str,TEXT,YES,Column 6 of table legacy_data_table_0403 used for migration from legacy system department 4
legacy_data_table_0403,ref_key,VARCHAR(80),YES,Column 7 of table legacy_data_table_0403 used for migration from legacy system department 4
legacy_data_table_0403,date_val,TIMESTAMP,YES,Column 8 of table legacy_data_table_0403 used for migration from legacy system department 4
legacy_data_table_0403,flag,BOOLEAN,YES,Column 9 of table legacy_data_table_0403 used for migration from legacy system department 4
legacy_data_table_0403,owner,VARCHAR(80),YES,Column 10 of table legacy_data_table_0403 used for migration from legacy system department 4
legacy_data_table_0403,created_at,TIMESTAMP,YES,Column 11 of table legacy_data_table_0403 used for migration from legacy system department 4
legacy_data_table_0403,updated_at,TIMESTAMP,YES,Column 12 of table legacy_data_table_0403 used for migration from legacy system department 4
legacy_data_table_0404,rec_id,VARCHAR(50),NO,Column 1 of table legacy_data_table_0404 used for migration from legacy system department 5
legacy_data_table_0404,label,VARCHAR(255),NO,Column 2 of table legacy_data_table_0404 used for migration from legacy system department 5
legacy_data_table_0404,code,VARCHAR(100),NO,Column 3 of table legacy_data_table_0404 used for migration from legacy system department 5
legacy_data_table_0404,status,VARCHAR(30),YES,Column 4 of table legacy_data_table_0404 used for migration from legacy system department 5
legacy_data_table_0404,value_num,DECIMAL(18,4),YES,Column 5 of table legacy_data_table_0404 used for migration from legacy system department 5
legacy_data_table_0404,value_str,TEXT,YES,Column 6 of table legacy_data_table_0404 used for migration from legacy system department 5
legacy_data_table_0404,ref_key,VARCHAR(80),YES,Column 7 of table legacy_data_table_0404 used for migration from legacy system department 5
legacy_data_table_0404,date_val,TIMESTAMP,YES,Column 8 of table legacy_data_table_0404 used for migration from legacy system department 5
legacy_data_table_0404,flag,BOOLEAN,YES,Column 9 of table legacy_data_table_0404 used for migration from legacy system department 5
legacy_data_table_0404,owner,VARCHAR(80),YES,Column 10 of table legacy_data_table_0404 used for migration from legacy system department 5
legacy_data_table_0404,created_at,TIMESTAMP,YES,Column 11 of table legacy_data_table_0404 used for migration from legacy system department 5
legacy_data_table_0404,updated_at,TIMESTAMP,YES,Column 12 of table legacy_data_table_0404 used for migration from legacy system department 5
legacy_data_table_0405,rec_id,VARCHAR(50),NO,Column 1 of table legacy_data_table_0405 used for migration from legacy system department 6
legacy_data_table_0405,label,VARCHAR(255),NO,Column 2 of table legacy_data_table_0405 used for migration from legacy system department 6
legacy_data_table_0405,code,VARCHAR(100),NO,Column 3 of table legacy_data_table_0405 used for migration from legacy system department 6
legacy_data_table_0405,status,VARCHAR(30),YES,Column 4 of table legacy_data_table_0405 used for migration from legacy system department 6
legacy_data_table_0405,value_num,DECIMAL(18,4),YES,Column 5 of table legacy_data_table_0405 used for migration from legacy system department 6
legacy_data_table_0405,value_str,TEXT,YES,Column 6 of table legacy_data_table_0405 used for migration from legacy system department 6
legacy_data_table_0405,ref_key,VARCHAR(80),YES,Column 7 of table legacy_data_table_0405 used for migration from legacy system department 6
legacy_data_table_0405,date_val,TIMESTAMP,YES,Column 8 of table legacy_data_table_0405 used for migration from legacy system department 6
legacy_data_table_0405,flag,BOOLEAN,YES,Column 9 of table legacy_data_table_0405 used for migration from legacy system department 6
legacy_data_table_0405,owner,VARCHAR(80),YES,Column 10 of table legacy_data_table_0405 used for migration from legacy system department 6
legacy_data_table_0405,created_at,TIMESTAMP,YES,Column 11 of table legacy_data_table_0405 used for migration from legacy system department 6
legacy_data_table_0405,updated_at,TIMESTAMP,YES,Column 12 of table legacy_data_table_0405 used for migration from legacy system department 6
legacy_data_table_0406,rec_id,VARCHAR(50),NO,Column 1 of table legacy_data_table_0406 used for migration from legacy system department 7
legacy_data_table_0406,label,VARCHAR(255),NO,Column 2 of table legacy_data_table_0406 used for migration from legacy system department 7
legacy_data_table_0406,code,VARCHAR(100),NO,Column 3 of table legacy_data_table_0406 used for migration from legacy system department 7
legacy_data_table_0406,status,VARCHAR(30),YES,Column 4 of table legacy_data_table_0406 used for migration from legacy system department 7
legacy_data_table_0406,value_num,DECIMAL(18,4),YES,Column 5 of table legacy_data_table_0406 used for migration from legacy system department 7
legacy_data_table_0406,value_str,TEXT,YES,Column 6 of table legacy_data_table_0406 used for migration from legacy system department 7
legacy_data_table_0406,ref_key,VARCHAR(80),YES,Column 7 of table legacy_data_table_0406 used for migration from legacy system department 7
legacy_data_table_0406,date_val,TIMESTAMP,YES,Column 8 of table legacy_data_table_0406 used for migration from legacy system department 7
legacy_data_table_0406,flag,BOOLEAN,YES,Column 9 of table legacy_data_table_0406 used for migration from legacy system department 7
legacy_data_table_0406,owner,VARCHAR(80),YES,Column 10 of table legacy_data_table_0406 used for migration from legacy system department 7
legacy_data_table_0406,created_at,TIMESTAMP,YES,Column 11 of table legacy_data_table_0406 used for migration from legacy system department 7
legacy_data_table_0406,updated_at,TIMESTAMP,YES,Column 12 of table legacy_data_table_0406 used for migration from legacy system department 7
legacy_data_table_0407,rec_id,VARCHAR(50),NO,Column 1 of table legacy_data_table_0407 used for migration from legacy system department 8
legacy_data_table_0407,label,VARCHAR(255),NO,Column 2 of table legacy_data_table_0407 used for migration from legacy system department 8
legacy_data_table_0407,code,VARCHAR(100),NO,Column 3 of table legacy_data_table_0407 used for migration from legacy system department 8
legacy_data_table_0407,status,VARCHAR(30),YES,Column 4 of table legacy_data_table_0407 used for migration from legacy system department 8
legacy_data_table_0407,value_num,DECIMAL(18,4),YES,Column 5 of table legacy_data_table_0407 used for migration from legacy system department 8
legacy_data_table_0407,value_str,TEXT,YES,Column 6 of table legacy_data_table_0407 used for migration from legacy system department 8
legacy_data_table_0407,ref_key,VARCHAR(80),YES,Column 7 of table legacy_data_table_0407 used for migration from legacy system department 8
legacy_data_table_0407,date_val,TIMESTAMP,YES,Column 8 of table legacy_data_table_0407 used for migration from legacy system department 8
legacy_data_table_0407,flag,BOOLEAN,YES,Column 9 of table legacy_data_table_0407 used for migration from legacy system department 8
legacy_data_table_0407,owner,VARCHAR(80),YES,Column 10 of table legacy_data_table_0407 used for migration from legacy system department 8
legacy_data_table_0407,created_at,TIMESTAMP,YES,Column 11 of table legacy_data_table_0407 used for migration from legacy system department 8
legacy_data_table_0407,updated_at,TIMESTAMP,YES,Column 12 of table legacy_data_table_0407 used for migration from legacy system department 8
legacy_data_table_0408,rec_id,VARCHAR(50),NO,Column 1 of table legacy_data_table_0408 used for migration from legacy system department 9
legacy_data_table_0408,label,VARCHAR(255),NO,Column 2 of table legacy_data_table_0408 used for migration from legacy system department 9
legacy_data_table_0408,code,VARCHAR(100),NO,Column 3 of table legacy_data_table_0408 used for migration from legacy system department 9
legacy_data_table_0408,status,VARCHAR(30),YES,Column 4 of table legacy_data_table_0408 used for migration from legacy system department 9
legacy_data_table_0408,value_num,DECIMAL(18,4),YES,Column 5 of table legacy_data_table_0408 used for migration from legacy system department 9
legacy_data_table_0408,value_str,TEXT,YES,Column 6 of table legacy_data_table_0408 used for migration from legacy system department 9
legacy_data_table_0408,ref_key,VARCHAR(80),YES,Column 7 of table legacy_data_table_0408 used for migration from legacy system department 9
legacy_data_table_0408,date_val,TIMESTAMP,YES,Column 8 of table legacy_data_table_0408 used for migration from legacy system department 9
legacy_data_table_0408,flag,BOOLEAN,YES,Column 9 of table legacy_data_table_0408 used for migration from legacy system department 9
legacy_data_table_0408,owner,VARCHAR(80),YES,Column 10 of table legacy_data_table_0408 used for migration from legacy system department 9
legacy_data_table_0408,created_at,TIMESTAMP,YES,Column 11 of table legacy_data_table_0408 used for migration from legacy system department 9
legacy_data_table_0408,updated_at,TIMESTAMP,YES,Column 12 of table legacy_data_table_0408 used for migration from legacy system department 9
legacy_data_table_0409,rec_id,VARCHAR(50),NO,Column 1 of table legacy_data_table_0409 used for migration from legacy system department 10
legacy_data_table_0409,label,VARCHAR(255),NO,Column 2 of table legacy_data_table_0409 used for migration from legacy system department 10
legacy_data_table_0409,code,VARCHAR(100),NO,Column 3 of table legacy_data_table_0409 used for migration from legacy system department 10
legacy_data_table_0409,status,VARCHAR(30),YES,Column 4 of table legacy_data_table_0409 used for migration from legacy system department 10
legacy_data_table_0409,value_num,DECIMAL(18,4),YES,Column 5 of table legacy_data_table_0409 used for migration from legacy system department 10
legacy_data_table_0409,value_str,TEXT,YES,Column 6 of table legacy_data_table_0409 used for migration from legacy system department 10
legacy_data_table_0409,ref_key,VARCHAR(80),YES,Column 7 of table legacy_data_table_0409 used for migration from legacy system department 10
legacy_data_table_0409,date_val,TIMESTAMP,YES,Column 8 of table legacy_data_table_0409 used for migration from legacy system department 10
legacy_data_table_0409,flag,BOOLEAN,YES,Column 9 of table legacy_data_table_0409 used for migration from legacy system department 10
legacy_data_table_0409,owner,VARCHAR(80),YES,Column 10 of table legacy_data_table_0409 used for migration from legacy system department 10
legacy_data_table_0409,created_at,TIMESTAMP,YES,Column 11 of table legacy_data_table_0409 used for migration from legacy system department 10
legacy_data_table_0409,updated_at,TIMESTAMP,YES,Column 12 of table legacy_data_table_0409 used for migration from legacy system department 10
legacy_data_table_0410,rec_id,VARCHAR(50),NO,Column 1 of table legacy_data_table_0410 used for migration from legacy system department 11
legacy_data_table_0410,label,VARCHAR(255),NO,Column 2 of table legacy_data_table_0410 used for migration from legacy system department 11
legacy_data_table_0410,code,VARCHAR(100),NO,Column 3 of table legacy_data_table_0410 used for migration from legacy system department 11
legacy_data_table_0410,status,VARCHAR(30),YES,Column 4 of table legacy_data_table_0410 used for migration from legacy system department 11
legacy_data_table_0410,value_num,DECIMAL(18,4),YES,Column 5 of table legacy_data_table_0410 used for migration from legacy system department 11
legacy_data_table_0410,value_str,TEXT,YES,Column 6 of table legacy_data_table_0410 used for migration from legacy system department 11
legacy_data_table_0410,ref_key,VARCHAR(80),YES,Column 7 of table legacy_data_table_0410 used for migration from legacy system department 11
legacy_data_table_0410,date_val,TIMESTAMP,YES,Column 8 of table legacy_data_table_0410 used for migration from legacy system department 11
legacy_data_table_0410,flag,BOOLEAN,YES,Column 9 of table legacy_data_table_0410 used for migration from legacy system department 11
legacy_data_table_0410,owner,VARCHAR(80),YES,Column 10 of table legacy_data_table_0410 used for migration from legacy system department 11
legacy_data_table_0410,created_at,TIMESTAMP,YES,Column 11 of table legacy_data_table_0410 used for migration from legacy system department 11
legacy_data_table_0410,updated_at,TIMESTAMP,YES,Column 12 of table legacy_data_table_0410 used for migration from legacy system department 11
legacy_data_table_0411,rec_id,VARCHAR(50),NO,Column 1 of table legacy_data_table_0411 used for migration from legacy system department 12
legacy_data_table_0411,label,VARCHAR(255),NO,Column 2 of table legacy_data_table_0411 used for migration from legacy system department 12
legacy_data_table_0411,code,VARCHAR(100),NO,Column 3 of table legacy_data_table_0411 used for migration from legacy system department 12
legacy_data_table_0411,status,VARCHAR(30),YES,Column 4 of table legacy_data_table_0411 used for migration from legacy system department 12
legacy_data_table_0411,value_num,DECIMAL(18,4),YES,Column 5 of table legacy_data_table_0411 used for migration from legacy system department 12
legacy_data_table_0411,value_str,TEXT,YES,Column 6 of table legacy_data_table_0411 used for migration from legacy system department 12
legacy_data_table_0411,ref_key,VARCHAR(80),YES,Column 7 of table legacy_data_table_0411 used for migration from legacy system department 12
legacy_data_table_0411,date_val,TIMESTAMP,YES,Column 8 of table legacy_data_table_0411 used for migration from legacy system department 12
legacy_data_table_0411,flag,BOOLEAN,YES,Column 9 of table legacy_data_table_0411 used for migration from legacy system department 12
legacy_data_table_0411,owner,VARCHAR(80),YES,Column 10 of table legacy_data_table_0411 used for migration from legacy system department 12
legacy_data_table_0411,created_at,TIMESTAMP,YES,Column 11 of table legacy_data_table_0411 used for migration from legacy system department 12
legacy_data_table_0411,updated_at,TIMESTAMP,YES,Column 12 of table legacy_data_table_0411 used for migration from legacy system department 12
legacy_data_table_0412,rec_id,VARCHAR(50),NO,Column 1 of table legacy_data_table_0412 used for migration from legacy system department 13
legacy_data_table_0412,label,VARCHAR(255),NO,Column 2 of table legacy_data_table_0412 used for migration from legacy system department 13
legacy_data_table_0412,code,VARCHAR(100),NO,Column 3 of table legacy_data_table_0412 used for migration from legacy system department 13
legacy_data_table_0412,status,VARCHAR(30),YES,Column 4 of table legacy_data_table_0412 used for migration from legacy system department 13
legacy_data_table_0412,value_num,DECIMAL(18,4),YES,Column 5 of table legacy_data_table_0412 used for migration from legacy system department 13
legacy_data_table_0412,value_str,TEXT,YES,Column 6 of table legacy_data_table_0412 used for migration from legacy system department 13
legacy_data_table_0412,ref_key,VARCHAR(80),YES,Column 7 of table legacy_data_table_0412 used for migration from legacy system department 13
legacy_data_table_0412,date_val,TIMESTAMP,YES,Column 8 of table legacy_data_table_0412 used for migration from legacy system department 13
legacy_data_table_0412,flag,BOOLEAN,YES,Column 9 of table legacy_data_table_0412 used for migration from legacy system department 13
legacy_data_table_0412,owner,VARCHAR(80),YES,Column 10 of table legacy_data_table_0412 used for migration from legacy system department 13
legacy_data_table_0412,created_at,TIMESTAMP,YES,Column 11 of table legacy_data_table_0412 used for migration from legacy system department 13
legacy_data_table_0412,updated_at,TIMESTAMP,YES,Column 12 of table legacy_data_table_0412 used for migration from legacy system department 13
legacy_data_table_0413,rec_id,VARCHAR(50),NO,Column 1 of table legacy_data_table_0413 used for migration from legacy system department 14
legacy_data_table_0413,label,VARCHAR(255),NO,Column 2 of table legacy_data_table_0413 used for migration from legacy system department 14
legacy_data_table_0413,code,VARCHAR(100),NO,Column 3 of table legacy_data_table_0413 used for migration from legacy system department 14
legacy_data_table_0413,status,VARCHAR(30),YES,Column 4 of table legacy_data_table_0413 used for migration from legacy system department 14
legacy_data_table_0413,value_num,DECIMAL(18,4),YES,Column 5 of table legacy_data_table_0413 used for migration from legacy system department 14
legacy_data_table_0413,value_str,TEXT,YES,Column 6 of table legacy_data_table_0413 used for migration from legacy system department 14
legacy_data_table_0413,ref_key,VARCHAR(80),YES,Column 7 of table legacy_data_table_0413 used for migration from legacy system department 14
legacy_data_table_0413,date_val,TIMESTAMP,YES,Column 8 of table legacy_data_table_0413 used for migration from legacy system department 14
legacy_data_table_0413,flag,BOOLEAN,YES,Column 9 of table legacy_data_table_0413 used for migration from legacy system department 14
legacy_data_table_0413,owner,VARCHAR(80),YES,Column 10 of table legacy_data_table_0413 used for migration from legacy system department 14
legacy_data_table_0413,created_at,TIMESTAMP,YES,Column 11 of table legacy_data_table_0413 used for migration from legacy system department 14
legacy_data_table_0413,updated_at,TIMESTAMP,YES,Column 12 of table legacy_data_table_0413 used for migration from legacy system department 14
legacy_data_table_0414,rec_id,VARCHAR(50),NO,Column 1 of table legacy_data_table_0414 used for migration from legacy system department 15
legacy_data_table_0414,label,VARCHAR(255),NO,Column 2 of table legacy_data_table_0414 used for migration from legacy system department 15
legacy_data_table_0414,code,VARCHAR(100),NO,Column 3 of table legacy_data_table_0414 used for migration from legacy system department 15
legacy_data_table_0414,status,VARCHAR(30),YES,Column 4 of table legacy_data_table_0414 used for migration from legacy system department 15
legacy_data_table_0414,value_num,DECIMAL(18,4),YES,Column 5 of table legacy_data_table_0414 used for migration from legacy system department 15
legacy_data_table_0414,value_str,TEXT,YES,Column 6 of table legacy_data_table_0414 used for migration from legacy system department 15
legacy_data_table_0414,ref_key,VARCHAR(80),YES,Column 7 of table legacy_data_table_0414 used for migration from legacy system department 15
legacy_data_table_0414,date_val,TIMESTAMP,YES,Column 8 of table legacy_data_table_0414 used for migration from legacy system department 15
legacy_data_table_0414,flag,BOOLEAN,YES,Column 9 of table legacy_data_table_0414 used for migration from legacy system department 15
legacy_data_table_0414,owner,VARCHAR(80),YES,Column 10 of table legacy_data_table_0414 used for migration from legacy system department 15
legacy_data_table_0414,created_at,TIMESTAMP,YES,Column 11 of table legacy_data_table_0414 used for migration from legacy system department 15
legacy_data_table_0414,updated_at,TIMESTAMP,YES,Column 12 of table legacy_data_table_0414 used for migration from legacy system department 15
legacy_data_table_0415,rec_id,VARCHAR(50),NO,Column 1 of table legacy_data_table_0415 used for migration from legacy system department 16
legacy_data_table_0415,label,VARCHAR(255),NO,Column 2 of table legacy_data_table_0415 used for migration from legacy system department 16
legacy_data_table_0415,code,VARCHAR(100),NO,Column 3 of table legacy_data_table_0415 used for migration from legacy system department 16
legacy_data_table_0415,status,VARCHAR(30),YES,Column 4 of table legacy_data_table_0415 used for migration from legacy system department 16
legacy_data_table_0415,value_num,DECIMAL(18,4),YES,Column 5 of table legacy_data_table_0415 used for migration from legacy system department 16
legacy_data_table_0415,value_str,TEXT,YES,Column 6 of table legacy_data_table_0415 used for migration from legacy system department 16
legacy_data_table_0415,ref_key,VARCHAR(80),YES,Column 7 of table legacy_data_table_0415 used for migration from legacy system department 16
legacy_data_table_0415,date_val,TIMESTAMP,YES,Column 8 of table legacy_data_table_0415 used for migration from legacy system department 16
legacy_data_table_0415,flag,BOOLEAN,YES,Column 9 of table legacy_data_table_0415 used for migration from legacy system department 16
legacy_data_table_0415,owner,VARCHAR(80),YES,Column 10 of table legacy_data_table_0415 used for migration from legacy system department 16
legacy_data_table_0415,created_at,TIMESTAMP,YES,Column 11 of table legacy_data_table_0415 used for migration from legacy system department 16
legacy_data_table_0415,updated_at,TIMESTAMP,YES,Column 12 of table legacy_data_table_0415 used for migration from legacy system department 16
legacy_data_table_0416,rec_id,VARCHAR(50),NO,Column 1 of table legacy_data_table_0416 used for migration from legacy system department 17
legacy_data_table_0416,label,VARCHAR(255),NO,Column 2 of table legacy_data_table_0416 used for migration from legacy system department 17
legacy_data_table_0416,code,VARCHAR(100),NO,Column 3 of table legacy_data_table_0416 used for migration from legacy system department 17
legacy_data_table_0416,status,VARCHAR(30),YES,Column 4 of table legacy_data_table_0416 used for migration from legacy system department 17
legacy_data_table_0416,value_num,DECIMAL(18,4),YES,Column 5 of table legacy_data_table_0416 used for migration from legacy system department 17
legacy_data_table_0416,value_str,TEXT,YES,Column 6 of table legacy_data_table_0416 used for migration from legacy system department 17
legacy_data_table_0416,ref_key,VARCHAR(80),YES,Column 7 of table legacy_data_table_0416 used for migration from legacy system department 17
legacy_data_table_0416,date_val,TIMESTAMP,YES,Column 8 of table legacy_data_table_0416 used for migration from legacy system department 17
legacy_data_table_0416,flag,BOOLEAN,YES,Column 9 of table legacy_data_table_0416 used for migration from legacy system department 17
legacy_data_table_0416,owner,VARCHAR(80),YES,Column 10 of table legacy_data_table_0416 used for migration from legacy system department 17
legacy_data_table_0416,created_at,TIMESTAMP,YES,Column 11 of table legacy_data_table_0416 used for migration from legacy system department 17
legacy_data_table_0416,updated_at,TIMESTAMP,YES,Column 12 of table legacy_data_table_0416 used for migration from legacy system department 17
legacy_data_table_0417,rec_id,VARCHAR(50),NO,Column 1 of table legacy_data_table_0417 used for migration from legacy system department 18
legacy_data_table_0417,label,VARCHAR(255),NO,Column 2 of table legacy_data_table_0417 used for migration from legacy system department 18
legacy_data_table_0417,code,VARCHAR(100),NO,Column 3 of table legacy_data_table_0417 used for migration from legacy system department 18
legacy_data_table_0417,status,VARCHAR(30),YES,Column 4 of table legacy_data_table_0417 used for migration from legacy system department 18
legacy_data_table_0417,value_num,DECIMAL(18,4),YES,Column 5 of table legacy_data_table_0417 used for migration from legacy system department 18
legacy_data_table_0417,value_str,TEXT,YES,Column 6 of table legacy_data_table_0417 used for migration from legacy system department 18
legacy_data_table_0417,ref_key,VARCHAR(80),YES,Column 7 of table legacy_data_table_0417 used for migration from legacy system department 18
legacy_data_table_0417,date_val,TIMESTAMP,YES,Column 8 of table legacy_data_table_0417 used for migration from legacy system department 18
legacy_data_table_0417,flag,BOOLEAN,YES,Column 9 of table legacy_data_table_0417 used for migration from legacy system department 18
legacy_data_table_0417,owner,VARCHAR(80),YES,Column 10 of table legacy_data_table_0417 used for migration from legacy system department 18
legacy_data_table_0417,created_at,TIMESTAMP,YES,Column 11 of table legacy_data_table_0417 used for migration from legacy system department 18
legacy_data_table_0417,updated_at,TIMESTAMP,YES,Column 12 of table legacy_data_table_0417 used for migration from legacy system department 18
legacy_data_table_0418,rec_id,VARCHAR(50),NO,Column 1 of table legacy_data_table_0418 used for migration from legacy system department 19
legacy_data_table_0418,label,VARCHAR(255),NO,Column 2 of table legacy_data_table_0418 used for migration from legacy system department 19
legacy_data_table_0418,code,VARCHAR(100),NO,Column 3 of table legacy_data_table_0418 used for migration from legacy system department 19
legacy_data_table_0418,status,VARCHAR(30),YES,Column 4 of table legacy_data_table_0418 used for migration from legacy system department 19
legacy_data_table_0418,value_num,DECIMAL(18,4),YES,Column 5 of table legacy_data_table_0418 used for migration from legacy system department 19
legacy_data_table_0418,value_str,TEXT,YES,Column 6 of table legacy_data_table_0418 used for migration from legacy system department 19
legacy_data_table_0418,ref_key,VARCHAR(80),YES,Column 7 of table legacy_data_table_0418 used for migration from legacy system department 19
legacy_data_table_0418,date_val,TIMESTAMP,YES,Column 8 of table legacy_data_table_0418 used for migration from legacy system department 19
legacy_data_table_0418,flag,BOOLEAN,YES,Column 9 of table legacy_data_table_0418 used for migration from legacy system department 19
legacy_data_table_0418,owner,VARCHAR(80),YES,Column 10 of table legacy_data_table_0418 used for migration from legacy system department 19
legacy_data_table_0418,created_at,TIMESTAMP,YES,Column 11 of table legacy_data_table_0418 used for migration from legacy system department 19
legacy_data_table_0418,updated_at,TIMESTAMP,YES,Column 12 of table legacy_data_table_0418 used for migration from legacy system department 19
legacy_data_table_0419,rec_id,VARCHAR(50),NO,Column 1 of table legacy_data_table_0419 used for migration from legacy system department 20
legacy_data_table_0419,label,VARCHAR(255),NO,Column 2 of table legacy_data_table_0419 used for migration from legacy system department 20
legacy_data_table_0419,code,VARCHAR(100),NO,Column 3 of table legacy_data_table_0419 used for migration from legacy system department 20
legacy_data_table_0419,status,VARCHAR(30),YES,Column 4 of table legacy_data_table_0419 used for migration from legacy system department 20
legacy_data_table_0419,value_num,DECIMAL(18,4),YES,Column 5 of table legacy_data_table_0419 used for migration from legacy system department 20
legacy_data_table_0419,value_str,TEXT,YES,Column 6 of table legacy_data_table_0419 used for migration from legacy system department 20
legacy_data_table_0419,ref_key,VARCHAR(80),YES,Column 7 of table legacy_data_table_0419 used for migration from legacy system department 20
legacy_data_table_0419,date_val,TIMESTAMP,YES,Column 8 of table legacy_data_table_0419 used for migration from legacy system department 20
legacy_data_table_0419,flag,BOOLEAN,YES,Column 9 of table legacy_data_table_0419 used for migration from legacy system department 20
legacy_data_table_0419,owner,VARCHAR(80),YES,Column 10 of table legacy_data_table_0419 used for migration from legacy system department 20
legacy_data_table_0419,created_at,TIMESTAMP,YES,Column 11 of table legacy_data_table_0419 used for migration from legacy system department 20
legacy_data_table_0419,updated_at,TIMESTAMP,YES,Column 12 of table legacy_data_table_0419 used for migration from legacy system department 20
legacy_data_table_0420,rec_id,VARCHAR(50),NO,Column 1 of table legacy_data_table_0420 used for migration from legacy system department 1
legacy_data_table_0420,label,VARCHAR(255),NO,Column 2 of table legacy_data_table_0420 used for migration from legacy system department 1
legacy_data_table_0420,code,VARCHAR(100),NO,Column 3 of table legacy_data_table_0420 used for migration from legacy system department 1
legacy_data_table_0420,status,VARCHAR(30),YES,Column 4 of table legacy_data_table_0420 used for migration from legacy system department 1
legacy_data_table_0420,value_num,DECIMAL(18,4),YES,Column 5 of table legacy_data_table_0420 used for migration from legacy system department 1
legacy_data_table_0420,value_str,TEXT,YES,Column 6 of table legacy_data_table_0420 used for migration from legacy system department 1
legacy_data_table_0420,ref_key,VARCHAR(80),YES,Column 7 of table legacy_data_table_0420 used for migration from legacy system department 1
legacy_data_table_0420,date_val,TIMESTAMP,YES,Column 8 of table legacy_data_table_0420 used for migration from legacy system department 1
legacy_data_table_0420,flag,BOOLEAN,YES,Column 9 of table legacy_data_table_0420 used for migration from legacy system department 1
legacy_data_table_0420,owner,VARCHAR(80),YES,Column 10 of table legacy_data_table_0420 used for migration from legacy system department 1
legacy_data_table_0420,created_at,TIMESTAMP,YES,Column 11 of table legacy_data_table_0420 used for migration from legacy system department 1
legacy_data_table_0420,updated_at,TIMESTAMP,YES,Column 12 of table legacy_data_table_0420 used for migration from legacy system department 1
legacy_data_table_0421,rec_id,VARCHAR(50),NO,Column 1 of table legacy_data_table_0421 used for migration from legacy system department 2
legacy_data_table_0421,label,VARCHAR(255),NO,Column 2 of table legacy_data_table_0421 used for migration from legacy system department 2
legacy_data_table_0421,code,VARCHAR(100),NO,Column 3 of table legacy_data_table_0421 used for migration from legacy system department 2
legacy_data_table_0421,status,VARCHAR(30),YES,Column 4 of table legacy_data_table_0421 used for migration from legacy system department 2
legacy_data_table_0421,value_num,DECIMAL(18,4),YES,Column 5 of table legacy_data_table_0421 used for migration from legacy system department 2
legacy_data_table_0421,value_str,TEXT,YES,Column 6 of table legacy_data_table_0421 used for migration from legacy system department 2
legacy_data_table_0421,ref_key,VARCHAR(80),YES,Column 7 of table legacy_data_table_0421 used for migration from legacy system department 2
legacy_data_table_0421,date_val,TIMESTAMP,YES,Column 8 of table legacy_data_table_0421 used for migration from legacy system department 2
legacy_data_table_0421,flag,BOOLEAN,YES,Column 9 of table legacy_data_table_0421 used for migration from legacy system department 2
legacy_data_table_0421,owner,VARCHAR(80),YES,Column 10 of table legacy_data_table_0421 used for migration from legacy system department 2
legacy_data_table_0421,created_at,TIMESTAMP,YES,Column 11 of table legacy_data_table_0421 used for migration from legacy system department 2
legacy_data_table_0421,updated_at,TIMESTAMP,YES,Column 12 of table legacy_data_table_0421 used for migration from legacy system department 2
legacy_data_table_0422,rec_id,VARCHAR(50),NO,Column 1 of table legacy_data_table_0422 used for migration from legacy system department 3
legacy_data_table_0422,label,VARCHAR(255),NO,Column 2 of table legacy_data_table_0422 used for migration from legacy system department 3
legacy_data_table_0422,code,VARCHAR(100),NO,Column 3 of table legacy_data_table_0422 used for migration from legacy system department 3
legacy_data_table_0422,status,VARCHAR(30),YES,Column 4 of table legacy_data_table_0422 used for migration from legacy system department 3
legacy_data_table_0422,value_num,DECIMAL(18,4),YES,Column 5 of table legacy_data_table_0422 used for migration from legacy system department 3
legacy_data_table_0422,value_str,TEXT,YES,Column 6 of table legacy_data_table_0422 used for migration from legacy system department 3
legacy_data_table_0422,ref_key,VARCHAR(80),YES,Column 7 of table legacy_data_table_0422 used for migration from legacy system department 3
legacy_data_table_0422,date_val,TIMESTAMP,YES,Column 8 of table legacy_data_table_0422 used for migration from legacy system department 3
legacy_data_table_0422,flag,BOOLEAN,YES,Column 9 of table legacy_data_table_0422 used for migration from legacy system department 3
legacy_data_table_0422,owner,VARCHAR(80),YES,Column 10 of table legacy_data_table_0422 used for migration from legacy system department 3
legacy_data_table_0422,created_at,TIMESTAMP,YES,Column 11 of table legacy_data_table_0422 used for migration from legacy system department 3
legacy_data_table_0422,updated_at,TIMESTAMP,YES,Column 12 of table legacy_data_table_0422 used for migration from legacy system department 3
legacy_data_table_0423,rec_id,VARCHAR(50),NO,Column 1 of table legacy_data_table_0423 used for migration from legacy system department 4
legacy_data_table_0423,label,VARCHAR(255),NO,Column 2 of table legacy_data_table_0423 used for migration from legacy system department 4
legacy_data_table_0423,code,VARCHAR(100),NO,Column 3 of table legacy_data_table_0423 used for migration from legacy system department 4
legacy_data_table_0423,status,VARCHAR(30),YES,Column 4 of table legacy_data_table_0423 used for migration from legacy system department 4
legacy_data_table_0423,value_num,DECIMAL(18,4),YES,Column 5 of table legacy_data_table_0423 used for migration from legacy system department 4
legacy_data_table_0423,value_str,TEXT,YES,Column 6 of table legacy_data_table_0423 used for migration from legacy system department 4
legacy_data_table_0423,ref_key,VARCHAR(80),YES,Column 7 of table legacy_data_table_0423 used for migration from legacy system department 4
legacy_data_table_0423,date_val,TIMESTAMP,YES,Column 8 of table legacy_data_table_0423 used for migration from legacy system department 4
legacy_data_table_0423,flag,BOOLEAN,YES,Column 9 of table legacy_data_table_0423 used for migration from legacy system department 4
legacy_data_table_0423,owner,VARCHAR(80),YES,Column 10 of table legacy_data_table_0423 used for migration from legacy system department 4
legacy_data_table_0423,created_at,TIMESTAMP,YES,Column 11 of table legacy_data_table_0423 used for migration from legacy system department 4
legacy_data_table_0423,updated_at,TIMESTAMP,YES,Column 12 of table legacy_data_table_0423 used for migration from legacy system department 4
legacy_data_table_0424,rec_id,VARCHAR(50),NO,Column 1 of table legacy_data_table_0424 used for migration from legacy system department 5
legacy_data_table_0424,label,VARCHAR(255),NO,Column 2 of table legacy_data_table_0424 used for migration from legacy system department 5
legacy_data_table_0424,code,VARCHAR(100),NO,Column 3 of table legacy_data_table_0424 used for migration from legacy system department 5
legacy_data_table_0424,status,VARCHAR(30),YES,Column 4 of table legacy_data_table_0424 used for migration from legacy system department 5
legacy_data_table_0424,value_num,DECIMAL(18,4),YES,Column 5 of table legacy_data_table_0424 used for migration from legacy system department 5
legacy_data_table_0424,value_str,TEXT,YES,Column 6 of table legacy_data_table_0424 used for migration from legacy system department 5
legacy_data_table_0424,ref_key,VARCHAR(80),YES,Column 7 of table legacy_data_table_0424 used for migration from legacy system department 5
legacy_data_table_0424,date_val,TIMESTAMP,YES,Column 8 of table legacy_data_table_0424 used for migration from legacy system department 5
legacy_data_table_0424,flag,BOOLEAN,YES,Column 9 of table legacy_data_table_0424 used for migration from legacy system department 5
legacy_data_table_0424,owner,VARCHAR(80),YES,Column 10 of table legacy_data_table_0424 used for migration from legacy system department 5
legacy_data_table_0424,created_at,TIMESTAMP,YES,Column 11 of table legacy_data_table_0424 used for migration from legacy system department 5
legacy_data_table_0424,updated_at,TIMESTAMP,YES,Column 12 of table legacy_data_table_0424 used for migration from legacy system department 5
legacy_data_table_0425,rec_id,VARCHAR(50),NO,Column 1 of table legacy_data_table_0425 used for migration from legacy system department 6
legacy_data_table_0425,label,VARCHAR(255),NO,Column 2 of table legacy_data_table_0425 used for migration from legacy system department 6
legacy_data_table_0425,code,VARCHAR(100),NO,Column 3 of table legacy_data_table_0425 used for migration from legacy system department 6
legacy_data_table_0425,status,VARCHAR(30),YES,Column 4 of table legacy_data_table_0425 used for migration from legacy system department 6
legacy_data_table_0425,value_num,DECIMAL(18,4),YES,Column 5 of table legacy_data_table_0425 used for migration from legacy system department 6
legacy_data_table_0425,value_str,TEXT,YES,Column 6 of table legacy_data_table_0425 used for migration from legacy system department 6
legacy_data_table_0425,ref_key,VARCHAR(80),YES,Column 7 of table legacy_data_table_0425 used for migration from legacy system department 6
legacy_data_table_0425,date_val,TIMESTAMP,YES,Column 8 of table legacy_data_table_0425 used for migration from legacy system department 6
legacy_data_table_0425,flag,BOOLEAN,YES,Column 9 of table legacy_data_table_0425 used for migration from legacy system department 6
legacy_data_table_0425,owner,VARCHAR(80),YES,Column 10 of table legacy_data_table_0425 used for migration from legacy system department 6
legacy_data_table_0425,created_at,TIMESTAMP,YES,Column 11 of table legacy_data_table_0425 used for migration from legacy system department 6
legacy_data_table_0425,updated_at,TIMESTAMP,YES,Column 12 of table legacy_data_table_0425 used for migration from legacy system department 6
legacy_data_table_0426,rec_id,VARCHAR(50),NO,Column 1 of table legacy_data_table_0426 used for migration from legacy system department 7
legacy_data_table_0426,label,VARCHAR(255),NO,Column 2 of table legacy_data_table_0426 used for migration from legacy system department 7
legacy_data_table_0426,code,VARCHAR(100),NO,Column 3 of table legacy_data_table_0426 used for migration from legacy system department 7
legacy_data_table_0426,status,VARCHAR(30),YES,Column 4 of table legacy_data_table_0426 used for migration from legacy system department 7
legacy_data_table_0426,value_num,DECIMAL(18,4),YES,Column 5 of table legacy_data_table_0426 used for migration from legacy system department 7
legacy_data_table_0426,value_str,TEXT,YES,Column 6 of table legacy_data_table_0426 used for migration from legacy system department 7
legacy_data_table_0426,ref_key,VARCHAR(80),YES,Column 7 of table legacy_data_table_0426 used for migration from legacy system department 7
legacy_data_table_0426,date_val,TIMESTAMP,YES,Column 8 of table legacy_data_table_0426 used for migration from legacy system department 7
legacy_data_table_0426,flag,BOOLEAN,YES,Column 9 of table legacy_data_table_0426 used for migration from legacy system department 7
legacy_data_table_0426,owner,VARCHAR(80),YES,Column 10 of table legacy_data_table_0426 used for migration from legacy system department 7
legacy_data_table_0426,created_at,TIMESTAMP,YES,Column 11 of table legacy_data_table_0426 used for migration from legacy system department 7
legacy_data_table_0426,updated_at,TIMESTAMP,YES,Column 12 of table legacy_data_table_0426 used for migration from legacy system department 7
legacy_data_table_0427,rec_id,VARCHAR(50),NO,Column 1 of table legacy_data_table_0427 used for migration from legacy system department 8
legacy_data_table_0427,label,VARCHAR(255),NO,Column 2 of table legacy_data_table_0427 used for migration from legacy system department 8
legacy_data_table_0427,code,VARCHAR(100),NO,Column 3 of table legacy_data_table_0427 used for migration from legacy system department 8
legacy_data_table_0427,status,VARCHAR(30),YES,Column 4 of table legacy_data_table_0427 used for migration from legacy system department 8
legacy_data_table_0427,value_num,DECIMAL(18,4),YES,Column 5 of table legacy_data_table_0427 used for migration from legacy system department 8
legacy_data_table_0427,value_str,TEXT,YES,Column 6 of table legacy_data_table_0427 used for migration from legacy system department 8
legacy_data_table_0427,ref_key,VARCHAR(80),YES,Column 7 of table legacy_data_table_0427 used for migration from legacy system department 8
legacy_data_table_0427,date_val,TIMESTAMP,YES,Column 8 of table legacy_data_table_0427 used for migration from legacy system department 8
legacy_data_table_0427,flag,BOOLEAN,YES,Column 9 of table legacy_data_table_0427 used for migration from legacy system department 8
legacy_data_table_0427,owner,VARCHAR(80),YES,Column 10 of table legacy_data_table_0427 used for migration from legacy system department 8
legacy_data_table_0427,created_at,TIMESTAMP,YES,Column 11 of table legacy_data_table_0427 used for migration from legacy system department 8
legacy_data_table_0427,updated_at,TIMESTAMP,YES,Column 12 of table legacy_data_table_0427 used for migration from legacy system department 8
legacy_data_table_0428,rec_id,VARCHAR(50),NO,Column 1 of table legacy_data_table_0428 used for migration from legacy system department 9
legacy_data_table_0428,label,VARCHAR(255),NO,Column 2 of table legacy_data_table_0428 used for migration from legacy system department 9
legacy_data_table_0428,code,VARCHAR(100),NO,Column 3 of table legacy_data_table_0428 used for migration from legacy system department 9
legacy_data_table_0428,status,VARCHAR(30),YES,Column 4 of table legacy_data_table_0428 used for migration from legacy system department 9
legacy_data_table_0428,value_num,DECIMAL(18,4),YES,Column 5 of table legacy_data_table_0428 used for migration from legacy system department 9
legacy_data_table_0428,value_str,TEXT,YES,Column 6 of table legacy_data_table_0428 used for migration from legacy system department 9
legacy_data_table_0428,ref_key,VARCHAR(80),YES,Column 7 of table legacy_data_table_0428 used for migration from legacy system department 9
legacy_data_table_0428,date_val,TIMESTAMP,YES,Column 8 of table legacy_data_table_0428 used for migration from legacy system department 9
legacy_data_table_0428,flag,BOOLEAN,YES,Column 9 of table legacy_data_table_0428 used for migration from legacy system department 9
legacy_data_table_0428,owner,VARCHAR(80),YES,Column 10 of table legacy_data_table_0428 used for migration from legacy system department 9
legacy_data_table_0428,created_at,TIMESTAMP,YES,Column 11 of table legacy_data_table_0428 used for migration from legacy system department 9
legacy_data_table_0428,updated_at,TIMESTAMP,YES,Column 12 of table legacy_data_table_0428 used for migration from legacy system department 9
legacy_data_table_0429,rec_id,VARCHAR(50),NO,Column 1 of table legacy_data_table_0429 used for migration from legacy system department 10
legacy_data_table_0429,label,VARCHAR(255),NO,Column 2 of table legacy_data_table_0429 used for migration from legacy system department 10
legacy_data_table_0429,code,VARCHAR(100),NO,Column 3 of table legacy_data_table_0429 used for migration from legacy system department 10
legacy_data_table_0429,status,VARCHAR(30),YES,Column 4 of table legacy_data_table_0429 used for migration from legacy system department 10
legacy_data_table_0429,value_num,DECIMAL(18,4),YES,Column 5 of table legacy_data_table_0429 used for migration from legacy system department 10
legacy_data_table_0429,value_str,TEXT,YES,Column 6 of table legacy_data_table_0429 used for migration from legacy system department 10
legacy_data_table_0429,ref_key,VARCHAR(80),YES,Column 7 of table legacy_data_table_0429 used for migration from legacy system department 10
legacy_data_table_0429,date_val,TIMESTAMP,YES,Column 8 of table legacy_data_table_0429 used for migration from legacy system department 10
legacy_data_table_0429,flag,BOOLEAN,YES,Column 9 of table legacy_data_table_0429 used for migration from legacy system department 10
legacy_data_table_0429,owner,VARCHAR(80),YES,Column 10 of table legacy_data_table_0429 used for migration from legacy system department 10
legacy_data_table_0429,created_at,TIMESTAMP,YES,Column 11 of table legacy_data_table_0429 used for migration from legacy system department 10
legacy_data_table_0429,updated_at,TIMESTAMP,YES,Column 12 of table legacy_data_table_0429 used for migration from legacy system department 10
legacy_data_table_0430,rec_id,VARCHAR(50),NO,Column 1 of table legacy_data_table_0430 used for migration from legacy system department 11
legacy_data_table_0430,label,VARCHAR(255),NO,Column 2 of table legacy_data_table_0430 used for migration from legacy system department 11
legacy_data_table_0430,code,VARCHAR(100),NO,Column 3 of table legacy_data_table_0430 used for migration from legacy system department 11
legacy_data_table_0430,status,VARCHAR(30),YES,Column 4 of table legacy_data_table_0430 used for migration from legacy system department 11
legacy_data_table_0430,value_num,DECIMAL(18,4),YES,Column 5 of table legacy_data_table_0430 used for migration from legacy system department 11
legacy_data_table_0430,value_str,TEXT,YES,Column 6 of table legacy_data_table_0430 used for migration from legacy system department 11
legacy_data_table_0430,ref_key,VARCHAR(80),YES,Column 7 of table legacy_data_table_0430 used for migration from legacy system department 11
legacy_data_table_0430,date_val,TIMESTAMP,YES,Column 8 of table legacy_data_table_0430 used for migration from legacy system department 11
legacy_data_table_0430,flag,BOOLEAN,YES,Column 9 of table legacy_data_table_0430 used for migration from legacy system department 11
legacy_data_table_0430,owner,VARCHAR(80),YES,Column 10 of table legacy_data_table_0430 used for migration from legacy system department 11
legacy_data_table_0430,created_at,TIMESTAMP,YES,Column 11 of table legacy_data_table_0430 used for migration from legacy system department 11
legacy_data_table_0430,updated_at,TIMESTAMP,YES,Column 12 of table legacy_data_table_0430 used for migration from legacy system department 11
legacy_data_table_0431,rec_id,VARCHAR(50),NO,Column 1 of table legacy_data_table_0431 used for migration from legacy system department 12
legacy_data_table_0431,label,VARCHAR(255),NO,Column 2 of table legacy_data_table_0431 used for migration from legacy system department 12
legacy_data_table_0431,code,VARCHAR(100),NO,Column 3 of table legacy_data_table_0431 used for migration from legacy system department 12
legacy_data_table_0431,status,VARCHAR(30),YES,Column 4 of table legacy_data_table_0431 used for migration from legacy system department 12
legacy_data_table_0431,value_num,DECIMAL(18,4),YES,Column 5 of table legacy_data_table_0431 used for migration from legacy system department 12
legacy_data_table_0431,value_str,TEXT,YES,Column 6 of table legacy_data_table_0431 used for migration from legacy system department 12
legacy_data_table_0431,ref_key,VARCHAR(80),YES,Column 7 of table legacy_data_table_0431 used for migration from legacy system department 12
legacy_data_table_0431,date_val,TIMESTAMP,YES,Column 8 of table legacy_data_table_0431 used for migration from legacy system department 12
legacy_data_table_0431,flag,BOOLEAN,YES,Column 9 of table legacy_data_table_0431 used for migration from legacy system department 12
legacy_data_table_0431,owner,VARCHAR(80),YES,Column 10 of table legacy_data_table_0431 used for migration from legacy system department 12
legacy_data_table_0431,created_at,TIMESTAMP,YES,Column 11 of table legacy_data_table_0431 used for migration from legacy system department 12
legacy_data_table_0431,updated_at,TIMESTAMP,YES,Column 12 of table legacy_data_table_0431 used for migration from legacy system department 12
legacy_data_table_0432,rec_id,VARCHAR(50),NO,Column 1 of table legacy_data_table_0432 used for migration from legacy system department 13
legacy_data_table_0432,label,VARCHAR(255),NO,Column 2 of table legacy_data_table_0432 used for migration from legacy system department 13
legacy_data_table_0432,code,VARCHAR(100),NO,Column 3 of table legacy_data_table_0432 used for migration from legacy system department 13
legacy_data_table_0432,status,VARCHAR(30),YES,Column 4 of table legacy_data_table_0432 used for migration from legacy system department 13
legacy_data_table_0432,value_num,DECIMAL(18,4),YES,Column 5 of table legacy_data_table_0432 used for migration from legacy system department 13
legacy_data_table_0432,value_str,TEXT,YES,Column 6 of table legacy_data_table_0432 used for migration from legacy system department 13
legacy_data_table_0432,ref_key,VARCHAR(80),YES,Column 7 of table legacy_data_table_0432 used for migration from legacy system department 13
legacy_data_table_0432,date_val,TIMESTAMP,YES,Column 8 of table legacy_data_table_0432 used for migration from legacy system department 13
legacy_data_table_0432,flag,BOOLEAN,YES,Column 9 of table legacy_data_table_0432 used for migration from legacy system department 13
legacy_data_table_0432,owner,VARCHAR(80),YES,Column 10 of table legacy_data_table_0432 used for migration from legacy system department 13
legacy_data_table_0432,created_at,TIMESTAMP,YES,Column 11 of table legacy_data_table_0432 used for migration from legacy system department 13
legacy_data_table_0432,updated_at,TIMESTAMP,YES,Column 12 of table legacy_data_table_0432 used for migration from legacy system department 13
legacy_data_table_0433,rec_id,VARCHAR(50),NO,Column 1 of table legacy_data_table_0433 used for migration from legacy system department 14
legacy_data_table_0433,label,VARCHAR(255),NO,Column 2 of table legacy_data_table_0433 used for migration from legacy system department 14
legacy_data_table_0433,code,VARCHAR(100),NO,Column 3 of table legacy_data_table_0433 used for migration from legacy system department 14
legacy_data_table_0433,status,VARCHAR(30),YES,Column 4 of table legacy_data_table_0433 used for migration from legacy system department 14
legacy_data_table_0433,value_num,DECIMAL(18,4),YES,Column 5 of table legacy_data_table_0433 used for migration from legacy system department 14
legacy_data_table_0433,value_str,TEXT,YES,Column 6 of table legacy_data_table_0433 used for migration from legacy system department 14
legacy_data_table_0433,ref_key,VARCHAR(80),YES,Column 7 of table legacy_data_table_0433 used for migration from legacy system department 14
legacy_data_table_0433,date_val,TIMESTAMP,YES,Column 8 of table legacy_data_table_0433 used for migration from legacy system department 14
legacy_data_table_0433,flag,BOOLEAN,YES,Column 9 of table legacy_data_table_0433 used for migration from legacy system department 14
legacy_data_table_0433,owner,VARCHAR(80),YES,Column 10 of table legacy_data_table_0433 used for migration from legacy system department 14
legacy_data_table_0433,created_at,TIMESTAMP,YES,Column 11 of table legacy_data_table_0433 used for migration from legacy system department 14
legacy_data_table_0433,updated_at,TIMESTAMP,YES,Column 12 of table legacy_data_table_0433 used for migration from legacy system department 14
legacy_data_table_0434,rec_id,VARCHAR(50),NO,Column 1 of table legacy_data_table_0434 used for migration from legacy system department 15
legacy_data_table_0434,label,VARCHAR(255),NO,Column 2 of table legacy_data_table_0434 used for migration from legacy system department 15
legacy_data_table_0434,code,VARCHAR(100),NO,Column 3 of table legacy_data_table_0434 used for migration from legacy system department 15
legacy_data_table_0434,status,VARCHAR(30),YES,Column 4 of table legacy_data_table_0434 used for migration from legacy system department 15
legacy_data_table_0434,value_num,DECIMAL(18,4),YES,Column 5 of table legacy_data_table_0434 used for migration from legacy system department 15
legacy_data_table_0434,value_str,TEXT,YES,Column 6 of table legacy_data_table_0434 used for migration from legacy system department 15
legacy_data_table_0434,ref_key,VARCHAR(80),YES,Column 7 of table legacy_data_table_0434 used for migration from legacy system department 15
legacy_data_table_0434,date_val,TIMESTAMP,YES,Column 8 of table legacy_data_table_0434 used for migration from legacy system department 15
legacy_data_table_0434,flag,BOOLEAN,YES,Column 9 of table legacy_data_table_0434 used for migration from legacy system department 15
legacy_data_table_0434,owner,VARCHAR(80),YES,Column 10 of table legacy_data_table_0434 used for migration from legacy system department 15
legacy_data_table_0434,created_at,TIMESTAMP,YES,Column 11 of table legacy_data_table_0434 used for migration from legacy system department 15
legacy_data_table_0434,updated_at,TIMESTAMP,YES,Column 12 of table legacy_data_table_0434 used for migration from legacy system department 15
legacy_data_table_0435,rec_id,VARCHAR(50),NO,Column 1 of table legacy_data_table_0435 used for migration from legacy system department 16
legacy_data_table_0435,label,VARCHAR(255),NO,Column 2 of table legacy_data_table_0435 used for migration from legacy system department 16
legacy_data_table_0435,code,VARCHAR(100),NO,Column 3 of table legacy_data_table_0435 used for migration from legacy system department 16
legacy_data_table_0435,status,VARCHAR(30),YES,Column 4 of table legacy_data_table_0435 used for migration from legacy system department 16
legacy_data_table_0435,value_num,DECIMAL(18,4),YES,Column 5 of table legacy_data_table_0435 used for migration from legacy system department 16
legacy_data_table_0435,value_str,TEXT,YES,Column 6 of table legacy_data_table_0435 used for migration from legacy system department 16
legacy_data_table_0435,ref_key,VARCHAR(80),YES,Column 7 of table legacy_data_table_0435 used for migration from legacy system department 16
legacy_data_table_0435,date_val,TIMESTAMP,YES,Column 8 of table legacy_data_table_0435 used for migration from legacy system department 16
legacy_data_table_0435,flag,BOOLEAN,YES,Column 9 of table legacy_data_table_0435 used for migration from legacy system department 16
legacy_data_table_0435,owner,VARCHAR(80),YES,Column 10 of table legacy_data_table_0435 used for migration from legacy system department 16
legacy_data_table_0435,created_at,TIMESTAMP,YES,Column 11 of table legacy_data_table_0435 used for migration from legacy system department 16
legacy_data_table_0435,updated_at,TIMESTAMP,YES,Column 12 of table legacy_data_table_0435 used for migration from legacy system department 16
legacy_data_table_0436,rec_id,VARCHAR(50),NO,Column 1 of table legacy_data_table_0436 used for migration from legacy system department 17
legacy_data_table_0436,label,VARCHAR(255),NO,Column 2 of table legacy_data_table_0436 used for migration from legacy system department 17
legacy_data_table_0436,code,VARCHAR(100),NO,Column 3 of table legacy_data_table_0436 used for migration from legacy system department 17
legacy_data_table_0436,status,VARCHAR(30),YES,Column 4 of table legacy_data_table_0436 used for migration from legacy system department 17
legacy_data_table_0436,value_num,DECIMAL(18,4),YES,Column 5 of table legacy_data_table_0436 used for migration from legacy system department 17
legacy_data_table_0436,value_str,TEXT,YES,Column 6 of table legacy_data_table_0436 used for migration from legacy system department 17
legacy_data_table_0436,ref_key,VARCHAR(80),YES,Column 7 of table legacy_data_table_0436 used for migration from legacy system department 17
legacy_data_table_0436,date_val,TIMESTAMP,YES,Column 8 of table legacy_data_table_0436 used for migration from legacy system department 17
legacy_data_table_0436,flag,BOOLEAN,YES,Column 9 of table legacy_data_table_0436 used for migration from legacy system department 17
legacy_data_table_0436,owner,VARCHAR(80),YES,Column 10 of table legacy_data_table_0436 used for migration from legacy system department 17
legacy_data_table_0436,created_at,TIMESTAMP,YES,Column 11 of table legacy_data_table_0436 used for migration from legacy system department 17
legacy_data_table_0436,updated_at,TIMESTAMP,YES,Column 12 of table legacy_data_table_0436 used for migration from legacy system department 17
legacy_data_table_0437,rec_id,VARCHAR(50),NO,Column 1 of table legacy_data_table_0437 used for migration from legacy system department 18
legacy_data_table_0437,label,VARCHAR(255),NO,Column 2 of table legacy_data_table_0437 used for migration from legacy system department 18
legacy_data_table_0437,code,VARCHAR(100),NO,Column 3 of table legacy_data_table_0437 used for migration from legacy system department 18
legacy_data_table_0437,status,VARCHAR(30),YES,Column 4 of table legacy_data_table_0437 used for migration from legacy system department 18
legacy_data_table_0437,value_num,DECIMAL(18,4),YES,Column 5 of table legacy_data_table_0437 used for migration from legacy system department 18
legacy_data_table_0437,value_str,TEXT,YES,Column 6 of table legacy_data_table_0437 used for migration from legacy system department 18
legacy_data_table_0437,ref_key,VARCHAR(80),YES,Column 7 of table legacy_data_table_0437 used for migration from legacy system department 18
legacy_data_table_0437,date_val,TIMESTAMP,YES,Column 8 of table legacy_data_table_0437 used for migration from legacy system department 18
legacy_data_table_0437,flag,BOOLEAN,YES,Column 9 of table legacy_data_table_0437 used for migration from legacy system department 18
legacy_data_table_0437,owner,VARCHAR(80),YES,Column 10 of table legacy_data_table_0437 used for migration from legacy system department 18
legacy_data_table_0437,created_at,TIMESTAMP,YES,Column 11 of table legacy_data_table_0437 used for migration from legacy system department 18
legacy_data_table_0437,updated_at,TIMESTAMP,YES,Column 12 of table legacy_data_table_0437 used for migration from legacy system department 18
legacy_data_table_0438,rec_id,VARCHAR(50),NO,Column 1 of table legacy_data_table_0438 used for migration from legacy system department 19
legacy_data_table_0438,label,VARCHAR(255),NO,Column 2 of table legacy_data_table_0438 used for migration from legacy system department 19
legacy_data_table_0438,code,VARCHAR(100),NO,Column 3 of table legacy_data_table_0438 used for migration from legacy system department 19
legacy_data_table_0438,status,VARCHAR(30),YES,Column 4 of table legacy_data_table_0438 used for migration from legacy system department 19
legacy_data_table_0438,value_num,DECIMAL(18,4),YES,Column 5 of table legacy_data_table_0438 used for migration from legacy system department 19
legacy_data_table_0438,value_str,TEXT,YES,Column 6 of table legacy_data_table_0438 used for migration from legacy system department 19
legacy_data_table_0438,ref_key,VARCHAR(80),YES,Column 7 of table legacy_data_table_0438 used for migration from legacy system department 19
legacy_data_table_0438,date_val,TIMESTAMP,YES,Column 8 of table legacy_data_table_0438 used for migration from legacy system department 19
legacy_data_table_0438,flag,BOOLEAN,YES,Column 9 of table legacy_data_table_0438 used for migration from legacy system department 19
legacy_data_table_0438,owner,VARCHAR(80),YES,Column 10 of table legacy_data_table_0438 used for migration from legacy system department 19
legacy_data_table_0438,created_at,TIMESTAMP,YES,Column 11 of table legacy_data_table_0438 used for migration from legacy system department 19
legacy_data_table_0438,updated_at,TIMESTAMP,YES,Column 12 of table legacy_data_table_0438 used for migration from legacy system department 19
legacy_data_table_0439,rec_id,VARCHAR(50),NO,Column 1 of table legacy_data_table_0439 used for migration from legacy system department 20
legacy_data_table_0439,label,VARCHAR(255),NO,Column 2 of table legacy_data_table_0439 used for migration from legacy system department 20
legacy_data_table_0439,code,VARCHAR(100),NO,Column 3 of table legacy_data_table_0439 used for migration from legacy system department 20
legacy_data_table_0439,status,VARCHAR(30),YES,Column 4 of table legacy_data_table_0439 used for migration from legacy system department 20
legacy_data_table_0439,value_num,DECIMAL(18,4),YES,Column 5 of table legacy_data_table_0439 used for migration from legacy system department 20
legacy_data_table_0439,value_str,TEXT,YES,Column 6 of table legacy_data_table_0439 used for migration from legacy system department 20
legacy_data_table_0439,ref_key,VARCHAR(80),YES,Column 7 of table legacy_data_table_0439 used for migration from legacy system department 20
legacy_data_table_0439,date_val,TIMESTAMP,YES,Column 8 of table legacy_data_table_0439 used for migration from legacy system department 20
legacy_data_table_0439,flag,BOOLEAN,YES,Column 9 of table legacy_data_table_0439 used for migration from legacy system department 20
legacy_data_table_0439,owner,VARCHAR(80),YES,Column 10 of table legacy_data_table_0439 used for migration from legacy system department 20
legacy_data_table_0439,created_at,TIMESTAMP,YES,Column 11 of table legacy_data_table_0439 used for migration from legacy system department 20
legacy_data_table_0439,updated_at,TIMESTAMP,YES,Column 12 of table legacy_data_table_0439 used for migration from legacy system department 20
legacy_data_table_0440,rec_id,VARCHAR(50),NO,Column 1 of table legacy_data_table_0440 used for migration from legacy system department 1
legacy_data_table_0440,label,VARCHAR(255),NO,Column 2 of table legacy_data_table_0440 used for migration from legacy system department 1
legacy_data_table_0440,code,VARCHAR(100),NO,Column 3 of table legacy_data_table_0440 used for migration from legacy system department 1
legacy_data_table_0440,status,VARCHAR(30),YES,Column 4 of table legacy_data_table_0440 used for migration from legacy system department 1
legacy_data_table_0440,value_num,DECIMAL(18,4),YES,Column 5 of table legacy_data_table_0440 used for migration from legacy system department 1
legacy_data_table_0440,value_str,TEXT,YES,Column 6 of table legacy_data_table_0440 used for migration from legacy system department 1
legacy_data_table_0440,ref_key,VARCHAR(80),YES,Column 7 of table legacy_data_table_0440 used for migration from legacy system department 1
legacy_data_table_0440,date_val,TIMESTAMP,YES,Column 8 of table legacy_data_table_0440 used for migration from legacy system department 1
legacy_data_table_0440,flag,BOOLEAN,YES,Column 9 of table legacy_data_table_0440 used for migration from legacy system department 1
legacy_data_table_0440,owner,VARCHAR(80),YES,Column 10 of table legacy_data_table_0440 used for migration from legacy system department 1
legacy_data_table_0440,created_at,TIMESTAMP,YES,Column 11 of table legacy_data_table_0440 used for migration from legacy system department 1
legacy_data_table_0440,updated_at,TIMESTAMP,YES,Column 12 of table legacy_data_table_0440 used for migration from legacy system department 1
legacy_data_table_0441,rec_id,VARCHAR(50),NO,Column 1 of table legacy_data_table_0441 used for migration from legacy system department 2
legacy_data_table_0441,label,VARCHAR(255),NO,Column 2 of table legacy_data_table_0441 used for migration from legacy system department 2
legacy_data_table_0441,code,VARCHAR(100),NO,Column 3 of table legacy_data_table_0441 used for migration from legacy system department 2
legacy_data_table_0441,status,VARCHAR(30),YES,Column 4 of table legacy_data_table_0441 used for migration from legacy system department 2
legacy_data_table_0441,value_num,DECIMAL(18,4),YES,Column 5 of table legacy_data_table_0441 used for migration from legacy system department 2
legacy_data_table_0441,value_str,TEXT,YES,Column 6 of table legacy_data_table_0441 used for migration from legacy system department 2
legacy_data_table_0441,ref_key,VARCHAR(80),YES,Column 7 of table legacy_data_table_0441 used for migration from legacy system department 2
legacy_data_table_0441,date_val,TIMESTAMP,YES,Column 8 of table legacy_data_table_0441 used for migration from legacy system department 2
legacy_data_table_0441,flag,BOOLEAN,YES,Column 9 of table legacy_data_table_0441 used for migration from legacy system department 2
legacy_data_table_0441,owner,VARCHAR(80),YES,Column 10 of table legacy_data_table_0441 used for migration from legacy system department 2
legacy_data_table_0441,created_at,TIMESTAMP,YES,Column 11 of table legacy_data_table_0441 used for migration from legacy system department 2
legacy_data_table_0441,updated_at,TIMESTAMP,YES,Column 12 of table legacy_data_table_0441 used for migration from legacy system department 2
legacy_data_table_0442,rec_id,VARCHAR(50),NO,Column 1 of table legacy_data_table_0442 used for migration from legacy system department 3
legacy_data_table_0442,label,VARCHAR(255),NO,Column 2 of table legacy_data_table_0442 used for migration from legacy system department 3
legacy_data_table_0442,code,VARCHAR(100),NO,Column 3 of table legacy_data_table_0442 used for migration from legacy system department 3
legacy_data_table_0442,status,VARCHAR(30),YES,Column 4 of table legacy_data_table_0442 used for migration from legacy system department 3
legacy_data_table_0442,value_num,DECIMAL(18,4),YES,Column 5 of table legacy_data_table_0442 used for migration from legacy system department 3
legacy_data_table_0442,value_str,TEXT,YES,Column 6 of table legacy_data_table_0442 used for migration from legacy system department 3
legacy_data_table_0442,ref_key,VARCHAR(80),YES,Column 7 of table legacy_data_table_0442 used for migration from legacy system department 3
legacy_data_table_0442,date_val,TIMESTAMP,YES,Column 8 of table legacy_data_table_0442 used for migration from legacy system department 3
legacy_data_table_0442,flag,BOOLEAN,YES,Column 9 of table legacy_data_table_0442 used for migration from legacy system department 3
legacy_data_table_0442,owner,VARCHAR(80),YES,Column 10 of table legacy_data_table_0442 used for migration from legacy system department 3
legacy_data_table_0442,created_at,TIMESTAMP,YES,Column 11 of table legacy_data_table_0442 used for migration from legacy system department 3
legacy_data_table_0442,updated_at,TIMESTAMP,YES,Column 12 of table legacy_data_table_0442 used for migration from legacy system department 3
legacy_data_table_0443,rec_id,VARCHAR(50),NO,Column 1 of table legacy_data_table_0443 used for migration from legacy system department 4
legacy_data_table_0443,label,VARCHAR(255),NO,Column 2 of table legacy_data_table_0443 used for migration from legacy system department 4
legacy_data_table_0443,code,VARCHAR(100),NO,Column 3 of table legacy_data_table_0443 used for migration from legacy system department 4
legacy_data_table_0443,status,VARCHAR(30),YES,Column 4 of table legacy_data_table_0443 used for migration from legacy system department 4
legacy_data_table_0443,value_num,DECIMAL(18,4),YES,Column 5 of table legacy_data_table_0443 used for migration from legacy system department 4
legacy_data_table_0443,value_str,TEXT,YES,Column 6 of table legacy_data_table_0443 used for migration from legacy system department 4
legacy_data_table_0443,ref_key,VARCHAR(80),YES,Column 7 of table legacy_data_table_0443 used for migration from legacy system department 4
legacy_data_table_0443,date_val,TIMESTAMP,YES,Column 8 of table legacy_data_table_0443 used for migration from legacy system department 4
legacy_data_table_0443,flag,BOOLEAN,YES,Column 9 of table legacy_data_table_0443 used for migration from legacy system department 4
legacy_data_table_0443,owner,VARCHAR(80),YES,Column 10 of table legacy_data_table_0443 used for migration from legacy system department 4
legacy_data_table_0443,created_at,TIMESTAMP,YES,Column 11 of table legacy_data_table_0443 used for migration from legacy system department 4
legacy_data_table_0443,updated_at,TIMESTAMP,YES,Column 12 of table legacy_data_table_0443 used for migration from legacy system department 4
legacy_data_table_0444,rec_id,VARCHAR(50),NO,Column 1 of table legacy_data_table_0444 used for migration from legacy system department 5
legacy_data_table_0444,label,VARCHAR(255),NO,Column 2 of table legacy_data_table_0444 used for migration from legacy system department 5
legacy_data_table_0444,code,VARCHAR(100),NO,Column 3 of table legacy_data_table_0444 used for migration from legacy system department 5
legacy_data_table_0444,status,VARCHAR(30),YES,Column 4 of table legacy_data_table_0444 used for migration from legacy system department 5
legacy_data_table_0444,value_num,DECIMAL(18,4),YES,Column 5 of table legacy_data_table_0444 used for migration from legacy system department 5
legacy_data_table_0444,value_str,TEXT,YES,Column 6 of table legacy_data_table_0444 used for migration from legacy system department 5
legacy_data_table_0444,ref_key,VARCHAR(80),YES,Column 7 of table legacy_data_table_0444 used for migration from legacy system department 5
legacy_data_table_0444,date_val,TIMESTAMP,YES,Column 8 of table legacy_data_table_0444 used for migration from legacy system department 5
legacy_data_table_0444,flag,BOOLEAN,YES,Column 9 of table legacy_data_table_0444 used for migration from legacy system department 5
legacy_data_table_0444,owner,VARCHAR(80),YES,Column 10 of table legacy_data_table_0444 used for migration from legacy system department 5
legacy_data_table_0444,created_at,TIMESTAMP,YES,Column 11 of table legacy_data_table_0444 used for migration from legacy system department 5
legacy_data_table_0444,updated_at,TIMESTAMP,YES,Column 12 of table legacy_data_table_0444 used for migration from legacy system department 5
legacy_data_table_0445,rec_id,VARCHAR(50),NO,Column 1 of table legacy_data_table_0445 used for migration from legacy system department 6
legacy_data_table_0445,label,VARCHAR(255),NO,Column 2 of table legacy_data_table_0445 used for migration from legacy system department 6
legacy_data_table_0445,code,VARCHAR(100),NO,Column 3 of table legacy_data_table_0445 used for migration from legacy system department 6
legacy_data_table_0445,status,VARCHAR(30),YES,Column 4 of table legacy_data_table_0445 used for migration from legacy system department 6
legacy_data_table_0445,value_num,DECIMAL(18,4),YES,Column 5 of table legacy_data_table_0445 used for migration from legacy system department 6
legacy_data_table_0445,value_str,TEXT,YES,Column 6 of table legacy_data_table_0445 used for migration from legacy system department 6
legacy_data_table_0445,ref_key,VARCHAR(80),YES,Column 7 of table legacy_data_table_0445 used for migration from legacy system department 6
legacy_data_table_0445,date_val,TIMESTAMP,YES,Column 8 of table legacy_data_table_0445 used for migration from legacy system department 6
legacy_data_table_0445,flag,BOOLEAN,YES,Column 9 of table legacy_data_table_0445 used for migration from legacy system department 6
legacy_data_table_0445,owner,VARCHAR(80),YES,Column 10 of table legacy_data_table_0445 used for migration from legacy system department 6
legacy_data_table_0445,created_at,TIMESTAMP,YES,Column 11 of table legacy_data_table_0445 used for migration from legacy system department 6
legacy_data_table_0445,updated_at,TIMESTAMP,YES,Column 12 of table legacy_data_table_0445 used for migration from legacy system department 6
legacy_data_table_0446,rec_id,VARCHAR(50),NO,Column 1 of table legacy_data_table_0446 used for migration from legacy system department 7
legacy_data_table_0446,label,VARCHAR(255),NO,Column 2 of table legacy_data_table_0446 used for migration from legacy system department 7
legacy_data_table_0446,code,VARCHAR(100),NO,Column 3 of table legacy_data_table_0446 used for migration from legacy system department 7
legacy_data_table_0446,status,VARCHAR(30),YES,Column 4 of table legacy_data_table_0446 used for migration from legacy system department 7
legacy_data_table_0446,value_num,DECIMAL(18,4),YES,Column 5 of table legacy_data_table_0446 used for migration from legacy system department 7
legacy_data_table_0446,value_str,TEXT,YES,Column 6 of table legacy_data_table_0446 used for migration from legacy system department 7
legacy_data_table_0446,ref_key,VARCHAR(80),YES,Column 7 of table legacy_data_table_0446 used for migration from legacy system department 7
legacy_data_table_0446,date_val,TIMESTAMP,YES,Column 8 of table legacy_data_table_0446 used for migration from legacy system department 7
legacy_data_table_0446,flag,BOOLEAN,YES,Column 9 of table legacy_data_table_0446 used for migration from legacy system department 7
legacy_data_table_0446,owner,VARCHAR(80),YES,Column 10 of table legacy_data_table_0446 used for migration from legacy system department 7
legacy_data_table_0446,created_at,TIMESTAMP,YES,Column 11 of table legacy_data_table_0446 used for migration from legacy system department 7
legacy_data_table_0446,updated_at,TIMESTAMP,YES,Column 12 of table legacy_data_table_0446 used for migration from legacy system department 7
legacy_data_table_0447,rec_id,VARCHAR(50),NO,Column 1 of table legacy_data_table_0447 used for migration from legacy system department 8
legacy_data_table_0447,label,VARCHAR(255),NO,Column 2 of table legacy_data_table_0447 used for migration from legacy system department 8
legacy_data_table_0447,code,VARCHAR(100),NO,Column 3 of table legacy_data_table_0447 used for migration from legacy system department 8
legacy_data_table_0447,status,VARCHAR(30),YES,Column 4 of table legacy_data_table_0447 used for migration from legacy system department 8
legacy_data_table_0447,value_num,DECIMAL(18,4),YES,Column 5 of table legacy_data_table_0447 used for migration from legacy system department 8
legacy_data_table_0447,value_str,TEXT,YES,Column 6 of table legacy_data_table_0447 used for migration from legacy system department 8
legacy_data_table_0447,ref_key,VARCHAR(80),YES,Column 7 of table legacy_data_table_0447 used for migration from legacy system department 8
legacy_data_table_0447,date_val,TIMESTAMP,YES,Column 8 of table legacy_data_table_0447 used for migration from legacy system department 8
legacy_data_table_0447,flag,BOOLEAN,YES,Column 9 of table legacy_data_table_0447 used for migration from legacy system department 8
legacy_data_table_0447,owner,VARCHAR(80),YES,Column 10 of table legacy_data_table_0447 used for migration from legacy system department 8
legacy_data_table_0447,created_at,TIMESTAMP,YES,Column 11 of table legacy_data_table_0447 used for migration from legacy system department 8
legacy_data_table_0447,updated_at,TIMESTAMP,YES,Column 12 of table legacy_data_table_0447 used for migration from legacy system department 8
legacy_data_table_0448,rec_id,VARCHAR(50),NO,Column 1 of table legacy_data_table_0448 used for migration from legacy system department 9
legacy_data_table_0448,label,VARCHAR(255),NO,Column 2 of table legacy_data_table_0448 used for migration from legacy system department 9
legacy_data_table_0448,code,VARCHAR(100),NO,Column 3 of table legacy_data_table_0448 used for migration from legacy system department 9
legacy_data_table_0448,status,VARCHAR(30),YES,Column 4 of table legacy_data_table_0448 used for migration from legacy system department 9
legacy_data_table_0448,value_num,DECIMAL(18,4),YES,Column 5 of table legacy_data_table_0448 used for migration from legacy system department 9
legacy_data_table_0448,value_str,TEXT,YES,Column 6 of table legacy_data_table_0448 used for migration from legacy system department 9
legacy_data_table_0448,ref_key,VARCHAR(80),YES,Column 7 of table legacy_data_table_0448 used for migration from legacy system department 9
legacy_data_table_0448,date_val,TIMESTAMP,YES,Column 8 of table legacy_data_table_0448 used for migration from legacy system department 9
legacy_data_table_0448,flag,BOOLEAN,YES,Column 9 of table legacy_data_table_0448 used for migration from legacy system department 9
legacy_data_table_0448,owner,VARCHAR(80),YES,Column 10 of table legacy_data_table_0448 used for migration from legacy system department 9
legacy_data_table_0448,created_at,TIMESTAMP,YES,Column 11 of table legacy_data_table_0448 used for migration from legacy system department 9
legacy_data_table_0448,updated_at,TIMESTAMP,YES,Column 12 of table legacy_data_table_0448 used for migration from legacy system department 9
legacy_data_table_0449,rec_id,VARCHAR(50),NO,Column 1 of table legacy_data_table_0449 used for migration from legacy system department 10
legacy_data_table_0449,label,VARCHAR(255),NO,Column 2 of table legacy_data_table_0449 used for migration from legacy system department 10
legacy_data_table_0449,code,VARCHAR(100),NO,Column 3 of table legacy_data_table_0449 used for migration from legacy system department 10
legacy_data_table_0449,status,VARCHAR(30),YES,Column 4 of table legacy_data_table_0449 used for migration from legacy system department 10
legacy_data_table_0449,value_num,DECIMAL(18,4),YES,Column 5 of table legacy_data_table_0449 used for migration from legacy system department 10
legacy_data_table_0449,value_str,TEXT,YES,Column 6 of table legacy_data_table_0449 used for migration from legacy system department 10
legacy_data_table_0449,ref_key,VARCHAR(80),YES,Column 7 of table legacy_data_table_0449 used for migration from legacy system department 10
legacy_data_table_0449,date_val,TIMESTAMP,YES,Column 8 of table legacy_data_table_0449 used for migration from legacy system department 10
legacy_data_table_0449,flag,BOOLEAN,YES,Column 9 of table legacy_data_table_0449 used for migration from legacy system department 10
legacy_data_table_0449,owner,VARCHAR(80),YES,Column 10 of table legacy_data_table_0449 used for migration from legacy system department 10
legacy_data_table_0449,created_at,TIMESTAMP,YES,Column 11 of table legacy_data_table_0449 used for migration from legacy system department 10
legacy_data_table_0449,updated_at,TIMESTAMP,YES,Column 12 of table legacy_data_table_0449 used for migration from legacy system department 10
legacy_data_table_0450,rec_id,VARCHAR(50),NO,Column 1 of table legacy_data_table_0450 used for migration from legacy system department 11
legacy_data_table_0450,label,VARCHAR(255),NO,Column 2 of table legacy_data_table_0450 used for migration from legacy system department 11
legacy_data_table_0450,code,VARCHAR(100),NO,Column 3 of table legacy_data_table_0450 used for migration from legacy system department 11
legacy_data_table_0450,status,VARCHAR(30),YES,Column 4 of table legacy_data_table_0450 used for migration from legacy system department 11
legacy_data_table_0450,value_num,DECIMAL(18,4),YES,Column 5 of table legacy_data_table_0450 used for migration from legacy system department 11
legacy_data_table_0450,value_str,TEXT,YES,Column 6 of table legacy_data_table_0450 used for migration from legacy system department 11
legacy_data_table_0450,ref_key,VARCHAR(80),YES,Column 7 of table legacy_data_table_0450 used for migration from legacy system department 11
legacy_data_table_0450,date_val,TIMESTAMP,YES,Column 8 of table legacy_data_table_0450 used for migration from legacy system department 11
legacy_data_table_0450,flag,BOOLEAN,YES,Column 9 of table legacy_data_table_0450 used for migration from legacy system department 11
legacy_data_table_0450,owner,VARCHAR(80),YES,Column 10 of table legacy_data_table_0450 used for migration from legacy system department 11
legacy_data_table_0450,created_at,TIMESTAMP,YES,Column 11 of table legacy_data_table_0450 used for migration from legacy system department 11
legacy_data_table_0450,updated_at,TIMESTAMP,YES,Column 12 of table legacy_data_table_0450 used for migration from legacy system department 11
legacy_data_table_0451,rec_id,VARCHAR(50),NO,Column 1 of table legacy_data_table_0451 used for migration from legacy system department 12
legacy_data_table_0451,label,VARCHAR(255),NO,Column 2 of table legacy_data_table_0451 used for migration from legacy system department 12
legacy_data_table_0451,code,VARCHAR(100),NO,Column 3 of table legacy_data_table_0451 used for migration from legacy system department 12
legacy_data_table_0451,status,VARCHAR(30),YES,Column 4 of table legacy_data_table_0451 used for migration from legacy system department 12
legacy_data_table_0451,value_num,DECIMAL(18,4),YES,Column 5 of table legacy_data_table_0451 used for migration from legacy system department 12
legacy_data_table_0451,value_str,TEXT,YES,Column 6 of table legacy_data_table_0451 used for migration from legacy system department 12
legacy_data_table_0451,ref_key,VARCHAR(80),YES,Column 7 of table legacy_data_table_0451 used for migration from legacy system department 12
legacy_data_table_0451,date_val,TIMESTAMP,YES,Column 8 of table legacy_data_table_0451 used for migration from legacy system department 12
legacy_data_table_0451,flag,BOOLEAN,YES,Column 9 of table legacy_data_table_0451 used for migration from legacy system department 12
legacy_data_table_0451,owner,VARCHAR(80),YES,Column 10 of table legacy_data_table_0451 used for migration from legacy system department 12
legacy_data_table_0451,created_at,TIMESTAMP,YES,Column 11 of table legacy_data_table_0451 used for migration from legacy system department 12
legacy_data_table_0451,updated_at,TIMESTAMP,YES,Column 12 of table legacy_data_table_0451 used for migration from legacy system department 12
legacy_data_table_0452,rec_id,VARCHAR(50),NO,Column 1 of table legacy_data_table_0452 used for migration from legacy system department 13
legacy_data_table_0452,label,VARCHAR(255),NO,Column 2 of table legacy_data_table_0452 used for migration from legacy system department 13
legacy_data_table_0452,code,VARCHAR(100),NO,Column 3 of table legacy_data_table_0452 used for migration from legacy system department 13
legacy_data_table_0452,status,VARCHAR(30),YES,Column 4 of table legacy_data_table_0452 used for migration from legacy system department 13
legacy_data_table_0452,value_num,DECIMAL(18,4),YES,Column 5 of table legacy_data_table_0452 used for migration from legacy system department 13
legacy_data_table_0452,value_str,TEXT,YES,Column 6 of table legacy_data_table_0452 used for migration from legacy system department 13
legacy_data_table_0452,ref_key,VARCHAR(80),YES,Column 7 of table legacy_data_table_0452 used for migration from legacy system department 13
legacy_data_table_0452,date_val,TIMESTAMP,YES,Column 8 of table legacy_data_table_0452 used for migration from legacy system department 13
legacy_data_table_0452,flag,BOOLEAN,YES,Column 9 of table legacy_data_table_0452 used for migration from legacy system department 13
legacy_data_table_0452,owner,VARCHAR(80),YES,Column 10 of table legacy_data_table_0452 used for migration from legacy system department 13
legacy_data_table_0452,created_at,TIMESTAMP,YES,Column 11 of table legacy_data_table_0452 used for migration from legacy system department 13
legacy_data_table_0452,updated_at,TIMESTAMP,YES,Column 12 of table legacy_data_table_0452 used for migration from legacy system department 13
legacy_data_table_0453,rec_id,VARCHAR(50),NO,Column 1 of table legacy_data_table_0453 used for migration from legacy system department 14
legacy_data_table_0453,label,VARCHAR(255),NO,Column 2 of table legacy_data_table_0453 used for migration from legacy system department 14
legacy_data_table_0453,code,VARCHAR(100),NO,Column 3 of table legacy_data_table_0453 used for migration from legacy system department 14
legacy_data_table_0453,status,VARCHAR(30),YES,Column 4 of table legacy_data_table_0453 used for migration from legacy system department 14
legacy_data_table_0453,value_num,DECIMAL(18,4),YES,Column 5 of table legacy_data_table_0453 used for migration from legacy system department 14
legacy_data_table_0453,value_str,TEXT,YES,Column 6 of table legacy_data_table_0453 used for migration from legacy system department 14
legacy_data_table_0453,ref_key,VARCHAR(80),YES,Column 7 of table legacy_data_table_0453 used for migration from legacy system department 14
legacy_data_table_0453,date_val,TIMESTAMP,YES,Column 8 of table legacy_data_table_0453 used for migration from legacy system department 14
legacy_data_table_0453,flag,BOOLEAN,YES,Column 9 of table legacy_data_table_0453 used for migration from legacy system department 14
legacy_data_table_0453,owner,VARCHAR(80),YES,Column 10 of table legacy_data_table_0453 used for migration from legacy system department 14
legacy_data_table_0453,created_at,TIMESTAMP,YES,Column 11 of table legacy_data_table_0453 used for migration from legacy system department 14
legacy_data_table_0453,updated_at,TIMESTAMP,YES,Column 12 of table legacy_data_table_0453 used for migration from legacy system department 14
legacy_data_table_0454,rec_id,VARCHAR(50),NO,Column 1 of table legacy_data_table_0454 used for migration from legacy system department 15
legacy_data_table_0454,label,VARCHAR(255),NO,Column 2 of table legacy_data_table_0454 used for migration from legacy system department 15
legacy_data_table_0454,code,VARCHAR(100),NO,Column 3 of table legacy_data_table_0454 used for migration from legacy system department 15
legacy_data_table_0454,status,VARCHAR(30),YES,Column 4 of table legacy_data_table_0454 used for migration from legacy system department 15
legacy_data_table_0454,value_num,DECIMAL(18,4),YES,Column 5 of table legacy_data_table_0454 used for migration from legacy system department 15
legacy_data_table_0454,value_str,TEXT,YES,Column 6 of table legacy_data_table_0454 used for migration from legacy system department 15
legacy_data_table_0454,ref_key,VARCHAR(80),YES,Column 7 of table legacy_data_table_0454 used for migration from legacy system department 15
legacy_data_table_0454,date_val,TIMESTAMP,YES,Column 8 of table legacy_data_table_0454 used for migration from legacy system department 15
legacy_data_table_0454,flag,BOOLEAN,YES,Column 9 of table legacy_data_table_0454 used for migration from legacy system department 15
legacy_data_table_0454,owner,VARCHAR(80),YES,Column 10 of table legacy_data_table_0454 used for migration from legacy system department 15
legacy_data_table_0454,created_at,TIMESTAMP,YES,Column 11 of table legacy_data_table_0454 used for migration from legacy system department 15
legacy_data_table_0454,updated_at,TIMESTAMP,YES,Column 12 of table legacy_data_table_0454 used for migration from legacy system department 15
legacy_data_table_0455,rec_id,VARCHAR(50),NO,Column 1 of table legacy_data_table_0455 used for migration from legacy system department 16
legacy_data_table_0455,label,VARCHAR(255),NO,Column 2 of table legacy_data_table_0455 used for migration from legacy system department 16
legacy_data_table_0455,code,VARCHAR(100),NO,Column 3 of table legacy_data_table_0455 used for migration from legacy system department 16
legacy_data_table_0455,status,VARCHAR(30),YES,Column 4 of table legacy_data_table_0455 used for migration from legacy system department 16
legacy_data_table_0455,value_num,DECIMAL(18,4),YES,Column 5 of table legacy_data_table_0455 used for migration from legacy system department 16
legacy_data_table_0455,value_str,TEXT,YES,Column 6 of table legacy_data_table_0455 used for migration from legacy system department 16
legacy_data_table_0455,ref_key,VARCHAR(80),YES,Column 7 of table legacy_data_table_0455 used for migration from legacy system department 16
legacy_data_table_0455,date_val,TIMESTAMP,YES,Column 8 of table legacy_data_table_0455 used for migration from legacy system department 16
legacy_data_table_0455,flag,BOOLEAN,YES,Column 9 of table legacy_data_table_0455 used for migration from legacy system department 16
legacy_data_table_0455,owner,VARCHAR(80),YES,Column 10 of table legacy_data_table_0455 used for migration from legacy system department 16
legacy_data_table_0455,created_at,TIMESTAMP,YES,Column 11 of table legacy_data_table_0455 used for migration from legacy system department 16
legacy_data_table_0455,updated_at,TIMESTAMP,YES,Column 12 of table legacy_data_table_0455 used for migration from legacy system department 16
legacy_data_table_0456,rec_id,VARCHAR(50),NO,Column 1 of table legacy_data_table_0456 used for migration from legacy system department 17
legacy_data_table_0456,label,VARCHAR(255),NO,Column 2 of table legacy_data_table_0456 used for migration from legacy system department 17
legacy_data_table_0456,code,VARCHAR(100),NO,Column 3 of table legacy_data_table_0456 used for migration from legacy system department 17
legacy_data_table_0456,status,VARCHAR(30),YES,Column 4 of table legacy_data_table_0456 used for migration from legacy system department 17
legacy_data_table_0456,value_num,DECIMAL(18,4),YES,Column 5 of table legacy_data_table_0456 used for migration from legacy system department 17
legacy_data_table_0456,value_str,TEXT,YES,Column 6 of table legacy_data_table_0456 used for migration from legacy system department 17
legacy_data_table_0456,ref_key,VARCHAR(80),YES,Column 7 of table legacy_data_table_0456 used for migration from legacy system department 17
legacy_data_table_0456,date_val,TIMESTAMP,YES,Column 8 of table legacy_data_table_0456 used for migration from legacy system department 17
legacy_data_table_0456,flag,BOOLEAN,YES,Column 9 of table legacy_data_table_0456 used for migration from legacy system department 17
legacy_data_table_0456,owner,VARCHAR(80),YES,Column 10 of table legacy_data_table_0456 used for migration from legacy system department 17
legacy_data_table_0456,created_at,TIMESTAMP,YES,Column 11 of table legacy_data_table_0456 used for migration from legacy system department 17
legacy_data_table_0456,updated_at,TIMESTAMP,YES,Column 12 of table legacy_data_table_0456 used for migration from legacy system department 17
legacy_data_table_0457,rec_id,VARCHAR(50),NO,Column 1 of table legacy_data_table_0457 used for migration from legacy system department 18
legacy_data_table_0457,label,VARCHAR(255),NO,Column 2 of table legacy_data_table_0457 used for migration from legacy system department 18
legacy_data_table_0457,code,VARCHAR(100),NO,Column 3 of table legacy_data_table_0457 used for migration from legacy system department 18
legacy_data_table_0457,status,VARCHAR(30),YES,Column 4 of table legacy_data_table_0457 used for migration from legacy system department 18
legacy_data_table_0457,value_num,DECIMAL(18,4),YES,Column 5 of table legacy_data_table_0457 used for migration from legacy system department 18
legacy_data_table_0457,value_str,TEXT,YES,Column 6 of table legacy_data_table_0457 used for migration from legacy system department 18
legacy_data_table_0457,ref_key,VARCHAR(80),YES,Column 7 of table legacy_data_table_0457 used for migration from legacy system department 18
legacy_data_table_0457,date_val,TIMESTAMP,YES,Column 8 of table legacy_data_table_0457 used for migration from legacy system department 18
legacy_data_table_0457,flag,BOOLEAN,YES,Column 9 of table legacy_data_table_0457 used for migration from legacy system department 18
legacy_data_table_0457,owner,VARCHAR(80),YES,Column 10 of table legacy_data_table_0457 used for migration from legacy system department 18
legacy_data_table_0457,created_at,TIMESTAMP,YES,Column 11 of table legacy_data_table_0457 used for migration from legacy system department 18
legacy_data_table_0457,updated_at,TIMESTAMP,YES,Column 12 of table legacy_data_table_0457 used for migration from legacy system department 18
legacy_data_table_0458,rec_id,VARCHAR(50),NO,Column 1 of table legacy_data_table_0458 used for migration from legacy system department 19
legacy_data_table_0458,label,VARCHAR(255),NO,Column 2 of table legacy_data_table_0458 used for migration from legacy system department 19
legacy_data_table_0458,code,VARCHAR(100),NO,Column 3 of table legacy_data_table_0458 used for migration from legacy system department 19
legacy_data_table_0458,status,VARCHAR(30),YES,Column 4 of table legacy_data_table_0458 used for migration from legacy system department 19
legacy_data_table_0458,value_num,DECIMAL(18,4),YES,Column 5 of table legacy_data_table_0458 used for migration from legacy system department 19
legacy_data_table_0458,value_str,TEXT,YES,Column 6 of table legacy_data_table_0458 used for migration from legacy system department 19
legacy_data_table_0458,ref_key,VARCHAR(80),YES,Column 7 of table legacy_data_table_0458 used for migration from legacy system department 19
legacy_data_table_0458,date_val,TIMESTAMP,YES,Column 8 of table legacy_data_table_0458 used for migration from legacy system department 19
legacy_data_table_0458,flag,BOOLEAN,YES,Column 9 of table legacy_data_table_0458 used for migration from legacy system department 19
legacy_data_table_0458,owner,VARCHAR(80),YES,Column 10 of table legacy_data_table_0458 used for migration from legacy system department 19
legacy_data_table_0458,created_at,TIMESTAMP,YES,Column 11 of table legacy_data_table_0458 used for migration from legacy system department 19
legacy_data_table_0458,updated_at,TIMESTAMP,YES,Column 12 of table legacy_data_table_0458 used for migration from legacy system department 19
legacy_data_table_0459,rec_id,VARCHAR(50),NO,Column 1 of table legacy_data_table_0459 used for migration from legacy system department 20
legacy_data_table_0459,label,VARCHAR(255),NO,Column 2 of table legacy_data_table_0459 used for migration from legacy system department 20
legacy_data_table_0459,code,VARCHAR(100),NO,Column 3 of table legacy_data_table_0459 used for migration from legacy system department 20
legacy_data_table_0459,status,VARCHAR(30),YES,Column 4 of table legacy_data_table_0459 used for migration from legacy system department 20
legacy_data_table_0459,value_num,DECIMAL(18,4),YES,Column 5 of table legacy_data_table_0459 used for migration from legacy system department 20
legacy_data_table_0459,value_str,TEXT,YES,Column 6 of table legacy_data_table_0459 used for migration from legacy system department 20
legacy_data_table_0459,ref_key,VARCHAR(80),YES,Column 7 of table legacy_data_table_0459 used for migration from legacy system department 20
legacy_data_table_0459,date_val,TIMESTAMP,YES,Column 8 of table legacy_data_table_0459 used for migration from legacy system department 20
legacy_data_table_0459,flag,BOOLEAN,YES,Column 9 of table legacy_data_table_0459 used for migration from legacy system department 20
legacy_data_table_0459,owner,VARCHAR(80),YES,Column 10 of table legacy_data_table_0459 used for migration from legacy system department 20
legacy_data_table_0459,created_at,TIMESTAMP,YES,Column 11 of table legacy_data_table_0459 used for migration from legacy system department 20
legacy_data_table_0459,updated_at,TIMESTAMP,YES,Column 12 of table legacy_data_table_0459 used for migration from legacy system department 20
legacy_data_table_0460,rec_id,VARCHAR(50),NO,Column 1 of table legacy_data_table_0460 used for migration from legacy system department 1
legacy_data_table_0460,label,VARCHAR(255),NO,Column 2 of table legacy_data_table_0460 used for migration from legacy system department 1
legacy_data_table_0460,code,VARCHAR(100),NO,Column 3 of table legacy_data_table_0460 used for migration from legacy system department 1
legacy_data_table_0460,status,VARCHAR(30),YES,Column 4 of table legacy_data_table_0460 used for migration from legacy system department 1
legacy_data_table_0460,value_num,DECIMAL(18,4),YES,Column 5 of table legacy_data_table_0460 used for migration from legacy system department 1
legacy_data_table_0460,value_str,TEXT,YES,Column 6 of table legacy_data_table_0460 used for migration from legacy system department 1
legacy_data_table_0460,ref_key,VARCHAR(80),YES,Column 7 of table legacy_data_table_0460 used for migration from legacy system department 1
legacy_data_table_0460,date_val,TIMESTAMP,YES,Column 8 of table legacy_data_table_0460 used for migration from legacy system department 1
legacy_data_table_0460,flag,BOOLEAN,YES,Column 9 of table legacy_data_table_0460 used for migration from legacy system department 1
legacy_data_table_0460,owner,VARCHAR(80),YES,Column 10 of table legacy_data_table_0460 used for migration from legacy system department 1
legacy_data_table_0460,created_at,TIMESTAMP,YES,Column 11 of table legacy_data_table_0460 used for migration from legacy system department 1
legacy_data_table_0460,updated_at,TIMESTAMP,YES,Column 12 of table legacy_data_table_0460 used for migration from legacy system department 1
legacy_data_table_0461,rec_id,VARCHAR(50),NO,Column 1 of table legacy_data_table_0461 used for migration from legacy system department 2
legacy_data_table_0461,label,VARCHAR(255),NO,Column 2 of table legacy_data_table_0461 used for migration from legacy system department 2
legacy_data_table_0461,code,VARCHAR(100),NO,Column 3 of table legacy_data_table_0461 used for migration from legacy system department 2
legacy_data_table_0461,status,VARCHAR(30),YES,Column 4 of table legacy_data_table_0461 used for migration from legacy system department 2
legacy_data_table_0461,value_num,DECIMAL(18,4),YES,Column 5 of table legacy_data_table_0461 used for migration from legacy system department 2
legacy_data_table_0461,value_str,TEXT,YES,Column 6 of table legacy_data_table_0461 used for migration from legacy system department 2
legacy_data_table_0461,ref_key,VARCHAR(80),YES,Column 7 of table legacy_data_table_0461 used for migration from legacy system department 2
legacy_data_table_0461,date_val,TIMESTAMP,YES,Column 8 of table legacy_data_table_0461 used for migration from legacy system department 2
legacy_data_table_0461,flag,BOOLEAN,YES,Column 9 of table legacy_data_table_0461 used for migration from legacy system department 2
legacy_data_table_0461,owner,VARCHAR(80),YES,Column 10 of table legacy_data_table_0461 used for migration from legacy system department 2
legacy_data_table_0461,created_at,TIMESTAMP,YES,Column 11 of table legacy_data_table_0461 used for migration from legacy system department 2
legacy_data_table_0461,updated_at,TIMESTAMP,YES,Column 12 of table legacy_data_table_0461 used for migration from legacy system department 2
legacy_data_table_0462,rec_id,VARCHAR(50),NO,Column 1 of table legacy_data_table_0462 used for migration from legacy system department 3
legacy_data_table_0462,label,VARCHAR(255),NO,Column 2 of table legacy_data_table_0462 used for migration from legacy system department 3
legacy_data_table_0462,code,VARCHAR(100),NO,Column 3 of table legacy_data_table_0462 used for migration from legacy system department 3
legacy_data_table_0462,status,VARCHAR(30),YES,Column 4 of table legacy_data_table_0462 used for migration from legacy system department 3
legacy_data_table_0462,value_num,DECIMAL(18,4),YES,Column 5 of table legacy_data_table_0462 used for migration from legacy system department 3
legacy_data_table_0462,value_str,TEXT,YES,Column 6 of table legacy_data_table_0462 used for migration from legacy system department 3
legacy_data_table_0462,ref_key,VARCHAR(80),YES,Column 7 of table legacy_data_table_0462 used for migration from legacy system department 3
legacy_data_table_0462,date_val,TIMESTAMP,YES,Column 8 of table legacy_data_table_0462 used for migration from legacy system department 3
legacy_data_table_0462,flag,BOOLEAN,YES,Column 9 of table legacy_data_table_0462 used for migration from legacy system department 3
legacy_data_table_0462,owner,VARCHAR(80),YES,Column 10 of table legacy_data_table_0462 used for migration from legacy system department 3
legacy_data_table_0462,created_at,TIMESTAMP,YES,Column 11 of table legacy_data_table_0462 used for migration from legacy system department 3
legacy_data_table_0462,updated_at,TIMESTAMP,YES,Column 12 of table legacy_data_table_0462 used for migration from legacy system department 3
legacy_data_table_0463,rec_id,VARCHAR(50),NO,Column 1 of table legacy_data_table_0463 used for migration from legacy system department 4
legacy_data_table_0463,label,VARCHAR(255),NO,Column 2 of table legacy_data_table_0463 used for migration from legacy system department 4
legacy_data_table_0463,code,VARCHAR(100),NO,Column 3 of table legacy_data_table_0463 used for migration from legacy system department 4
legacy_data_table_0463,status,VARCHAR(30),YES,Column 4 of table legacy_data_table_0463 used for migration from legacy system department 4
legacy_data_table_0463,value_num,DECIMAL(18,4),YES,Column 5 of table legacy_data_table_0463 used for migration from legacy system department 4
legacy_data_table_0463,value_str,TEXT,YES,Column 6 of table legacy_data_table_0463 used for migration from legacy system department 4
legacy_data_table_0463,ref_key,VARCHAR(80),YES,Column 7 of table legacy_data_table_0463 used for migration from legacy system department 4
legacy_data_table_0463,date_val,TIMESTAMP,YES,Column 8 of table legacy_data_table_0463 used for migration from legacy system department 4
legacy_data_table_0463,flag,BOOLEAN,YES,Column 9 of table legacy_data_table_0463 used for migration from legacy system department 4
legacy_data_table_0463,owner,VARCHAR(80),YES,Column 10 of table legacy_data_table_0463 used for migration from legacy system department 4
legacy_data_table_0463,created_at,TIMESTAMP,YES,Column 11 of table legacy_data_table_0463 used for migration from legacy system department 4
legacy_data_table_0463,updated_at,TIMESTAMP,YES,Column 12 of table legacy_data_table_0463 used for migration from legacy system department 4
legacy_data_table_0464,rec_id,VARCHAR(50),NO,Column 1 of table legacy_data_table_0464 used for migration from legacy system department 5
legacy_data_table_0464,label,VARCHAR(255),NO,Column 2 of table legacy_data_table_0464 used for migration from legacy system department 5
legacy_data_table_0464,code,VARCHAR(100),NO,Column 3 of table legacy_data_table_0464 used for migration from legacy system department 5
legacy_data_table_0464,status,VARCHAR(30),YES,Column 4 of table legacy_data_table_0464 used for migration from legacy system department 5
legacy_data_table_0464,value_num,DECIMAL(18,4),YES,Column 5 of table legacy_data_table_0464 used for migration from legacy system department 5
legacy_data_table_0464,value_str,TEXT,YES,Column 6 of table legacy_data_table_0464 used for migration from legacy system department 5
legacy_data_table_0464,ref_key,VARCHAR(80),YES,Column 7 of table legacy_data_table_0464 used for migration from legacy system department 5
legacy_data_table_0464,date_val,TIMESTAMP,YES,Column 8 of table legacy_data_table_0464 used for migration from legacy system department 5
legacy_data_table_0464,flag,BOOLEAN,YES,Column 9 of table legacy_data_table_0464 used for migration from legacy system department 5
legacy_data_table_0464,owner,VARCHAR(80),YES,Column 10 of table legacy_data_table_0464 used for migration from legacy system department 5
legacy_data_table_0464,created_at,TIMESTAMP,YES,Column 11 of table legacy_data_table_0464 used for migration from legacy system department 5
legacy_data_table_0464,updated_at,TIMESTAMP,YES,Column 12 of table legacy_data_table_0464 used for migration from legacy system department 5
legacy_data_table_0465,rec_id,VARCHAR(50),NO,Column 1 of table legacy_data_table_0465 used for migration from legacy system department 6
legacy_data_table_0465,label,VARCHAR(255),NO,Column 2 of table legacy_data_table_0465 used for migration from legacy system department 6
legacy_data_table_0465,code,VARCHAR(100),NO,Column 3 of table legacy_data_table_0465 used for migration from legacy system department 6
legacy_data_table_0465,status,VARCHAR(30),YES,Column 4 of table legacy_data_table_0465 used for migration from legacy system department 6
legacy_data_table_0465,value_num,DECIMAL(18,4),YES,Column 5 of table legacy_data_table_0465 used for migration from legacy system department 6
legacy_data_table_0465,value_str,TEXT,YES,Column 6 of table legacy_data_table_0465 used for migration from legacy system department 6
legacy_data_table_0465,ref_key,VARCHAR(80),YES,Column 7 of table legacy_data_table_0465 used for migration from legacy system department 6
legacy_data_table_0465,date_val,TIMESTAMP,YES,Column 8 of table legacy_data_table_0465 used for migration from legacy system department 6
legacy_data_table_0465,flag,BOOLEAN,YES,Column 9 of table legacy_data_table_0465 used for migration from legacy system department 6
legacy_data_table_0465,owner,VARCHAR(80),YES,Column 10 of table legacy_data_table_0465 used for migration from legacy system department 6
legacy_data_table_0465,created_at,TIMESTAMP,YES,Column 11 of table legacy_data_table_0465 used for migration from legacy system department 6
legacy_data_table_0465,updated_at,TIMESTAMP,YES,Column 12 of table legacy_data_table_0465 used for migration from legacy system department 6
legacy_data_table_0466,rec_id,VARCHAR(50),NO,Column 1 of table legacy_data_table_0466 used for migration from legacy system department 7
legacy_data_table_0466,label,VARCHAR(255),NO,Column 2 of table legacy_data_table_0466 used for migration from legacy system department 7
legacy_data_table_0466,code,VARCHAR(100),NO,Column 3 of table legacy_data_table_0466 used for migration from legacy system department 7
legacy_data_table_0466,status,VARCHAR(30),YES,Column 4 of table legacy_data_table_0466 used for migration from legacy system department 7
legacy_data_table_0466,value_num,DECIMAL(18,4),YES,Column 5 of table legacy_data_table_0466 used for migration from legacy system department 7
legacy_data_table_0466,value_str,TEXT,YES,Column 6 of table legacy_data_table_0466 used for migration from legacy system department 7
legacy_data_table_0466,ref_key,VARCHAR(80),YES,Column 7 of table legacy_data_table_0466 used for migration from legacy system department 7
legacy_data_table_0466,date_val,TIMESTAMP,YES,Column 8 of table legacy_data_table_0466 used for migration from legacy system department 7
legacy_data_table_0466,flag,BOOLEAN,YES,Column 9 of table legacy_data_table_0466 used for migration from legacy system department 7
legacy_data_table_0466,owner,VARCHAR(80),YES,Column 10 of table legacy_data_table_0466 used for migration from legacy system department 7
legacy_data_table_0466,created_at,TIMESTAMP,YES,Column 11 of table legacy_data_table_0466 used for migration from legacy system department 7
legacy_data_table_0466,updated_at,TIMESTAMP,YES,Column 12 of table legacy_data_table_0466 used for migration from legacy system department 7
legacy_data_table_0467,rec_id,VARCHAR(50),NO,Column 1 of table legacy_data_table_0467 used for migration from legacy system department 8
legacy_data_table_0467,label,VARCHAR(255),NO,Column 2 of table legacy_data_table_0467 used for migration from legacy system department 8
legacy_data_table_0467,code,VARCHAR(100),NO,Column 3 of table legacy_data_table_0467 used for migration from legacy system department 8
legacy_data_table_0467,status,VARCHAR(30),YES,Column 4 of table legacy_data_table_0467 used for migration from legacy system department 8
legacy_data_table_0467,value_num,DECIMAL(18,4),YES,Column 5 of table legacy_data_table_0467 used for migration from legacy system department 8
legacy_data_table_0467,value_str,TEXT,YES,Column 6 of table legacy_data_table_0467 used for migration from legacy system department 8
legacy_data_table_0467,ref_key,VARCHAR(80),YES,Column 7 of table legacy_data_table_0467 used for migration from legacy system department 8
legacy_data_table_0467,date_val,TIMESTAMP,YES,Column 8 of table legacy_data_table_0467 used for migration from legacy system department 8
legacy_data_table_0467,flag,BOOLEAN,YES,Column 9 of table legacy_data_table_0467 used for migration from legacy system department 8
legacy_data_table_0467,owner,VARCHAR(80),YES,Column 10 of table legacy_data_table_0467 used for migration from legacy system department 8
legacy_data_table_0467,created_at,TIMESTAMP,YES,Column 11 of table legacy_data_table_0467 used for migration from legacy system department 8
legacy_data_table_0467,updated_at,TIMESTAMP,YES,Column 12 of table legacy_data_table_0467 used for migration from legacy system department 8
legacy_data_table_0468,rec_id,VARCHAR(50),NO,Column 1 of table legacy_data_table_0468 used for migration from legacy system department 9
legacy_data_table_0468,label,VARCHAR(255),NO,Column 2 of table legacy_data_table_0468 used for migration from legacy system department 9
legacy_data_table_0468,code,VARCHAR(100),NO,Column 3 of table legacy_data_table_0468 used for migration from legacy system department 9
legacy_data_table_0468,status,VARCHAR(30),YES,Column 4 of table legacy_data_table_0468 used for migration from legacy system department 9
legacy_data_table_0468,value_num,DECIMAL(18,4),YES,Column 5 of table legacy_data_table_0468 used for migration from legacy system department 9
legacy_data_table_0468,value_str,TEXT,YES,Column 6 of table legacy_data_table_0468 used for migration from legacy system department 9
legacy_data_table_0468,ref_key,VARCHAR(80),YES,Column 7 of table legacy_data_table_0468 used for migration from legacy system department 9
legacy_data_table_0468,date_val,TIMESTAMP,YES,Column 8 of table legacy_data_table_0468 used for migration from legacy system department 9
legacy_data_table_0468,flag,BOOLEAN,YES,Column 9 of table legacy_data_table_0468 used for migration from legacy system department 9
legacy_data_table_0468,owner,VARCHAR(80),YES,Column 10 of table legacy_data_table_0468 used for migration from legacy system department 9
legacy_data_table_0468,created_at,TIMESTAMP,YES,Column 11 of table legacy_data_table_0468 used for migration from legacy system department 9
legacy_data_table_0468,updated_at,TIMESTAMP,YES,Column 12 of table legacy_data_table_0468 used for migration from legacy system department 9
legacy_data_table_0469,rec_id,VARCHAR(50),NO,Column 1 of table legacy_data_table_0469 used for migration from legacy system department 10
legacy_data_table_0469,label,VARCHAR(255),NO,Column 2 of table legacy_data_table_0469 used for migration from legacy system department 10
legacy_data_table_0469,code,VARCHAR(100),NO,Column 3 of table legacy_data_table_0469 used for migration from legacy system department 10
legacy_data_table_0469,status,VARCHAR(30),YES,Column 4 of table legacy_data_table_0469 used for migration from legacy system department 10
legacy_data_table_0469,value_num,DECIMAL(18,4),YES,Column 5 of table legacy_data_table_0469 used for migration from legacy system department 10
legacy_data_table_0469,value_str,TEXT,YES,Column 6 of table legacy_data_table_0469 used for migration from legacy system department 10
legacy_data_table_0469,ref_key,VARCHAR(80),YES,Column 7 of table legacy_data_table_0469 used for migration from legacy system department 10
legacy_data_table_0469,date_val,TIMESTAMP,YES,Column 8 of table legacy_data_table_0469 used for migration from legacy system department 10
legacy_data_table_0469,flag,BOOLEAN,YES,Column 9 of table legacy_data_table_0469 used for migration from legacy system department 10
legacy_data_table_0469,owner,VARCHAR(80),YES,Column 10 of table legacy_data_table_0469 used for migration from legacy system department 10
legacy_data_table_0469,created_at,TIMESTAMP,YES,Column 11 of table legacy_data_table_0469 used for migration from legacy system department 10
legacy_data_table_0469,updated_at,TIMESTAMP,YES,Column 12 of table legacy_data_table_0469 used for migration from legacy system department 10
legacy_data_table_0470,rec_id,VARCHAR(50),NO,Column 1 of table legacy_data_table_0470 used for migration from legacy system department 11
legacy_data_table_0470,label,VARCHAR(255),NO,Column 2 of table legacy_data_table_0470 used for migration from legacy system department 11
legacy_data_table_0470,code,VARCHAR(100),NO,Column 3 of table legacy_data_table_0470 used for migration from legacy system department 11
legacy_data_table_0470,status,VARCHAR(30),YES,Column 4 of table legacy_data_table_0470 used for migration from legacy system department 11
legacy_data_table_0470,value_num,DECIMAL(18,4),YES,Column 5 of table legacy_data_table_0470 used for migration from legacy system department 11
legacy_data_table_0470,value_str,TEXT,YES,Column 6 of table legacy_data_table_0470 used for migration from legacy system department 11
legacy_data_table_0470,ref_key,VARCHAR(80),YES,Column 7 of table legacy_data_table_0470 used for migration from legacy system department 11
legacy_data_table_0470,date_val,TIMESTAMP,YES,Column 8 of table legacy_data_table_0470 used for migration from legacy system department 11
legacy_data_table_0470,flag,BOOLEAN,YES,Column 9 of table legacy_data_table_0470 used for migration from legacy system department 11
legacy_data_table_0470,owner,VARCHAR(80),YES,Column 10 of table legacy_data_table_0470 used for migration from legacy system department 11
legacy_data_table_0470,created_at,TIMESTAMP,YES,Column 11 of table legacy_data_table_0470 used for migration from legacy system department 11
legacy_data_table_0470,updated_at,TIMESTAMP,YES,Column 12 of table legacy_data_table_0470 used for migration from legacy system department 11
legacy_data_table_0471,rec_id,VARCHAR(50),NO,Column 1 of table legacy_data_table_0471 used for migration from legacy system department 12
legacy_data_table_0471,label,VARCHAR(255),NO,Column 2 of table legacy_data_table_0471 used for migration from legacy system department 12
legacy_data_table_0471,code,VARCHAR(100),NO,Column 3 of table legacy_data_table_0471 used for migration from legacy system department 12
legacy_data_table_0471,status,VARCHAR(30),YES,Column 4 of table legacy_data_table_0471 used for migration from legacy system department 12
legacy_data_table_0471,value_num,DECIMAL(18,4),YES,Column 5 of table legacy_data_table_0471 used for migration from legacy system department 12
legacy_data_table_0471,value_str,TEXT,YES,Column 6 of table legacy_data_table_0471 used for migration from legacy system department 12
legacy_data_table_0471,ref_key,VARCHAR(80),YES,Column 7 of table legacy_data_table_0471 used for migration from legacy system department 12
legacy_data_table_0471,date_val,TIMESTAMP,YES,Column 8 of table legacy_data_table_0471 used for migration from legacy system department 12
legacy_data_table_0471,flag,BOOLEAN,YES,Column 9 of table legacy_data_table_0471 used for migration from legacy system department 12
legacy_data_table_0471,owner,VARCHAR(80),YES,Column 10 of table legacy_data_table_0471 used for migration from legacy system department 12
legacy_data_table_0471,created_at,TIMESTAMP,YES,Column 11 of table legacy_data_table_0471 used for migration from legacy system department 12
legacy_data_table_0471,updated_at,TIMESTAMP,YES,Column 12 of table legacy_data_table_0471 used for migration from legacy system department 12
legacy_data_table_0472,rec_id,VARCHAR(50),NO,Column 1 of table legacy_data_table_0472 used for migration from legacy system department 13
legacy_data_table_0472,label,VARCHAR(255),NO,Column 2 of table legacy_data_table_0472 used for migration from legacy system department 13
legacy_data_table_0472,code,VARCHAR(100),NO,Column 3 of table legacy_data_table_0472 used for migration from legacy system department 13
legacy_data_table_0472,status,VARCHAR(30),YES,Column 4 of table legacy_data_table_0472 used for migration from legacy system department 13
legacy_data_table_0472,value_num,DECIMAL(18,4),YES,Column 5 of table legacy_data_table_0472 used for migration from legacy system department 13
legacy_data_table_0472,value_str,TEXT,YES,Column 6 of table legacy_data_table_0472 used for migration from legacy system department 13
legacy_data_table_0472,ref_key,VARCHAR(80),YES,Column 7 of table legacy_data_table_0472 used for migration from legacy system department 13
legacy_data_table_0472,date_val,TIMESTAMP,YES,Column 8 of table legacy_data_table_0472 used for migration from legacy system department 13
legacy_data_table_0472,flag,BOOLEAN,YES,Column 9 of table legacy_data_table_0472 used for migration from legacy system department 13
legacy_data_table_0472,owner,VARCHAR(80),YES,Column 10 of table legacy_data_table_0472 used for migration from legacy system department 13
legacy_data_table_0472,created_at,TIMESTAMP,YES,Column 11 of table legacy_data_table_0472 used for migration from legacy system department 13
legacy_data_table_0472,updated_at,TIMESTAMP,YES,Column 12 of table legacy_data_table_0472 used for migration from legacy system department 13
legacy_data_table_0473,rec_id,VARCHAR(50),NO,Column 1 of table legacy_data_table_0473 used for migration from legacy system department 14
legacy_data_table_0473,label,VARCHAR(255),NO,Column 2 of table legacy_data_table_0473 used for migration from legacy system department 14
legacy_data_table_0473,code,VARCHAR(100),NO,Column 3 of table legacy_data_table_0473 used for migration from legacy system department 14
legacy_data_table_0473,status,VARCHAR(30),YES,Column 4 of table legacy_data_table_0473 used for migration from legacy system department 14
legacy_data_table_0473,value_num,DECIMAL(18,4),YES,Column 5 of table legacy_data_table_0473 used for migration from legacy system department 14
legacy_data_table_0473,value_str,TEXT,YES,Column 6 of table legacy_data_table_0473 used for migration from legacy system department 14
legacy_data_table_0473,ref_key,VARCHAR(80),YES,Column 7 of table legacy_data_table_0473 used for migration from legacy system department 14
legacy_data_table_0473,date_val,TIMESTAMP,YES,Column 8 of table legacy_data_table_0473 used for migration from legacy system department 14
legacy_data_table_0473,flag,BOOLEAN,YES,Column 9 of table legacy_data_table_0473 used for migration from legacy system department 14
legacy_data_table_0473,owner,VARCHAR(80),YES,Column 10 of table legacy_data_table_0473 used for migration from legacy system department 14
legacy_data_table_0473,created_at,TIMESTAMP,YES,Column 11 of table legacy_data_table_0473 used for migration from legacy system department 14
legacy_data_table_0473,updated_at,TIMESTAMP,YES,Column 12 of table legacy_data_table_0473 used for migration from legacy system department 14
legacy_data_table_0474,rec_id,VARCHAR(50),NO,Column 1 of table legacy_data_table_0474 used for migration from legacy system department 15
legacy_data_table_0474,label,VARCHAR(255),NO,Column 2 of table legacy_data_table_0474 used for migration from legacy system department 15
legacy_data_table_0474,code,VARCHAR(100),NO,Column 3 of table legacy_data_table_0474 used for migration from legacy system department 15
legacy_data_table_0474,status,VARCHAR(30),YES,Column 4 of table legacy_data_table_0474 used for migration from legacy system department 15
legacy_data_table_0474,value_num,DECIMAL(18,4),YES,Column 5 of table legacy_data_table_0474 used for migration from legacy system department 15
legacy_data_table_0474,value_str,TEXT,YES,Column 6 of table legacy_data_table_0474 used for migration from legacy system department 15
legacy_data_table_0474,ref_key,VARCHAR(80),YES,Column 7 of table legacy_data_table_0474 used for migration from legacy system department 15
legacy_data_table_0474,date_val,TIMESTAMP,YES,Column 8 of table legacy_data_table_0474 used for migration from legacy system department 15
legacy_data_table_0474,flag,BOOLEAN,YES,Column 9 of table legacy_data_table_0474 used for migration from legacy system department 15
legacy_data_table_0474,owner,VARCHAR(80),YES,Column 10 of table legacy_data_table_0474 used for migration from legacy system department 15
legacy_data_table_0474,created_at,TIMESTAMP,YES,Column 11 of table legacy_data_table_0474 used for migration from legacy system department 15
legacy_data_table_0474,updated_at,TIMESTAMP,YES,Column 12 of table legacy_data_table_0474 used for migration from legacy system department 15
legacy_data_table_0475,rec_id,VARCHAR(50),NO,Column 1 of table legacy_data_table_0475 used for migration from legacy system department 16
legacy_data_table_0475,label,VARCHAR(255),NO,Column 2 of table legacy_data_table_0475 used for migration from legacy system department 16
legacy_data_table_0475,code,VARCHAR(100),NO,Column 3 of table legacy_data_table_0475 used for migration from legacy system department 16
legacy_data_table_0475,status,VARCHAR(30),YES,Column 4 of table legacy_data_table_0475 used for migration from legacy system department 16
legacy_data_table_0475,value_num,DECIMAL(18,4),YES,Column 5 of table legacy_data_table_0475 used for migration from legacy system department 16
legacy_data_table_0475,value_str,TEXT,YES,Column 6 of table legacy_data_table_0475 used for migration from legacy system department 16
legacy_data_table_0475,ref_key,VARCHAR(80),YES,Column 7 of table legacy_data_table_0475 used for migration from legacy system department 16
legacy_data_table_0475,date_val,TIMESTAMP,YES,Column 8 of table legacy_data_table_0475 used for migration from legacy system department 16
legacy_data_table_0475,flag,BOOLEAN,YES,Column 9 of table legacy_data_table_0475 used for migration from legacy system department 16
legacy_data_table_0475,owner,VARCHAR(80),YES,Column 10 of table legacy_data_table_0475 used for migration from legacy system department 16
legacy_data_table_0475,created_at,TIMESTAMP,YES,Column 11 of table legacy_data_table_0475 used for migration from legacy system department 16
legacy_data_table_0475,updated_at,TIMESTAMP,YES,Column 12 of table legacy_data_table_0475 used for migration from legacy system department 16
legacy_data_table_0476,rec_id,VARCHAR(50),NO,Column 1 of table legacy_data_table_0476 used for migration from legacy system department 17
legacy_data_table_0476,label,VARCHAR(255),NO,Column 2 of table legacy_data_table_0476 used for migration from legacy system department 17
legacy_data_table_0476,code,VARCHAR(100),NO,Column 3 of table legacy_data_table_0476 used for migration from legacy system department 17
legacy_data_table_0476,status,VARCHAR(30),YES,Column 4 of table legacy_data_table_0476 used for migration from legacy system department 17
legacy_data_table_0476,value_num,DECIMAL(18,4),YES,Column 5 of table legacy_data_table_0476 used for migration from legacy system department 17
legacy_data_table_0476,value_str,TEXT,YES,Column 6 of table legacy_data_table_0476 used for migration from legacy system department 17
legacy_data_table_0476,ref_key,VARCHAR(80),YES,Column 7 of table legacy_data_table_0476 used for migration from legacy system department 17
legacy_data_table_0476,date_val,TIMESTAMP,YES,Column 8 of table legacy_data_table_0476 used for migration from legacy system department 17
legacy_data_table_0476,flag,BOOLEAN,YES,Column 9 of table legacy_data_table_0476 used for migration from legacy system department 17
legacy_data_table_0476,owner,VARCHAR(80),YES,Column 10 of table legacy_data_table_0476 used for migration from legacy system department 17
legacy_data_table_0476,created_at,TIMESTAMP,YES,Column 11 of table legacy_data_table_0476 used for migration from legacy system department 17
legacy_data_table_0476,updated_at,TIMESTAMP,YES,Column 12 of table legacy_data_table_0476 used for migration from legacy system department 17
legacy_data_table_0477,rec_id,VARCHAR(50),NO,Column 1 of table legacy_data_table_0477 used for migration from legacy system department 18
legacy_data_table_0477,label,VARCHAR(255),NO,Column 2 of table legacy_data_table_0477 used for migration from legacy system department 18
legacy_data_table_0477,code,VARCHAR(100),NO,Column 3 of table legacy_data_table_0477 used for migration from legacy system department 18
legacy_data_table_0477,status,VARCHAR(30),YES,Column 4 of table legacy_data_table_0477 used for migration from legacy system department 18
legacy_data_table_0477,value_num,DECIMAL(18,4),YES,Column 5 of table legacy_data_table_0477 used for migration from legacy system department 18
legacy_data_table_0477,value_str,TEXT,YES,Column 6 of table legacy_data_table_0477 used for migration from legacy system department 18
legacy_data_table_0477,ref_key,VARCHAR(80),YES,Column 7 of table legacy_data_table_0477 used for migration from legacy system department 18
legacy_data_table_0477,date_val,TIMESTAMP,YES,Column 8 of table legacy_data_table_0477 used for migration from legacy system department 18
legacy_data_table_0477,flag,BOOLEAN,YES,Column 9 of table legacy_data_table_0477 used for migration from legacy system department 18
legacy_data_table_0477,owner,VARCHAR(80),YES,Column 10 of table legacy_data_table_0477 used for migration from legacy system department 18
legacy_data_table_0477,created_at,TIMESTAMP,YES,Column 11 of table legacy_data_table_0477 used for migration from legacy system department 18
legacy_data_table_0477,updated_at,TIMESTAMP,YES,Column 12 of table legacy_data_table_0477 used for migration from legacy system department 18
legacy_data_table_0478,rec_id,VARCHAR(50),NO,Column 1 of table legacy_data_table_0478 used for migration from legacy system department 19
legacy_data_table_0478,label,VARCHAR(255),NO,Column 2 of table legacy_data_table_0478 used for migration from legacy system department 19
legacy_data_table_0478,code,VARCHAR(100),NO,Column 3 of table legacy_data_table_0478 used for migration from legacy system department 19
legacy_data_table_0478,status,VARCHAR(30),YES,Column 4 of table legacy_data_table_0478 used for migration from legacy system department 19
legacy_data_table_0478,value_num,DECIMAL(18,4),YES,Column 5 of table legacy_data_table_0478 used for migration from legacy system department 19
legacy_data_table_0478,value_str,TEXT,YES,Column 6 of table legacy_data_table_0478 used for migration from legacy system department 19
legacy_data_table_0478,ref_key,VARCHAR(80),YES,Column 7 of table legacy_data_table_0478 used for migration from legacy system department 19
legacy_data_table_0478,date_val,TIMESTAMP,YES,Column 8 of table legacy_data_table_0478 used for migration from legacy system department 19
legacy_data_table_0478,flag,BOOLEAN,YES,Column 9 of table legacy_data_table_0478 used for migration from legacy system department 19
legacy_data_table_0478,owner,VARCHAR(80),YES,Column 10 of table legacy_data_table_0478 used for migration from legacy system department 19
legacy_data_table_0478,created_at,TIMESTAMP,YES,Column 11 of table legacy_data_table_0478 used for migration from legacy system department 19
legacy_data_table_0478,updated_at,TIMESTAMP,YES,Column 12 of table legacy_data_table_0478 used for migration from legacy system department 19
legacy_data_table_0479,rec_id,VARCHAR(50),NO,Column 1 of table legacy_data_table_0479 used for migration from legacy system department 20
legacy_data_table_0479,label,VARCHAR(255),NO,Column 2 of table legacy_data_table_0479 used for migration from legacy system department 20
legacy_data_table_0479,code,VARCHAR(100),NO,Column 3 of table legacy_data_table_0479 used for migration from legacy system department 20
legacy_data_table_0479,status,VARCHAR(30),YES,Column 4 of table legacy_data_table_0479 used for migration from legacy system department 20
legacy_data_table_0479,value_num,DECIMAL(18,4),YES,Column 5 of table legacy_data_table_0479 used for migration from legacy system department 20
legacy_data_table_0479,value_str,TEXT,YES,Column 6 of table legacy_data_table_0479 used for migration from legacy system department 20
legacy_data_table_0479,ref_key,VARCHAR(80),YES,Column 7 of table legacy_data_table_0479 used for migration from legacy system department 20
legacy_data_table_0479,date_val,TIMESTAMP,YES,Column 8 of table legacy_data_table_0479 used for migration from legacy system department 20
legacy_data_table_0479,flag,BOOLEAN,YES,Column 9 of table legacy_data_table_0479 used for migration from legacy system department 20
legacy_data_table_0479,owner,VARCHAR(80),YES,Column 10 of table legacy_data_table_0479 used for migration from legacy system department 20
legacy_data_table_0479,created_at,TIMESTAMP,YES,Column 11 of table legacy_data_table_0479 used for migration from legacy system department 20
legacy_data_table_0479,updated_at,TIMESTAMP,YES,Column 12 of table legacy_data_table_0479 used for migration from legacy system department 20
legacy_data_table_0480,rec_id,VARCHAR(50),NO,Column 1 of table legacy_data_table_0480 used for migration from legacy system department 1
legacy_data_table_0480,label,VARCHAR(255),NO,Column 2 of table legacy_data_table_0480 used for migration from legacy system department 1
legacy_data_table_0480,code,VARCHAR(100),NO,Column 3 of table legacy_data_table_0480 used for migration from legacy system department 1
legacy_data_table_0480,status,VARCHAR(30),YES,Column 4 of table legacy_data_table_0480 used for migration from legacy system department 1
legacy_data_table_0480,value_num,DECIMAL(18,4),YES,Column 5 of table legacy_data_table_0480 used for migration from legacy system department 1
legacy_data_table_0480,value_str,TEXT,YES,Column 6 of table legacy_data_table_0480 used for migration from legacy system department 1
legacy_data_table_0480,ref_key,VARCHAR(80),YES,Column 7 of table legacy_data_table_0480 used for migration from legacy system department 1
legacy_data_table_0480,date_val,TIMESTAMP,YES,Column 8 of table legacy_data_table_0480 used for migration from legacy system department 1
legacy_data_table_0480,flag,BOOLEAN,YES,Column 9 of table legacy_data_table_0480 used for migration from legacy system department 1
legacy_data_table_0480,owner,VARCHAR(80),YES,Column 10 of table legacy_data_table_0480 used for migration from legacy system department 1
legacy_data_table_0480,created_at,TIMESTAMP,YES,Column 11 of table legacy_data_table_0480 used for migration from legacy system department 1
legacy_data_table_0480,updated_at,TIMESTAMP,YES,Column 12 of table legacy_data_table_0480 used for migration from legacy system department 1
legacy_data_table_0481,rec_id,VARCHAR(50),NO,Column 1 of table legacy_data_table_0481 used for migration from legacy system department 2
legacy_data_table_0481,label,VARCHAR(255),NO,Column 2 of table legacy_data_table_0481 used for migration from legacy system department 2
legacy_data_table_0481,code,VARCHAR(100),NO,Column 3 of table legacy_data_table_0481 used for migration from legacy system department 2
legacy_data_table_0481,status,VARCHAR(30),YES,Column 4 of table legacy_data_table_0481 used for migration from legacy system department 2
legacy_data_table_0481,value_num,DECIMAL(18,4),YES,Column 5 of table legacy_data_table_0481 used for migration from legacy system department 2
legacy_data_table_0481,value_str,TEXT,YES,Column 6 of table legacy_data_table_0481 used for migration from legacy system department 2
legacy_data_table_0481,ref_key,VARCHAR(80),YES,Column 7 of table legacy_data_table_0481 used for migration from legacy system department 2
legacy_data_table_0481,date_val,TIMESTAMP,YES,Column 8 of table legacy_data_table_0481 used for migration from legacy system department 2
legacy_data_table_0481,flag,BOOLEAN,YES,Column 9 of table legacy_data_table_0481 used for migration from legacy system department 2
legacy_data_table_0481,owner,VARCHAR(80),YES,Column 10 of table legacy_data_table_0481 used for migration from legacy system department 2
legacy_data_table_0481,created_at,TIMESTAMP,YES,Column 11 of table legacy_data_table_0481 used for migration from legacy system department 2
legacy_data_table_0481,updated_at,TIMESTAMP,YES,Column 12 of table legacy_data_table_0481 used for migration from legacy system department 2
legacy_data_table_0482,rec_id,VARCHAR(50),NO,Column 1 of table legacy_data_table_0482 used for migration from legacy system department 3
legacy_data_table_0482,label,VARCHAR(255),NO,Column 2 of table legacy_data_table_0482 used for migration from legacy system department 3
legacy_data_table_0482,code,VARCHAR(100),NO,Column 3 of table legacy_data_table_0482 used for migration from legacy system department 3
legacy_data_table_0482,status,VARCHAR(30),YES,Column 4 of table legacy_data_table_0482 used for migration from legacy system department 3
legacy_data_table_0482,value_num,DECIMAL(18,4),YES,Column 5 of table legacy_data_table_0482 used for migration from legacy system department 3
legacy_data_table_0482,value_str,TEXT,YES,Column 6 of table legacy_data_table_0482 used for migration from legacy system department 3
legacy_data_table_0482,ref_key,VARCHAR(80),YES,Column 7 of table legacy_data_table_0482 used for migration from legacy system department 3
legacy_data_table_0482,date_val,TIMESTAMP,YES,Column 8 of table legacy_data_table_0482 used for migration from legacy system department 3
legacy_data_table_0482,flag,BOOLEAN,YES,Column 9 of table legacy_data_table_0482 used for migration from legacy system department 3
legacy_data_table_0482,owner,VARCHAR(80),YES,Column 10 of table legacy_data_table_0482 used for migration from legacy system department 3
legacy_data_table_0482,created_at,TIMESTAMP,YES,Column 11 of table legacy_data_table_0482 used for migration from legacy system department 3
legacy_data_table_0482,updated_at,TIMESTAMP,YES,Column 12 of table legacy_data_table_0482 used for migration from legacy system department 3
legacy_data_table_0483,rec_id,VARCHAR(50),NO,Column 1 of table legacy_data_table_0483 used for migration from legacy system department 4
legacy_data_table_0483,label,VARCHAR(255),NO,Column 2 of table legacy_data_table_0483 used for migration from legacy system department 4
legacy_data_table_0483,code,VARCHAR(100),NO,Column 3 of table legacy_data_table_0483 used for migration from legacy system department 4
legacy_data_table_0483,status,VARCHAR(30),YES,Column 4 of table legacy_data_table_0483 used for migration from legacy system department 4
legacy_data_table_0483,value_num,DECIMAL(18,4),YES,Column 5 of table legacy_data_table_0483 used for migration from legacy system department 4
legacy_data_table_0483,value_str,TEXT,YES,Column 6 of table legacy_data_table_0483 used for migration from legacy system department 4
legacy_data_table_0483,ref_key,VARCHAR(80),YES,Column 7 of table legacy_data_table_0483 used for migration from legacy system department 4
legacy_data_table_0483,date_val,TIMESTAMP,YES,Column 8 of table legacy_data_table_0483 used for migration from legacy system department 4
legacy_data_table_0483,flag,BOOLEAN,YES,Column 9 of table legacy_data_table_0483 used for migration from legacy system department 4
legacy_data_table_0483,owner,VARCHAR(80),YES,Column 10 of table legacy_data_table_0483 used for migration from legacy system department 4
legacy_data_table_0483,created_at,TIMESTAMP,YES,Column 11 of table legacy_data_table_0483 used for migration from legacy system department 4
legacy_data_table_0483,updated_at,TIMESTAMP,YES,Column 12 of table legacy_data_table_0483 used for migration from legacy system department 4
legacy_data_table_0484,rec_id,VARCHAR(50),NO,Column 1 of table legacy_data_table_0484 used for migration from legacy system department 5
legacy_data_table_0484,label,VARCHAR(255),NO,Column 2 of table legacy_data_table_0484 used for migration from legacy system department 5
legacy_data_table_0484,code,VARCHAR(100),NO,Column 3 of table legacy_data_table_0484 used for migration from legacy system department 5
legacy_data_table_0484,status,VARCHAR(30),YES,Column 4 of table legacy_data_table_0484 used for migration from legacy system department 5
legacy_data_table_0484,value_num,DECIMAL(18,4),YES,Column 5 of table legacy_data_table_0484 used for migration from legacy system department 5
legacy_data_table_0484,value_str,TEXT,YES,Column 6 of table legacy_data_table_0484 used for migration from legacy system department 5
legacy_data_table_0484,ref_key,VARCHAR(80),YES,Column 7 of table legacy_data_table_0484 used for migration from legacy system department 5
legacy_data_table_0484,date_val,TIMESTAMP,YES,Column 8 of table legacy_data_table_0484 used for migration from legacy system department 5
legacy_data_table_0484,flag,BOOLEAN,YES,Column 9 of table legacy_data_table_0484 used for migration from legacy system department 5
legacy_data_table_0484,owner,VARCHAR(80),YES,Column 10 of table legacy_data_table_0484 used for migration from legacy system department 5
legacy_data_table_0484,created_at,TIMESTAMP,YES,Column 11 of table legacy_data_table_0484 used for migration from legacy system department 5
legacy_data_table_0484,updated_at,TIMESTAMP,YES,Column 12 of table legacy_data_table_0484 used for migration from legacy system department 5
legacy_data_table_0485,rec_id,VARCHAR(50),NO,Column 1 of table legacy_data_table_0485 used for migration from legacy system department 6
legacy_data_table_0485,label,VARCHAR(255),NO,Column 2 of table legacy_data_table_0485 used for migration from legacy system department 6
legacy_data_table_0485,code,VARCHAR(100),NO,Column 3 of table legacy_data_table_0485 used for migration from legacy system department 6
legacy_data_table_0485,status,VARCHAR(30),YES,Column 4 of table legacy_data_table_0485 used for migration from legacy system department 6
legacy_data_table_0485,value_num,DECIMAL(18,4),YES,Column 5 of table legacy_data_table_0485 used for migration from legacy system department 6
legacy_data_table_0485,value_str,TEXT,YES,Column 6 of table legacy_data_table_0485 used for migration from legacy system department 6
legacy_data_table_0485,ref_key,VARCHAR(80),YES,Column 7 of table legacy_data_table_0485 used for migration from legacy system department 6
legacy_data_table_0485,date_val,TIMESTAMP,YES,Column 8 of table legacy_data_table_0485 used for migration from legacy system department 6
legacy_data_table_0485,flag,BOOLEAN,YES,Column 9 of table legacy_data_table_0485 used for migration from legacy system department 6
legacy_data_table_0485,owner,VARCHAR(80),YES,Column 10 of table legacy_data_table_0485 used for migration from legacy system department 6
legacy_data_table_0485,created_at,TIMESTAMP,YES,Column 11 of table legacy_data_table_0485 used for migration from legacy system department 6
legacy_data_table_0485,updated_at,TIMESTAMP,YES,Column 12 of table legacy_data_table_0485 used for migration from legacy system department 6
legacy_data_table_0486,rec_id,VARCHAR(50),NO,Column 1 of table legacy_data_table_0486 used for migration from legacy system department 7
legacy_data_table_0486,label,VARCHAR(255),NO,Column 2 of table legacy_data_table_0486 used for migration from legacy system department 7
legacy_data_table_0486,code,VARCHAR(100),NO,Column 3 of table legacy_data_table_0486 used for migration from legacy system department 7
legacy_data_table_0486,status,VARCHAR(30),YES,Column 4 of table legacy_data_table_0486 used for migration from legacy system department 7
legacy_data_table_0486,value_num,DECIMAL(18,4),YES,Column 5 of table legacy_data_table_0486 used for migration from legacy system department 7
legacy_data_table_0486,value_str,TEXT,YES,Column 6 of table legacy_data_table_0486 used for migration from legacy system department 7
legacy_data_table_0486,ref_key,VARCHAR(80),YES,Column 7 of table legacy_data_table_0486 used for migration from legacy system department 7
legacy_data_table_0486,date_val,TIMESTAMP,YES,Column 8 of table legacy_data_table_0486 used for migration from legacy system department 7
legacy_data_table_0486,flag,BOOLEAN,YES,Column 9 of table legacy_data_table_0486 used for migration from legacy system department 7
legacy_data_table_0486,owner,VARCHAR(80),YES,Column 10 of table legacy_data_table_0486 used for migration from legacy system department 7
legacy_data_table_0486,created_at,TIMESTAMP,YES,Column 11 of table legacy_data_table_0486 used for migration from legacy system department 7
legacy_data_table_0486,updated_at,TIMESTAMP,YES,Column 12 of table legacy_data_table_0486 used for migration from legacy system department 7
legacy_data_table_0487,rec_id,VARCHAR(50),NO,Column 1 of table legacy_data_table_0487 used for migration from legacy system department 8
legacy_data_table_0487,label,VARCHAR(255),NO,Column 2 of table legacy_data_table_0487 used for migration from legacy system department 8
legacy_data_table_0487,code,VARCHAR(100),NO,Column 3 of table legacy_data_table_0487 used for migration from legacy system department 8
legacy_data_table_0487,status,VARCHAR(30),YES,Column 4 of table legacy_data_table_0487 used for migration from legacy system department 8
legacy_data_table_0487,value_num,DECIMAL(18,4),YES,Column 5 of table legacy_data_table_0487 used for migration from legacy system department 8
legacy_data_table_0487,value_str,TEXT,YES,Column 6 of table legacy_data_table_0487 used for migration from legacy system department 8
legacy_data_table_0487,ref_key,VARCHAR(80),YES,Column 7 of table legacy_data_table_0487 used for migration from legacy system department 8
legacy_data_table_0487,date_val,TIMESTAMP,YES,Column 8 of table legacy_data_table_0487 used for migration from legacy system department 8
legacy_data_table_0487,flag,BOOLEAN,YES,Column 9 of table legacy_data_table_0487 used for migration from legacy system department 8
legacy_data_table_0487,owner,VARCHAR(80),YES,Column 10 of table legacy_data_table_0487 used for migration from legacy system department 8
legacy_data_table_0487,created_at,TIMESTAMP,YES,Column 11 of table legacy_data_table_0487 used for migration from legacy system department 8
legacy_data_table_0487,updated_at,TIMESTAMP,YES,Column 12 of table legacy_data_table_0487 used for migration from legacy system department 8
legacy_data_table_0488,rec_id,VARCHAR(50),NO,Column 1 of table legacy_data_table_0488 used for migration from legacy system department 9
legacy_data_table_0488,label,VARCHAR(255),NO,Column 2 of table legacy_data_table_0488 used for migration from legacy system department 9
legacy_data_table_0488,code,VARCHAR(100),NO,Column 3 of table legacy_data_table_0488 used for migration from legacy system department 9
legacy_data_table_0488,status,VARCHAR(30),YES,Column 4 of table legacy_data_table_0488 used for migration from legacy system department 9
legacy_data_table_0488,value_num,DECIMAL(18,4),YES,Column 5 of table legacy_data_table_0488 used for migration from legacy system department 9
legacy_data_table_0488,value_str,TEXT,YES,Column 6 of table legacy_data_table_0488 used for migration from legacy system department 9
legacy_data_table_0488,ref_key,VARCHAR(80),YES,Column 7 of table legacy_data_table_0488 used for migration from legacy system department 9
legacy_data_table_0488,date_val,TIMESTAMP,YES,Column 8 of table legacy_data_table_0488 used for migration from legacy system department 9
legacy_data_table_0488,flag,BOOLEAN,YES,Column 9 of table legacy_data_table_0488 used for migration from legacy system department 9
legacy_data_table_0488,owner,VARCHAR(80),YES,Column 10 of table legacy_data_table_0488 used for migration from legacy system department 9
legacy_data_table_0488,created_at,TIMESTAMP,YES,Column 11 of table legacy_data_table_0488 used for migration from legacy system department 9
legacy_data_table_0488,updated_at,TIMESTAMP,YES,Column 12 of table legacy_data_table_0488 used for migration from legacy system department 9
legacy_data_table_0489,rec_id,VARCHAR(50),NO,Column 1 of table legacy_data_table_0489 used for migration from legacy system department 10
legacy_data_table_0489,label,VARCHAR(255),NO,Column 2 of table legacy_data_table_0489 used for migration from legacy system department 10
legacy_data_table_0489,code,VARCHAR(100),NO,Column 3 of table legacy_data_table_0489 used for migration from legacy system department 10
legacy_data_table_0489,status,VARCHAR(30),YES,Column 4 of table legacy_data_table_0489 used for migration from legacy system department 10
legacy_data_table_0489,value_num,DECIMAL(18,4),YES,Column 5 of table legacy_data_table_0489 used for migration from legacy system department 10
legacy_data_table_0489,value_str,TEXT,YES,Column 6 of table legacy_data_table_0489 used for migration from legacy system department 10
legacy_data_table_0489,ref_key,VARCHAR(80),YES,Column 7 of table legacy_data_table_0489 used for migration from legacy system department 10
legacy_data_table_0489,date_val,TIMESTAMP,YES,Column 8 of table legacy_data_table_0489 used for migration from legacy system department 10
legacy_data_table_0489,flag,BOOLEAN,YES,Column 9 of table legacy_data_table_0489 used for migration from legacy system department 10
legacy_data_table_0489,owner,VARCHAR(80),YES,Column 10 of table legacy_data_table_0489 used for migration from legacy system department 10
legacy_data_table_0489,created_at,TIMESTAMP,YES,Column 11 of table legacy_data_table_0489 used for migration from legacy system department 10
legacy_data_table_0489,updated_at,TIMESTAMP,YES,Column 12 of table legacy_data_table_0489 used for migration from legacy system department 10
legacy_data_table_0490,rec_id,VARCHAR(50),NO,Column 1 of table legacy_data_table_0490 used for migration from legacy system department 11
legacy_data_table_0490,label,VARCHAR(255),NO,Column 2 of table legacy_data_table_0490 used for migration from legacy system department 11
legacy_data_table_0490,code,VARCHAR(100),NO,Column 3 of table legacy_data_table_0490 used for migration from legacy system department 11
legacy_data_table_0490,status,VARCHAR(30),YES,Column 4 of table legacy_data_table_0490 used for migration from legacy system department 11
legacy_data_table_0490,value_num,DECIMAL(18,4),YES,Column 5 of table legacy_data_table_0490 used for migration from legacy system department 11
legacy_data_table_0490,value_str,TEXT,YES,Column 6 of table legacy_data_table_0490 used for migration from legacy system department 11
legacy_data_table_0490,ref_key,VARCHAR(80),YES,Column 7 of table legacy_data_table_0490 used for migration from legacy system department 11
legacy_data_table_0490,date_val,TIMESTAMP,YES,Column 8 of table legacy_data_table_0490 used for migration from legacy system department 11
legacy_data_table_0490,flag,BOOLEAN,YES,Column 9 of table legacy_data_table_0490 used for migration from legacy system department 11
legacy_data_table_0490,owner,VARCHAR(80),YES,Column 10 of table legacy_data_table_0490 used for migration from legacy system department 11
legacy_data_table_0490,created_at,TIMESTAMP,YES,Column 11 of table legacy_data_table_0490 used for migration from legacy system department 11
legacy_data_table_0490,updated_at,TIMESTAMP,YES,Column 12 of table legacy_data_table_0490 used for migration from legacy system department 11
legacy_data_table_0491,rec_id,VARCHAR(50),NO,Column 1 of table legacy_data_table_0491 used for migration from legacy system department 12
legacy_data_table_0491,label,VARCHAR(255),NO,Column 2 of table legacy_data_table_0491 used for migration from legacy system department 12
legacy_data_table_0491,code,VARCHAR(100),NO,Column 3 of table legacy_data_table_0491 used for migration from legacy system department 12
legacy_data_table_0491,status,VARCHAR(30),YES,Column 4 of table legacy_data_table_0491 used for migration from legacy system department 12
legacy_data_table_0491,value_num,DECIMAL(18,4),YES,Column 5 of table legacy_data_table_0491 used for migration from legacy system department 12
legacy_data_table_0491,value_str,TEXT,YES,Column 6 of table legacy_data_table_0491 used for migration from legacy system department 12
legacy_data_table_0491,ref_key,VARCHAR(80),YES,Column 7 of table legacy_data_table_0491 used for migration from legacy system department 12
legacy_data_table_0491,date_val,TIMESTAMP,YES,Column 8 of table legacy_data_table_0491 used for migration from legacy system department 12
legacy_data_table_0491,flag,BOOLEAN,YES,Column 9 of table legacy_data_table_0491 used for migration from legacy system department 12
legacy_data_table_0491,owner,VARCHAR(80),YES,Column 10 of table legacy_data_table_0491 used for migration from legacy system department 12
legacy_data_table_0491,created_at,TIMESTAMP,YES,Column 11 of table legacy_data_table_0491 used for migration from legacy system department 12
legacy_data_table_0491,updated_at,TIMESTAMP,YES,Column 12 of table legacy_data_table_0491 used for migration from legacy system department 12
legacy_data_table_0492,rec_id,VARCHAR(50),NO,Column 1 of table legacy_data_table_0492 used for migration from legacy system department 13
legacy_data_table_0492,label,VARCHAR(255),NO,Column 2 of table legacy_data_table_0492 used for migration from legacy system department 13
legacy_data_table_0492,code,VARCHAR(100),NO,Column 3 of table legacy_data_table_0492 used for migration from legacy system department 13
legacy_data_table_0492,status,VARCHAR(30),YES,Column 4 of table legacy_data_table_0492 used for migration from legacy system department 13
legacy_data_table_0492,value_num,DECIMAL(18,4),YES,Column 5 of table legacy_data_table_0492 used for migration from legacy system department 13
legacy_data_table_0492,value_str,TEXT,YES,Column 6 of table legacy_data_table_0492 used for migration from legacy system department 13
legacy_data_table_0492,ref_key,VARCHAR(80),YES,Column 7 of table legacy_data_table_0492 used for migration from legacy system department 13
legacy_data_table_0492,date_val,TIMESTAMP,YES,Column 8 of table legacy_data_table_0492 used for migration from legacy system department 13
legacy_data_table_0492,flag,BOOLEAN,YES,Column 9 of table legacy_data_table_0492 used for migration from legacy system department 13
legacy_data_table_0492,owner,VARCHAR(80),YES,Column 10 of table legacy_data_table_0492 used for migration from legacy system department 13
legacy_data_table_0492,created_at,TIMESTAMP,YES,Column 11 of table legacy_data_table_0492 used for migration from legacy system department 13
legacy_data_table_0492,updated_at,TIMESTAMP,YES,Column 12 of table legacy_data_table_0492 used for migration from legacy system department 13
legacy_data_table_0493,rec_id,VARCHAR(50),NO,Column 1 of table legacy_data_table_0493 used for migration from legacy system department 14
legacy_data_table_0493,label,VARCHAR(255),NO,Column 2 of table legacy_data_table_0493 used for migration from legacy system department 14
legacy_data_table_0493,code,VARCHAR(100),NO,Column 3 of table legacy_data_table_0493 used for migration from legacy system department 14
legacy_data_table_0493,status,VARCHAR(30),YES,Column 4 of table legacy_data_table_0493 used for migration from legacy system department 14
legacy_data_table_0493,value_num,DECIMAL(18,4),YES,Column 5 of table legacy_data_table_0493 used for migration from legacy system department 14
legacy_data_table_0493,value_str,TEXT,YES,Column 6 of table legacy_data_table_0493 used for migration from legacy system department 14
legacy_data_table_0493,ref_key,VARCHAR(80),YES,Column 7 of table legacy_data_table_0493 used for migration from legacy system department 14
legacy_data_table_0493,date_val,TIMESTAMP,YES,Column 8 of table legacy_data_table_0493 used for migration from legacy system department 14
legacy_data_table_0493,flag,BOOLEAN,YES,Column 9 of table legacy_data_table_0493 used for migration from legacy system department 14
legacy_data_table_0493,owner,VARCHAR(80),YES,Column 10 of table legacy_data_table_0493 used for migration from legacy system department 14
legacy_data_table_0493,created_at,TIMESTAMP,YES,Column 11 of table legacy_data_table_0493 used for migration from legacy system department 14
legacy_data_table_0493,updated_at,TIMESTAMP,YES,Column 12 of table legacy_data_table_0493 used for migration from legacy system department 14
legacy_data_table_0494,rec_id,VARCHAR(50),NO,Column 1 of table legacy_data_table_0494 used for migration from legacy system department 15
legacy_data_table_0494,label,VARCHAR(255),NO,Column 2 of table legacy_data_table_0494 used for migration from legacy system department 15
legacy_data_table_0494,code,VARCHAR(100),NO,Column 3 of table legacy_data_table_0494 used for migration from legacy system department 15
legacy_data_table_0494,status,VARCHAR(30),YES,Column 4 of table legacy_data_table_0494 used for migration from legacy system department 15
legacy_data_table_0494,value_num,DECIMAL(18,4),YES,Column 5 of table legacy_data_table_0494 used for migration from legacy system department 15
legacy_data_table_0494,value_str,TEXT,YES,Column 6 of table legacy_data_table_0494 used for migration from legacy system department 15
legacy_data_table_0494,ref_key,VARCHAR(80),YES,Column 7 of table legacy_data_table_0494 used for migration from legacy system department 15
legacy_data_table_0494,date_val,TIMESTAMP,YES,Column 8 of table legacy_data_table_0494 used for migration from legacy system department 15
legacy_data_table_0494,flag,BOOLEAN,YES,Column 9 of table legacy_data_table_0494 used for migration from legacy system department 15
legacy_data_table_0494,owner,VARCHAR(80),YES,Column 10 of table legacy_data_table_0494 used for migration from legacy system department 15
legacy_data_table_0494,created_at,TIMESTAMP,YES,Column 11 of table legacy_data_table_0494 used for migration from legacy system department 15
legacy_data_table_0494,updated_at,TIMESTAMP,YES,Column 12 of table legacy_data_table_0494 used for migration from legacy system department 15
legacy_data_table_0495,rec_id,VARCHAR(50),NO,Column 1 of table legacy_data_table_0495 used for migration from legacy system department 16
legacy_data_table_0495,label,VARCHAR(255),NO,Column 2 of table legacy_data_table_0495 used for migration from legacy system department 16
legacy_data_table_0495,code,VARCHAR(100),NO,Column 3 of table legacy_data_table_0495 used for migration from legacy system department 16
legacy_data_table_0495,status,VARCHAR(30),YES,Column 4 of table legacy_data_table_0495 used for migration from legacy system department 16
legacy_data_table_0495,value_num,DECIMAL(18,4),YES,Column 5 of table legacy_data_table_0495 used for migration from legacy system department 16
legacy_data_table_0495,value_str,TEXT,YES,Column 6 of table legacy_data_table_0495 used for migration from legacy system department 16
legacy_data_table_0495,ref_key,VARCHAR(80),YES,Column 7 of table legacy_data_table_0495 used for migration from legacy system department 16
legacy_data_table_0495,date_val,TIMESTAMP,YES,Column 8 of table legacy_data_table_0495 used for migration from legacy system department 16
legacy_data_table_0495,flag,BOOLEAN,YES,Column 9 of table legacy_data_table_0495 used for migration from legacy system department 16
legacy_data_table_0495,owner,VARCHAR(80),YES,Column 10 of table legacy_data_table_0495 used for migration from legacy system department 16
legacy_data_table_0495,created_at,TIMESTAMP,YES,Column 11 of table legacy_data_table_0495 used for migration from legacy system department 16
legacy_data_table_0495,updated_at,TIMESTAMP,YES,Column 12 of table legacy_data_table_0495 used for migration from legacy system department 16
legacy_data_table_0496,rec_id,VARCHAR(50),NO,Column 1 of table legacy_data_table_0496 used for migration from legacy system department 17
legacy_data_table_0496,label,VARCHAR(255),NO,Column 2 of table legacy_data_table_0496 used for migration from legacy system department 17
legacy_data_table_0496,code,VARCHAR(100),NO,Column 3 of table legacy_data_table_0496 used for migration from legacy system department 17
legacy_data_table_0496,status,VARCHAR(30),YES,Column 4 of table legacy_data_table_0496 used for migration from legacy system department 17
legacy_data_table_0496,value_num,DECIMAL(18,4),YES,Column 5 of table legacy_data_table_0496 used for migration from legacy system department 17
legacy_data_table_0496,value_str,TEXT,YES,Column 6 of table legacy_data_table_0496 used for migration from legacy system department 17
legacy_data_table_0496,ref_key,VARCHAR(80),YES,Column 7 of table legacy_data_table_0496 used for migration from legacy system department 17
legacy_data_table_0496,date_val,TIMESTAMP,YES,Column 8 of table legacy_data_table_0496 used for migration from legacy system department 17
legacy_data_table_0496,flag,BOOLEAN,YES,Column 9 of table legacy_data_table_0496 used for migration from legacy system department 17
legacy_data_table_0496,owner,VARCHAR(80),YES,Column 10 of table legacy_data_table_0496 used for migration from legacy system department 17
legacy_data_table_0496,created_at,TIMESTAMP,YES,Column 11 of table legacy_data_table_0496 used for migration from legacy system department 17
legacy_data_table_0496,updated_at,TIMESTAMP,YES,Column 12 of table legacy_data_table_0496 used for migration from legacy system department 17
legacy_data_table_0497,rec_id,VARCHAR(50),NO,Column 1 of table legacy_data_table_0497 used for migration from legacy system department 18
legacy_data_table_0497,label,VARCHAR(255),NO,Column 2 of table legacy_data_table_0497 used for migration from legacy system department 18
legacy_data_table_0497,code,VARCHAR(100),NO,Column 3 of table legacy_data_table_0497 used for migration from legacy system department 18
legacy_data_table_0497,status,VARCHAR(30),YES,Column 4 of table legacy_data_table_0497 used for migration from legacy system department 18
legacy_data_table_0497,value_num,DECIMAL(18,4),YES,Column 5 of table legacy_data_table_0497 used for migration from legacy system department 18
legacy_data_table_0497,value_str,TEXT,YES,Column 6 of table legacy_data_table_0497 used for migration from legacy system department 18
legacy_data_table_0497,ref_key,VARCHAR(80),YES,Column 7 of table legacy_data_table_0497 used for migration from legacy system department 18
legacy_data_table_0497,date_val,TIMESTAMP,YES,Column 8 of table legacy_data_table_0497 used for migration from legacy system department 18
legacy_data_table_0497,flag,BOOLEAN,YES,Column 9 of table legacy_data_table_0497 used for migration from legacy system department 18
legacy_data_table_0497,owner,VARCHAR(80),YES,Column 10 of table legacy_data_table_0497 used for migration from legacy system department 18
legacy_data_table_0497,created_at,TIMESTAMP,YES,Column 11 of table legacy_data_table_0497 used for migration from legacy system department 18
legacy_data_table_0497,updated_at,TIMESTAMP,YES,Column 12 of table legacy_data_table_0497 used for migration from legacy system department 18
legacy_data_table_0498,rec_id,VARCHAR(50),NO,Column 1 of table legacy_data_table_0498 used for migration from legacy system department 19
legacy_data_table_0498,label,VARCHAR(255),NO,Column 2 of table legacy_data_table_0498 used for migration from legacy system department 19
legacy_data_table_0498,code,VARCHAR(100),NO,Column 3 of table legacy_data_table_0498 used for migration from legacy system department 19
legacy_data_table_0498,status,VARCHAR(30),YES,Column 4 of table legacy_data_table_0498 used for migration from legacy system department 19
legacy_data_table_0498,value_num,DECIMAL(18,4),YES,Column 5 of table legacy_data_table_0498 used for migration from legacy system department 19
legacy_data_table_0498,value_str,TEXT,YES,Column 6 of table legacy_data_table_0498 used for migration from legacy system department 19
legacy_data_table_0498,ref_key,VARCHAR(80),YES,Column 7 of table legacy_data_table_0498 used for migration from legacy system department 19
legacy_data_table_0498,date_val,TIMESTAMP,YES,Column 8 of table legacy_data_table_0498 used for migration from legacy system department 19
legacy_data_table_0498,flag,BOOLEAN,YES,Column 9 of table legacy_data_table_0498 used for migration from legacy system department 19
legacy_data_table_0498,owner,VARCHAR(80),YES,Column 10 of table legacy_data_table_0498 used for migration from legacy system department 19
legacy_data_table_0498,created_at,TIMESTAMP,YES,Column 11 of table legacy_data_table_0498 used for migration from legacy system department 19
legacy_data_table_0498,updated_at,TIMESTAMP,YES,Column 12 of table legacy_data_table_0498 used for migration from legacy system department 19
legacy_data_table_0499,rec_id,VARCHAR(50),NO,Column 1 of table legacy_data_table_0499 used for migration from legacy system department 20
legacy_data_table_0499,label,VARCHAR(255),NO,Column 2 of table legacy_data_table_0499 used for migration from legacy system department 20
legacy_data_table_0499,code,VARCHAR(100),NO,Column 3 of table legacy_data_table_0499 used for migration from legacy system department 20
legacy_data_table_0499,status,VARCHAR(30),YES,Column 4 of table legacy_data_table_0499 used for migration from legacy system department 20
legacy_data_table_0499,value_num,DECIMAL(18,4),YES,Column 5 of table legacy_data_table_0499 used for migration from legacy system department 20
legacy_data_table_0499,value_str,TEXT,YES,Column 6 of table legacy_data_table_0499 used for migration from legacy system department 20
legacy_data_table_0499,ref_key,VARCHAR(80),YES,Column 7 of table legacy_data_table_0499 used for migration from legacy system department 20
legacy_data_table_0499,date_val,TIMESTAMP,YES,Column 8 of table legacy_data_table_0499 used for migration from legacy system department 20
legacy_data_table_0499,flag,BOOLEAN,YES,Column 9 of table legacy_data_table_0499 used for migration from legacy system department 20
legacy_data_table_0499,owner,VARCHAR(80),YES,Column 10 of table legacy_data_table_0499 used for migration from legacy system department 20
legacy_data_table_0499,created_at,TIMESTAMP,YES,Column 11 of table legacy_data_table_0499 used for migration from legacy system department 20
legacy_data_table_0499,updated_at,TIMESTAMP,YES,Column 12 of table legacy_data_table_0499 used for migration from legacy system department 20
legacy_data_table_0500,rec_id,VARCHAR(50),NO,Column 1 of table legacy_data_table_0500 used for migration from legacy system department 1
legacy_data_table_0500,label,VARCHAR(255),NO,Column 2 of table legacy_data_table_0500 used for migration from legacy system department 1
legacy_data_table_0500,code,VARCHAR(100),NO,Column 3 of table legacy_data_table_0500 used for migration from legacy system department 1
legacy_data_table_0500,status,VARCHAR(30),YES,Column 4 of table legacy_data_table_0500 used for migration from legacy system department 1
legacy_data_table_0500,value_num,DECIMAL(18,4),YES,Column 5 of table legacy_data_table_0500 used for migration from legacy system department 1
legacy_data_table_0500,value_str,TEXT,YES,Column 6 of table legacy_data_table_0500 used for migration from legacy system department 1
legacy_data_table_0500,ref_key,VARCHAR(80),YES,Column 7 of table legacy_data_table_0500 used for migration from legacy system department 1
legacy_data_table_0500,date_val,TIMESTAMP,YES,Column 8 of table legacy_data_table_0500 used for migration from legacy system department 1
legacy_data_table_0500,flag,BOOLEAN,YES,Column 9 of table legacy_data_table_0500 used for migration from legacy system department 1
legacy_data_table_0500,owner,VARCHAR(80),YES,Column 10 of table legacy_data_table_0500 used for migration from legacy system department 1
legacy_data_table_0500,created_at,TIMESTAMP,YES,Column 11 of table legacy_data_table_0500 used for migration from legacy system department 1
legacy_data_table_0500,updated_at,TIMESTAMP,YES,Column 12 of table legacy_data_table_0500 used for migration from legacy system department 1
legacy_data_table_0501,rec_id,VARCHAR(50),NO,Column 1 of table legacy_data_table_0501 used for migration from legacy system department 2
legacy_data_table_0501,label,VARCHAR(255),NO,Column 2 of table legacy_data_table_0501 used for migration from legacy system department 2
legacy_data_table_0501,code,VARCHAR(100),NO,Column 3 of table legacy_data_table_0501 used for migration from legacy system department 2
legacy_data_table_0501,status,VARCHAR(30),YES,Column 4 of table legacy_data_table_0501 used for migration from legacy system department 2
legacy_data_table_0501,value_num,DECIMAL(18,4),YES,Column 5 of table legacy_data_table_0501 used for migration from legacy system department 2
legacy_data_table_0501,value_str,TEXT,YES,Column 6 of table legacy_data_table_0501 used for migration from legacy system department 2
legacy_data_table_0501,ref_key,VARCHAR(80),YES,Column 7 of table legacy_data_table_0501 used for migration from legacy system department 2
legacy_data_table_0501,date_val,TIMESTAMP,YES,Column 8 of table legacy_data_table_0501 used for migration from legacy system department 2
legacy_data_table_0501,flag,BOOLEAN,YES,Column 9 of table legacy_data_table_0501 used for migration from legacy system department 2
legacy_data_table_0501,owner,VARCHAR(80),YES,Column 10 of table legacy_data_table_0501 used for migration from legacy system department 2
legacy_data_table_0501,created_at,TIMESTAMP,YES,Column 11 of table legacy_data_table_0501 used for migration from legacy system department 2
legacy_data_table_0501,updated_at,TIMESTAMP,YES,Column 12 of table legacy_data_table_0501 used for migration from legacy system department 2
legacy_data_table_0502,rec_id,VARCHAR(50),NO,Column 1 of table legacy_data_table_0502 used for migration from legacy system department 3
legacy_data_table_0502,label,VARCHAR(255),NO,Column 2 of table legacy_data_table_0502 used for migration from legacy system department 3
legacy_data_table_0502,code,VARCHAR(100),NO,Column 3 of table legacy_data_table_0502 used for migration from legacy system department 3
legacy_data_table_0502,status,VARCHAR(30),YES,Column 4 of table legacy_data_table_0502 used for migration from legacy system department 3
legacy_data_table_0502,value_num,DECIMAL(18,4),YES,Column 5 of table legacy_data_table_0502 used for migration from legacy system department 3
legacy_data_table_0502,value_str,TEXT,YES,Column 6 of table legacy_data_table_0502 used for migration from legacy system department 3
legacy_data_table_0502,ref_key,VARCHAR(80),YES,Column 7 of table legacy_data_table_0502 used for migration from legacy system department 3
legacy_data_table_0502,date_val,TIMESTAMP,YES,Column 8 of table legacy_data_table_0502 used for migration from legacy system department 3
legacy_data_table_0502,flag,BOOLEAN,YES,Column 9 of table legacy_data_table_0502 used for migration from legacy system department 3
legacy_data_table_0502,owner,VARCHAR(80),YES,Column 10 of table legacy_data_table_0502 used for migration from legacy system department 3
legacy_data_table_0502,created_at,TIMESTAMP,YES,Column 11 of table legacy_data_table_0502 used for migration from legacy system department 3
legacy_data_table_0502,updated_at,TIMESTAMP,YES,Column 12 of table legacy_data_table_0502 used for migration from legacy system department 3
legacy_data_table_0503,rec_id,VARCHAR(50),NO,Column 1 of table legacy_data_table_0503 used for migration from legacy system department 4
legacy_data_table_0503,label,VARCHAR(255),NO,Column 2 of table legacy_data_table_0503 used for migration from legacy system department 4
legacy_data_table_0503,code,VARCHAR(100),NO,Column 3 of table legacy_data_table_0503 used for migration from legacy system department 4
legacy_data_table_0503,status,VARCHAR(30),YES,Column 4 of table legacy_data_table_0503 used for migration from legacy system department 4
legacy_data_table_0503,value_num,DECIMAL(18,4),YES,Column 5 of table legacy_data_table_0503 used for migration from legacy system department 4
legacy_data_table_0503,value_str,TEXT,YES,Column 6 of table legacy_data_table_0503 used for migration from legacy system department 4
legacy_data_table_0503,ref_key,VARCHAR(80),YES,Column 7 of table legacy_data_table_0503 used for migration from legacy system department 4
legacy_data_table_0503,date_val,TIMESTAMP,YES,Column 8 of table legacy_data_table_0503 used for migration from legacy system department 4
legacy_data_table_0503,flag,BOOLEAN,YES,Column 9 of table legacy_data_table_0503 used for migration from legacy system department 4
legacy_data_table_0503,owner,VARCHAR(80),YES,Column 10 of table legacy_data_table_0503 used for migration from legacy system department 4
legacy_data_table_0503,created_at,TIMESTAMP,YES,Column 11 of table legacy_data_table_0503 used for migration from legacy system department 4
legacy_data_table_0503,updated_at,TIMESTAMP,YES,Column 12 of table legacy_data_table_0503 used for migration from legacy system department 4
legacy_data_table_0504,rec_id,VARCHAR(50),NO,Column 1 of table legacy_data_table_0504 used for migration from legacy system department 5
legacy_data_table_0504,label,VARCHAR(255),NO,Column 2 of table legacy_data_table_0504 used for migration from legacy system department 5
legacy_data_table_0504,code,VARCHAR(100),NO,Column 3 of table legacy_data_table_0504 used for migration from legacy system department 5
legacy_data_table_0504,status,VARCHAR(30),YES,Column 4 of table legacy_data_table_0504 used for migration from legacy system department 5
legacy_data_table_0504,value_num,DECIMAL(18,4),YES,Column 5 of table legacy_data_table_0504 used for migration from legacy system department 5
legacy_data_table_0504,value_str,TEXT,YES,Column 6 of table legacy_data_table_0504 used for migration from legacy system department 5
legacy_data_table_0504,ref_key,VARCHAR(80),YES,Column 7 of table legacy_data_table_0504 used for migration from legacy system department 5
legacy_data_table_0504,date_val,TIMESTAMP,YES,Column 8 of table legacy_data_table_0504 used for migration from legacy system department 5
legacy_data_table_0504,flag,BOOLEAN,YES,Column 9 of table legacy_data_table_0504 used for migration from legacy system department 5
legacy_data_table_0504,owner,VARCHAR(80),YES,Column 10 of table legacy_data_table_0504 used for migration from legacy system department 5
legacy_data_table_0504,created_at,TIMESTAMP,YES,Column 11 of table legacy_data_table_0504 used for migration from legacy system department 5
legacy_data_table_0504,updated_at,TIMESTAMP,YES,Column 12 of table legacy_data_table_0504 used for migration from legacy system department 5
legacy_data_table_0505,rec_id,VARCHAR(50),NO,Column 1 of table legacy_data_table_0505 used for migration from legacy system department 6
legacy_data_table_0505,label,VARCHAR(255),NO,Column 2 of table legacy_data_table_0505 used for migration from legacy system department 6
legacy_data_table_0505,code,VARCHAR(100),NO,Column 3 of table legacy_data_table_0505 used for migration from legacy system department 6
legacy_data_table_0505,status,VARCHAR(30),YES,Column 4 of table legacy_data_table_0505 used for migration from legacy system department 6
legacy_data_table_0505,value_num,DECIMAL(18,4),YES,Column 5 of table legacy_data_table_0505 used for migration from legacy system department 6
legacy_data_table_0505,value_str,TEXT,YES,Column 6 of table legacy_data_table_0505 used for migration from legacy system department 6
legacy_data_table_0505,ref_key,VARCHAR(80),YES,Column 7 of table legacy_data_table_0505 used for migration from legacy system department 6
legacy_data_table_0505,date_val,TIMESTAMP,YES,Column 8 of table legacy_data_table_0505 used for migration from legacy system department 6
legacy_data_table_0505,flag,BOOLEAN,YES,Column 9 of table legacy_data_table_0505 used for migration from legacy system department 6
legacy_data_table_0505,owner,VARCHAR(80),YES,Column 10 of table legacy_data_table_0505 used for migration from legacy system department 6
legacy_data_table_0505,created_at,TIMESTAMP,YES,Column 11 of table legacy_data_table_0505 used for migration from legacy system department 6
legacy_data_table_0505,updated_at,TIMESTAMP,YES,Column 12 of table legacy_data_table_0505 used for migration from legacy system department 6
legacy_data_table_0506,rec_id,VARCHAR(50),NO,Column 1 of table legacy_data_table_0506 used for migration from legacy system department 7
legacy_data_table_0506,label,VARCHAR(255),NO,Column 2 of table legacy_data_table_0506 used for migration from legacy system department 7
legacy_data_table_0506,code,VARCHAR(100),NO,Column 3 of table legacy_data_table_0506 used for migration from legacy system department 7
legacy_data_table_0506,status,VARCHAR(30),YES,Column 4 of table legacy_data_table_0506 used for migration from legacy system department 7
legacy_data_table_0506,value_num,DECIMAL(18,4),YES,Column 5 of table legacy_data_table_0506 used for migration from legacy system department 7
legacy_data_table_0506,value_str,TEXT,YES,Column 6 of table legacy_data_table_0506 used for migration from legacy system department 7
legacy_data_table_0506,ref_key,VARCHAR(80),YES,Column 7 of table legacy_data_table_0506 used for migration from legacy system department 7
legacy_data_table_0506,date_val,TIMESTAMP,YES,Column 8 of table legacy_data_table_0506 used for migration from legacy system department 7
legacy_data_table_0506,flag,BOOLEAN,YES,Column 9 of table legacy_data_table_0506 used for migration from legacy system department 7
legacy_data_table_0506,owner,VARCHAR(80),YES,Column 10 of table legacy_data_table_0506 used for migration from legacy system department 7
legacy_data_table_0506,created_at,TIMESTAMP,YES,Column 11 of table legacy_data_table_0506 used for migration from legacy system department 7
legacy_data_table_0506,updated_at,TIMESTAMP,YES,Column 12 of table legacy_data_table_0506 used for migration from legacy system department 7
legacy_data_table_0507,rec_id,VARCHAR(50),NO,Column 1 of table legacy_data_table_0507 used for migration from legacy system department 8
legacy_data_table_0507,label,VARCHAR(255),NO,Column 2 of table legacy_data_table_0507 used for migration from legacy system department 8
legacy_data_table_0507,code,VARCHAR(100),NO,Column 3 of table legacy_data_table_0507 used for migration from legacy system department 8
legacy_data_table_0507,status,VARCHAR(30),YES,Column 4 of table legacy_data_table_0507 used for migration from legacy system department 8
legacy_data_table_0507,value_num,DECIMAL(18,4),YES,Column 5 of table legacy_data_table_0507 used for migration from legacy system department 8
legacy_data_table_0507,value_str,TEXT,YES,Column 6 of table legacy_data_table_0507 used for migration from legacy system department 8
legacy_data_table_0507,ref_key,VARCHAR(80),YES,Column 7 of table legacy_data_table_0507 used for migration from legacy system department 8
legacy_data_table_0507,date_val,TIMESTAMP,YES,Column 8 of table legacy_data_table_0507 used for migration from legacy system department 8
legacy_data_table_0507,flag,BOOLEAN,YES,Column 9 of table legacy_data_table_0507 used for migration from legacy system department 8
legacy_data_table_0507,owner,VARCHAR(80),YES,Column 10 of table legacy_data_table_0507 used for migration from legacy system department 8
legacy_data_table_0507,created_at,TIMESTAMP,YES,Column 11 of table legacy_data_table_0507 used for migration from legacy system department 8
legacy_data_table_0507,updated_at,TIMESTAMP,YES,Column 12 of table legacy_data_table_0507 used for migration from legacy system department 8
legacy_data_table_0508,rec_id,VARCHAR(50),NO,Column 1 of table legacy_data_table_0508 used for migration from legacy system department 9
legacy_data_table_0508,label,VARCHAR(255),NO,Column 2 of table legacy_data_table_0508 used for migration from legacy system department 9
legacy_data_table_0508,code,VARCHAR(100),NO,Column 3 of table legacy_data_table_0508 used for migration from legacy system department 9
legacy_data_table_0508,status,VARCHAR(30),YES,Column 4 of table legacy_data_table_0508 used for migration from legacy system department 9
legacy_data_table_0508,value_num,DECIMAL(18,4),YES,Column 5 of table legacy_data_table_0508 used for migration from legacy system department 9
legacy_data_table_0508,value_str,TEXT,YES,Column 6 of table legacy_data_table_0508 used for migration from legacy system department 9
legacy_data_table_0508,ref_key,VARCHAR(80),YES,Column 7 of table legacy_data_table_0508 used for migration from legacy system department 9
legacy_data_table_0508,date_val,TIMESTAMP,YES,Column 8 of table legacy_data_table_0508 used for migration from legacy system department 9
legacy_data_table_0508,flag,BOOLEAN,YES,Column 9 of table legacy_data_table_0508 used for migration from legacy system department 9
legacy_data_table_0508,owner,VARCHAR(80),YES,Column 10 of table legacy_data_table_0508 used for migration from legacy system department 9
legacy_data_table_0508,created_at,TIMESTAMP,YES,Column 11 of table legacy_data_table_0508 used for migration from legacy system department 9
legacy_data_table_0508,updated_at,TIMESTAMP,YES,Column 12 of table legacy_data_table_0508 used for migration from legacy system department 9
legacy_data_table_0509,rec_id,VARCHAR(50),NO,Column 1 of table legacy_data_table_0509 used for migration from legacy system department 10
legacy_data_table_0509,label,VARCHAR(255),NO,Column 2 of table legacy_data_table_0509 used for migration from legacy system department 10
legacy_data_table_0509,code,VARCHAR(100),NO,Column 3 of table legacy_data_table_0509 used for migration from legacy system department 10
legacy_data_table_0509,status,VARCHAR(30),YES,Column 4 of table legacy_data_table_0509 used for migration from legacy system department 10
legacy_data_table_0509,value_num,DECIMAL(18,4),YES,Column 5 of table legacy_data_table_0509 used for migration from legacy system department 10
legacy_data_table_0509,value_str,TEXT,YES,Column 6 of table legacy_data_table_0509 used for migration from legacy system department 10
legacy_data_table_0509,ref_key,VARCHAR(80),YES,Column 7 of table legacy_data_table_0509 used for migration from legacy system department 10
legacy_data_table_0509,date_val,TIMESTAMP,YES,Column 8 of table legacy_data_table_0509 used for migration from legacy system department 10
legacy_data_table_0509,flag,BOOLEAN,YES,Column 9 of table legacy_data_table_0509 used for migration from legacy system department 10
legacy_data_table_0509,owner,VARCHAR(80),YES,Column 10 of table legacy_data_table_0509 used for migration from legacy system department 10
legacy_data_table_0509,created_at,TIMESTAMP,YES,Column 11 of table legacy_data_table_0509 used for migration from legacy system department 10
legacy_data_table_0509,updated_at,TIMESTAMP,YES,Column 12 of table legacy_data_table_0509 used for migration from legacy system department 10
legacy_data_table_0510,rec_id,VARCHAR(50),NO,Column 1 of table legacy_data_table_0510 used for migration from legacy system department 11
legacy_data_table_0510,label,VARCHAR(255),NO,Column 2 of table legacy_data_table_0510 used for migration from legacy system department 11
legacy_data_table_0510,code,VARCHAR(100),NO,Column 3 of table legacy_data_table_0510 used for migration from legacy system department 11
legacy_data_table_0510,status,VARCHAR(30),YES,Column 4 of table legacy_data_table_0510 used for migration from legacy system department 11
legacy_data_table_0510,value_num,DECIMAL(18,4),YES,Column 5 of table legacy_data_table_0510 used for migration from legacy system department 11
legacy_data_table_0510,value_str,TEXT,YES,Column 6 of table legacy_data_table_0510 used for migration from legacy system department 11
legacy_data_table_0510,ref_key,VARCHAR(80),YES,Column 7 of table legacy_data_table_0510 used for migration from legacy system department 11
legacy_data_table_0510,date_val,TIMESTAMP,YES,Column 8 of table legacy_data_table_0510 used for migration from legacy system department 11
legacy_data_table_0510,flag,BOOLEAN,YES,Column 9 of table legacy_data_table_0510 used for migration from legacy system department 11
legacy_data_table_0510,owner,VARCHAR(80),YES,Column 10 of table legacy_data_table_0510 used for migration from legacy system department 11
legacy_data_table_0510,created_at,TIMESTAMP,YES,Column 11 of table legacy_data_table_0510 used for migration from legacy system department 11
legacy_data_table_0510,updated_at,TIMESTAMP,YES,Column 12 of table legacy_data_table_0510 used for migration from legacy system department 11
legacy_data_table_0511,rec_id,VARCHAR(50),NO,Column 1 of table legacy_data_table_0511 used for migration from legacy system department 12
legacy_data_table_0511,label,VARCHAR(255),NO,Column 2 of table legacy_data_table_0511 used for migration from legacy system department 12
legacy_data_table_0511,code,VARCHAR(100),NO,Column 3 of table legacy_data_table_0511 used for migration from legacy system department 12
legacy_data_table_0511,status,VARCHAR(30),YES,Column 4 of table legacy_data_table_0511 used for migration from legacy system department 12
legacy_data_table_0511,value_num,DECIMAL(18,4),YES,Column 5 of table legacy_data_table_0511 used for migration from legacy system department 12
legacy_data_table_0511,value_str,TEXT,YES,Column 6 of table legacy_data_table_0511 used for migration from legacy system department 12
legacy_data_table_0511,ref_key,VARCHAR(80),YES,Column 7 of table legacy_data_table_0511 used for migration from legacy system department 12
legacy_data_table_0511,date_val,TIMESTAMP,YES,Column 8 of table legacy_data_table_0511 used for migration from legacy system department 12
legacy_data_table_0511,flag,BOOLEAN,YES,Column 9 of table legacy_data_table_0511 used for migration from legacy system department 12
legacy_data_table_0511,owner,VARCHAR(80),YES,Column 10 of table legacy_data_table_0511 used for migration from legacy system department 12
legacy_data_table_0511,created_at,TIMESTAMP,YES,Column 11 of table legacy_data_table_0511 used for migration from legacy system department 12
legacy_data_table_0511,updated_at,TIMESTAMP,YES,Column 12 of table legacy_data_table_0511 used for migration from legacy system department 12
legacy_data_table_0512,rec_id,VARCHAR(50),NO,Column 1 of table legacy_data_table_0512 used for migration from legacy system department 13
legacy_data_table_0512,label,VARCHAR(255),NO,Column 2 of table legacy_data_table_0512 used for migration from legacy system department 13
legacy_data_table_0512,code,VARCHAR(100),NO,Column 3 of table legacy_data_table_0512 used for migration from legacy system department 13
legacy_data_table_0512,status,VARCHAR(30),YES,Column 4 of table legacy_data_table_0512 used for migration from legacy system department 13
legacy_data_table_0512,value_num,DECIMAL(18,4),YES,Column 5 of table legacy_data_table_0512 used for migration from legacy system department 13
legacy_data_table_0512,value_str,TEXT,YES,Column 6 of table legacy_data_table_0512 used for migration from legacy system department 13
legacy_data_table_0512,ref_key,VARCHAR(80),YES,Column 7 of table legacy_data_table_0512 used for migration from legacy system department 13
legacy_data_table_0512,date_val,TIMESTAMP,YES,Column 8 of table legacy_data_table_0512 used for migration from legacy system department 13
legacy_data_table_0512,flag,BOOLEAN,YES,Column 9 of table legacy_data_table_0512 used for migration from legacy system department 13
legacy_data_table_0512,owner,VARCHAR(80),YES,Column 10 of table legacy_data_table_0512 used for migration from legacy system department 13
legacy_data_table_0512,created_at,TIMESTAMP,YES,Column 11 of table legacy_data_table_0512 used for migration from legacy system department 13
legacy_data_table_0512,updated_at,TIMESTAMP,YES,Column 12 of table legacy_data_table_0512 used for migration from legacy system department 13
legacy_data_table_0513,rec_id,VARCHAR(50),NO,Column 1 of table legacy_data_table_0513 used for migration from legacy system department 14
legacy_data_table_0513,label,VARCHAR(255),NO,Column 2 of table legacy_data_table_0513 used for migration from legacy system department 14
legacy_data_table_0513,code,VARCHAR(100),NO,Column 3 of table legacy_data_table_0513 used for migration from legacy system department 14
legacy_data_table_0513,status,VARCHAR(30),YES,Column 4 of table legacy_data_table_0513 used for migration from legacy system department 14
legacy_data_table_0513,value_num,DECIMAL(18,4),YES,Column 5 of table legacy_data_table_0513 used for migration from legacy system department 14
legacy_data_table_0513,value_str,TEXT,YES,Column 6 of table legacy_data_table_0513 used for migration from legacy system department 14
legacy_data_table_0513,ref_key,VARCHAR(80),YES,Column 7 of table legacy_data_table_0513 used for migration from legacy system department 14
legacy_data_table_0513,date_val,TIMESTAMP,YES,Column 8 of table legacy_data_table_0513 used for migration from legacy system department 14
legacy_data_table_0513,flag,BOOLEAN,YES,Column 9 of table legacy_data_table_0513 used for migration from legacy system department 14
legacy_data_table_0513,owner,VARCHAR(80),YES,Column 10 of table legacy_data_table_0513 used for migration from legacy system department 14
legacy_data_table_0513,created_at,TIMESTAMP,YES,Column 11 of table legacy_data_table_0513 used for migration from legacy system department 14
legacy_data_table_0513,updated_at,TIMESTAMP,YES,Column 12 of table legacy_data_table_0513 used for migration from legacy system department 14
legacy_data_table_0514,rec_id,VARCHAR(50),NO,Column 1 of table legacy_data_table_0514 used for migration from legacy system department 15
legacy_data_table_0514,label,VARCHAR(255),NO,Column 2 of table legacy_data_table_0514 used for migration from legacy system department 15
legacy_data_table_0514,code,VARCHAR(100),NO,Column 3 of table legacy_data_table_0514 used for migration from legacy system department 15
legacy_data_table_0514,status,VARCHAR(30),YES,Column 4 of table legacy_data_table_0514 used for migration from legacy system department 15
legacy_data_table_0514,value_num,DECIMAL(18,4),YES,Column 5 of table legacy_data_table_0514 used for migration from legacy system department 15
legacy_data_table_0514,value_str,TEXT,YES,Column 6 of table legacy_data_table_0514 used for migration from legacy system department 15
legacy_data_table_0514,ref_key,VARCHAR(80),YES,Column 7 of table legacy_data_table_0514 used for migration from legacy system department 15
legacy_data_table_0514,date_val,TIMESTAMP,YES,Column 8 of table legacy_data_table_0514 used for migration from legacy system department 15
legacy_data_table_0514,flag,BOOLEAN,YES,Column 9 of table legacy_data_table_0514 used for migration from legacy system department 15
legacy_data_table_0514,owner,VARCHAR(80),YES,Column 10 of table legacy_data_table_0514 used for migration from legacy system department 15
legacy_data_table_0514,created_at,TIMESTAMP,YES,Column 11 of table legacy_data_table_0514 used for migration from legacy system department 15
legacy_data_table_0514,updated_at,TIMESTAMP,YES,Column 12 of table legacy_data_table_0514 used for migration from legacy system department 15
legacy_data_table_0515,rec_id,VARCHAR(50),NO,Column 1 of table legacy_data_table_0515 used for migration from legacy system department 16
legacy_data_table_0515,label,VARCHAR(255),NO,Column 2 of table legacy_data_table_0515 used for migration from legacy system department 16
legacy_data_table_0515,code,VARCHAR(100),NO,Column 3 of table legacy_data_table_0515 used for migration from legacy system department 16
legacy_data_table_0515,status,VARCHAR(30),YES,Column 4 of table legacy_data_table_0515 used for migration from legacy system department 16
legacy_data_table_0515,value_num,DECIMAL(18,4),YES,Column 5 of table legacy_data_table_0515 used for migration from legacy system department 16
legacy_data_table_0515,value_str,TEXT,YES,Column 6 of table legacy_data_table_0515 used for migration from legacy system department 16
legacy_data_table_0515,ref_key,VARCHAR(80),YES,Column 7 of table legacy_data_table_0515 used for migration from legacy system department 16
legacy_data_table_0515,date_val,TIMESTAMP,YES,Column 8 of table legacy_data_table_0515 used for migration from legacy system department 16
legacy_data_table_0515,flag,BOOLEAN,YES,Column 9 of table legacy_data_table_0515 used for migration from legacy system department 16
legacy_data_table_0515,owner,VARCHAR(80),YES,Column 10 of table legacy_data_table_0515 used for migration from legacy system department 16
legacy_data_table_0515,created_at,TIMESTAMP,YES,Column 11 of table legacy_data_table_0515 used for migration from legacy system department 16
legacy_data_table_0515,updated_at,TIMESTAMP,YES,Column 12 of table legacy_data_table_0515 used for migration from legacy system department 16
legacy_data_table_0516,rec_id,VARCHAR(50),NO,Column 1 of table legacy_data_table_0516 used for migration from legacy system department 17
legacy_data_table_0516,label,VARCHAR(255),NO,Column 2 of table legacy_data_table_0516 used for migration from legacy system department 17
legacy_data_table_0516,code,VARCHAR(100),NO,Column 3 of table legacy_data_table_0516 used for migration from legacy system department 17
legacy_data_table_0516,status,VARCHAR(30),YES,Column 4 of table legacy_data_table_0516 used for migration from legacy system department 17
legacy_data_table_0516,value_num,DECIMAL(18,4),YES,Column 5 of table legacy_data_table_0516 used for migration from legacy system department 17
legacy_data_table_0516,value_str,TEXT,YES,Column 6 of table legacy_data_table_0516 used for migration from legacy system department 17
legacy_data_table_0516,ref_key,VARCHAR(80),YES,Column 7 of table legacy_data_table_0516 used for migration from legacy system department 17
legacy_data_table_0516,date_val,TIMESTAMP,YES,Column 8 of table legacy_data_table_0516 used for migration from legacy system department 17
legacy_data_table_0516,flag,BOOLEAN,YES,Column 9 of table legacy_data_table_0516 used for migration from legacy system department 17
legacy_data_table_0516,owner,VARCHAR(80),YES,Column 10 of table legacy_data_table_0516 used for migration from legacy system department 17
legacy_data_table_0516,created_at,TIMESTAMP,YES,Column 11 of table legacy_data_table_0516 used for migration from legacy system department 17
legacy_data_table_0516,updated_at,TIMESTAMP,YES,Column 12 of table legacy_data_table_0516 used for migration from legacy system department 17
legacy_data_table_0517,rec_id,VARCHAR(50),NO,Column 1 of table legacy_data_table_0517 used for migration from legacy system department 18
legacy_data_table_0517,label,VARCHAR(255),NO,Column 2 of table legacy_data_table_0517 used for migration from legacy system department 18
legacy_data_table_0517,code,VARCHAR(100),NO,Column 3 of table legacy_data_table_0517 used for migration from legacy system department 18
legacy_data_table_0517,status,VARCHAR(30),YES,Column 4 of table legacy_data_table_0517 used for migration from legacy system department 18
legacy_data_table_0517,value_num,DECIMAL(18,4),YES,Column 5 of table legacy_data_table_0517 used for migration from legacy system department 18
legacy_data_table_0517,value_str,TEXT,YES,Column 6 of table legacy_data_table_0517 used for migration from legacy system department 18
legacy_data_table_0517,ref_key,VARCHAR(80),YES,Column 7 of table legacy_data_table_0517 used for migration from legacy system department 18
legacy_data_table_0517,date_val,TIMESTAMP,YES,Column 8 of table legacy_data_table_0517 used for migration from legacy system department 18
legacy_data_table_0517,flag,BOOLEAN,YES,Column 9 of table legacy_data_table_0517 used for migration from legacy system department 18
legacy_data_table_0517,owner,VARCHAR(80),YES,Column 10 of table legacy_data_table_0517 used for migration from legacy system department 18
legacy_data_table_0517,created_at,TIMESTAMP,YES,Column 11 of table legacy_data_table_0517 used for migration from legacy system department 18
legacy_data_table_0517,updated_at,TIMESTAMP,YES,Column 12 of table legacy_data_table_0517 used for migration from legacy system department 18
legacy_data_table_0518,rec_id,VARCHAR(50),NO,Column 1 of table legacy_data_table_0518 used for migration from legacy system department 19
legacy_data_table_0518,label,VARCHAR(255),NO,Column 2 of table legacy_data_table_0518 used for migration from legacy system department 19
legacy_data_table_0518,code,VARCHAR(100),NO,Column 3 of table legacy_data_table_0518 used for migration from legacy system department 19
legacy_data_table_0518,status,VARCHAR(30),YES,Column 4 of table legacy_data_table_0518 used for migration from legacy system department 19
legacy_data_table_0518,value_num,DECIMAL(18,4),YES,Column 5 of table legacy_data_table_0518 used for migration from legacy system department 19
legacy_data_table_0518,value_str,TEXT,YES,Column 6 of table legacy_data_table_0518 used for migration from legacy system department 19
legacy_data_table_0518,ref_key,VARCHAR(80),YES,Column 7 of table legacy_data_table_0518 used for migration from legacy system department 19
legacy_data_table_0518,date_val,TIMESTAMP,YES,Column 8 of table legacy_data_table_0518 used for migration from legacy system department 19
legacy_data_table_0518,flag,BOOLEAN,YES,Column 9 of table legacy_data_table_0518 used for migration from legacy system department 19
legacy_data_table_0518,owner,VARCHAR(80),YES,Column 10 of table legacy_data_table_0518 used for migration from legacy system department 19
legacy_data_table_0518,created_at,TIMESTAMP,YES,Column 11 of table legacy_data_table_0518 used for migration from legacy system department 19
legacy_data_table_0518,updated_at,TIMESTAMP,YES,Column 12 of table legacy_data_table_0518 used for migration from legacy system department 19
legacy_data_table_0519,rec_id,VARCHAR(50),NO,Column 1 of table legacy_data_table_0519 used for migration from legacy system department 20
legacy_data_table_0519,label,VARCHAR(255),NO,Column 2 of table legacy_data_table_0519 used for migration from legacy system department 20
legacy_data_table_0519,code,VARCHAR(100),NO,Column 3 of table legacy_data_table_0519 used for migration from legacy system department 20
legacy_data_table_0519,status,VARCHAR(30),YES,Column 4 of table legacy_data_table_0519 used for migration from legacy system department 20
legacy_data_table_0519,value_num,DECIMAL(18,4),YES,Column 5 of table legacy_data_table_0519 used for migration from legacy system department 20
legacy_data_table_0519,value_str,TEXT,YES,Column 6 of table legacy_data_table_0519 used for migration from legacy system department 20
legacy_data_table_0519,ref_key,VARCHAR(80),YES,Column 7 of table legacy_data_table_0519 used for migration from legacy system department 20
legacy_data_table_0519,date_val,TIMESTAMP,YES,Column 8 of table legacy_data_table_0519 used for migration from legacy system department 20
legacy_data_table_0519,flag,BOOLEAN,YES,Column 9 of table legacy_data_table_0519 used for migration from legacy system department 20
legacy_data_table_0519,owner,VARCHAR(80),YES,Column 10 of table legacy_data_table_0519 used for migration from legacy system department 20
legacy_data_table_0519,created_at,TIMESTAMP,YES,Column 11 of table legacy_data_table_0519 used for migration from legacy system department 20
legacy_data_table_0519,updated_at,TIMESTAMP,YES,Column 12 of table legacy_data_table_0519 used for migration from legacy system department 20
legacy_data_table_0520,rec_id,VARCHAR(50),NO,Column 1 of table legacy_data_table_0520 used for migration from legacy system department 1
legacy_data_table_0520,label,VARCHAR(255),NO,Column 2 of table legacy_data_table_0520 used for migration from legacy system department 1
legacy_data_table_0520,code,VARCHAR(100),NO,Column 3 of table legacy_data_table_0520 used for migration from legacy system department 1
legacy_data_table_0520,status,VARCHAR(30),YES,Column 4 of table legacy_data_table_0520 used for migration from legacy system department 1
legacy_data_table_0520,value_num,DECIMAL(18,4),YES,Column 5 of table legacy_data_table_0520 used for migration from legacy system department 1
legacy_data_table_0520,value_str,TEXT,YES,Column 6 of table legacy_data_table_0520 used for migration from legacy system department 1
legacy_data_table_0520,ref_key,VARCHAR(80),YES,Column 7 of table legacy_data_table_0520 used for migration from legacy system department 1
legacy_data_table_0520,date_val,TIMESTAMP,YES,Column 8 of table legacy_data_table_0520 used for migration from legacy system department 1
legacy_data_table_0520,flag,BOOLEAN,YES,Column 9 of table legacy_data_table_0520 used for migration from legacy system department 1
legacy_data_table_0520,owner,VARCHAR(80),YES,Column 10 of table legacy_data_table_0520 used for migration from legacy system department 1
legacy_data_table_0520,created_at,TIMESTAMP,YES,Column 11 of table legacy_data_table_0520 used for migration from legacy system department 1
legacy_data_table_0520,updated_at,TIMESTAMP,YES,Column 12 of table legacy_data_table_0520 used for migration from legacy system department 1
legacy_data_table_0521,rec_id,VARCHAR(50),NO,Column 1 of table legacy_data_table_0521 used for migration from legacy system department 2
legacy_data_table_0521,label,VARCHAR(255),NO,Column 2 of table legacy_data_table_0521 used for migration from legacy system department 2
legacy_data_table_0521,code,VARCHAR(100),NO,Column 3 of table legacy_data_table_0521 used for migration from legacy system department 2
legacy_data_table_0521,status,VARCHAR(30),YES,Column 4 of table legacy_data_table_0521 used for migration from legacy system department 2
legacy_data_table_0521,value_num,DECIMAL(18,4),YES,Column 5 of table legacy_data_table_0521 used for migration from legacy system department 2
legacy_data_table_0521,value_str,TEXT,YES,Column 6 of table legacy_data_table_0521 used for migration from legacy system department 2
legacy_data_table_0521,ref_key,VARCHAR(80),YES,Column 7 of table legacy_data_table_0521 used for migration from legacy system department 2
legacy_data_table_0521,date_val,TIMESTAMP,YES,Column 8 of table legacy_data_table_0521 used for migration from legacy system department 2
legacy_data_table_0521,flag,BOOLEAN,YES,Column 9 of table legacy_data_table_0521 used for migration from legacy system department 2
legacy_data_table_0521,owner,VARCHAR(80),YES,Column 10 of table legacy_data_table_0521 used for migration from legacy system department 2
legacy_data_table_0521,created_at,TIMESTAMP,YES,Column 11 of table legacy_data_table_0521 used for migration from legacy system department 2
legacy_data_table_0521,updated_at,TIMESTAMP,YES,Column 12 of table legacy_data_table_0521 used for migration from legacy system department 2
legacy_data_table_0522,rec_id,VARCHAR(50),NO,Column 1 of table legacy_data_table_0522 used for migration from legacy system department 3
legacy_data_table_0522,label,VARCHAR(255),NO,Column 2 of table legacy_data_table_0522 used for migration from legacy system department 3
legacy_data_table_0522,code,VARCHAR(100),NO,Column 3 of table legacy_data_table_0522 used for migration from legacy system department 3
legacy_data_table_0522,status,VARCHAR(30),YES,Column 4 of table legacy_data_table_0522 used for migration from legacy system department 3
legacy_data_table_0522,value_num,DECIMAL(18,4),YES,Column 5 of table legacy_data_table_0522 used for migration from legacy system department 3
legacy_data_table_0522,value_str,TEXT,YES,Column 6 of table legacy_data_table_0522 used for migration from legacy system department 3
legacy_data_table_0522,ref_key,VARCHAR(80),YES,Column 7 of table legacy_data_table_0522 used for migration from legacy system department 3
legacy_data_table_0522,date_val,TIMESTAMP,YES,Column 8 of table legacy_data_table_0522 used for migration from legacy system department 3
legacy_data_table_0522,flag,BOOLEAN,YES,Column 9 of table legacy_data_table_0522 used for migration from legacy system department 3
legacy_data_table_0522,owner,VARCHAR(80),YES,Column 10 of table legacy_data_table_0522 used for migration from legacy system department 3
legacy_data_table_0522,created_at,TIMESTAMP,YES,Column 11 of table legacy_data_table_0522 used for migration from legacy system department 3
legacy_data_table_0522,updated_at,TIMESTAMP,YES,Column 12 of table legacy_data_table_0522 used for migration from legacy system department 3
legacy_data_table_0523,rec_id,VARCHAR(50),NO,Column 1 of table legacy_data_table_0523 used for migration from legacy system department 4
legacy_data_table_0523,label,VARCHAR(255),NO,Column 2 of table legacy_data_table_0523 used for migration from legacy system department 4
legacy_data_table_0523,code,VARCHAR(100),NO,Column 3 of table legacy_data_table_0523 used for migration from legacy system department 4
legacy_data_table_0523,status,VARCHAR(30),YES,Column 4 of table legacy_data_table_0523 used for migration from legacy system department 4
legacy_data_table_0523,value_num,DECIMAL(18,4),YES,Column 5 of table legacy_data_table_0523 used for migration from legacy system department 4
legacy_data_table_0523,value_str,TEXT,YES,Column 6 of table legacy_data_table_0523 used for migration from legacy system department 4
legacy_data_table_0523,ref_key,VARCHAR(80),YES,Column 7 of table legacy_data_table_0523 used for migration from legacy system department 4
legacy_data_table_0523,date_val,TIMESTAMP,YES,Column 8 of table legacy_data_table_0523 used for migration from legacy system department 4
legacy_data_table_0523,flag,BOOLEAN,YES,Column 9 of table legacy_data_table_0523 used for migration from legacy system department 4
legacy_data_table_0523,owner,VARCHAR(80),YES,Column 10 of table legacy_data_table_0523 used for migration from legacy system department 4
legacy_data_table_0523,created_at,TIMESTAMP,YES,Column 11 of table legacy_data_table_0523 used for migration from legacy system department 4
legacy_data_table_0523,updated_at,TIMESTAMP,YES,Column 12 of table legacy_data_table_0523 used for migration from legacy system department 4
legacy_data_table_0524,rec_id,VARCHAR(50),NO,Column 1 of table legacy_data_table_0524 used for migration from legacy system department 5
legacy_data_table_0524,label,VARCHAR(255),NO,Column 2 of table legacy_data_table_0524 used for migration from legacy system department 5
legacy_data_table_0524,code,VARCHAR(100),NO,Column 3 of table legacy_data_table_0524 used for migration from legacy system department 5
legacy_data_table_0524,status,VARCHAR(30),YES,Column 4 of table legacy_data_table_0524 used for migration from legacy system department 5
legacy_data_table_0524,value_num,DECIMAL(18,4),YES,Column 5 of table legacy_data_table_0524 used for migration from legacy system department 5
legacy_data_table_0524,value_str,TEXT,YES,Column 6 of table legacy_data_table_0524 used for migration from legacy system department 5
legacy_data_table_0524,ref_key,VARCHAR(80),YES,Column 7 of table legacy_data_table_0524 used for migration from legacy system department 5
legacy_data_table_0524,date_val,TIMESTAMP,YES,Column 8 of table legacy_data_table_0524 used for migration from legacy system department 5
legacy_data_table_0524,flag,BOOLEAN,YES,Column 9 of table legacy_data_table_0524 used for migration from legacy system department 5
legacy_data_table_0524,owner,VARCHAR(80),YES,Column 10 of table legacy_data_table_0524 used for migration from legacy system department 5
legacy_data_table_0524,created_at,TIMESTAMP,YES,Column 11 of table legacy_data_table_0524 used for migration from legacy system department 5
legacy_data_table_0524,updated_at,TIMESTAMP,YES,Column 12 of table legacy_data_table_0524 used for migration from legacy system department 5
legacy_data_table_0525,rec_id,VARCHAR(50),NO,Column 1 of table legacy_data_table_0525 used for migration from legacy system department 6
legacy_data_table_0525,label,VARCHAR(255),NO,Column 2 of table legacy_data_table_0525 used for migration from legacy system department 6
legacy_data_table_0525,code,VARCHAR(100),NO,Column 3 of table legacy_data_table_0525 used for migration from legacy system department 6
legacy_data_table_0525,status,VARCHAR(30),YES,Column 4 of table legacy_data_table_0525 used for migration from legacy system department 6
legacy_data_table_0525,value_num,DECIMAL(18,4),YES,Column 5 of table legacy_data_table_0525 used for migration from legacy system department 6
legacy_data_table_0525,value_str,TEXT,YES,Column 6 of table legacy_data_table_0525 used for migration from legacy system department 6
legacy_data_table_0525,ref_key,VARCHAR(80),YES,Column 7 of table legacy_data_table_0525 used for migration from legacy system department 6
legacy_data_table_0525,date_val,TIMESTAMP,YES,Column 8 of table legacy_data_table_0525 used for migration from legacy system department 6
legacy_data_table_0525,flag,BOOLEAN,YES,Column 9 of table legacy_data_table_0525 used for migration from legacy system department 6
legacy_data_table_0525,owner,VARCHAR(80),YES,Column 10 of table legacy_data_table_0525 used for migration from legacy system department 6
legacy_data_table_0525,created_at,TIMESTAMP,YES,Column 11 of table legacy_data_table_0525 used for migration from legacy system department 6
legacy_data_table_0525,updated_at,TIMESTAMP,YES,Column 12 of table legacy_data_table_0525 used for migration from legacy system department 6
legacy_data_table_0526,rec_id,VARCHAR(50),NO,Column 1 of table legacy_data_table_0526 used for migration from legacy system department 7
legacy_data_table_0526,label,VARCHAR(255),NO,Column 2 of table legacy_data_table_0526 used for migration from legacy system department 7
legacy_data_table_0526,code,VARCHAR(100),NO,Column 3 of table legacy_data_table_0526 used for migration from legacy system department 7
legacy_data_table_0526,status,VARCHAR(30),YES,Column 4 of table legacy_data_table_0526 used for migration from legacy system department 7
legacy_data_table_0526,value_num,DECIMAL(18,4),YES,Column 5 of table legacy_data_table_0526 used for migration from legacy system department 7
legacy_data_table_0526,value_str,TEXT,YES,Column 6 of table legacy_data_table_0526 used for migration from legacy system department 7
legacy_data_table_0526,ref_key,VARCHAR(80),YES,Column 7 of table legacy_data_table_0526 used for migration from legacy system department 7
legacy_data_table_0526,date_val,TIMESTAMP,YES,Column 8 of table legacy_data_table_0526 used for migration from legacy system department 7
legacy_data_table_0526,flag,BOOLEAN,YES,Column 9 of table legacy_data_table_0526 used for migration from legacy system department 7
legacy_data_table_0526,owner,VARCHAR(80),YES,Column 10 of table legacy_data_table_0526 used for migration from legacy system department 7
legacy_data_table_0526,created_at,TIMESTAMP,YES,Column 11 of table legacy_data_table_0526 used for migration from legacy system department 7
legacy_data_table_0526,updated_at,TIMESTAMP,YES,Column 12 of table legacy_data_table_0526 used for migration from legacy system department 7
legacy_data_table_0527,rec_id,VARCHAR(50),NO,Column 1 of table legacy_data_table_0527 used for migration from legacy system department 8
legacy_data_table_0527,label,VARCHAR(255),NO,Column 2 of table legacy_data_table_0527 used for migration from legacy system department 8
legacy_data_table_0527,code,VARCHAR(100),NO,Column 3 of table legacy_data_table_0527 used for migration from legacy system department 8
legacy_data_table_0527,status,VARCHAR(30),YES,Column 4 of table legacy_data_table_0527 used for migration from legacy system department 8
legacy_data_table_0527,value_num,DECIMAL(18,4),YES,Column 5 of table legacy_data_table_0527 used for migration from legacy system department 8
legacy_data_table_0527,value_str,TEXT,YES,Column 6 of table legacy_data_table_0527 used for migration from legacy system department 8
legacy_data_table_0527,ref_key,VARCHAR(80),YES,Column 7 of table legacy_data_table_0527 used for migration from legacy system department 8
legacy_data_table_0527,date_val,TIMESTAMP,YES,Column 8 of table legacy_data_table_0527 used for migration from legacy system department 8
legacy_data_table_0527,flag,BOOLEAN,YES,Column 9 of table legacy_data_table_0527 used for migration from legacy system department 8
legacy_data_table_0527,owner,VARCHAR(80),YES,Column 10 of table legacy_data_table_0527 used for migration from legacy system department 8
legacy_data_table_0527,created_at,TIMESTAMP,YES,Column 11 of table legacy_data_table_0527 used for migration from legacy system department 8
legacy_data_table_0527,updated_at,TIMESTAMP,YES,Column 12 of table legacy_data_table_0527 used for migration from legacy system department 8
legacy_data_table_0528,rec_id,VARCHAR(50),NO,Column 1 of table legacy_data_table_0528 used for migration from legacy system department 9
legacy_data_table_0528,label,VARCHAR(255),NO,Column 2 of table legacy_data_table_0528 used for migration from legacy system department 9
legacy_data_table_0528,code,VARCHAR(100),NO,Column 3 of table legacy_data_table_0528 used for migration from legacy system department 9
legacy_data_table_0528,status,VARCHAR(30),YES,Column 4 of table legacy_data_table_0528 used for migration from legacy system department 9
legacy_data_table_0528,value_num,DECIMAL(18,4),YES,Column 5 of table legacy_data_table_0528 used for migration from legacy system department 9
legacy_data_table_0528,value_str,TEXT,YES,Column 6 of table legacy_data_table_0528 used for migration from legacy system department 9
legacy_data_table_0528,ref_key,VARCHAR(80),YES,Column 7 of table legacy_data_table_0528 used for migration from legacy system department 9
legacy_data_table_0528,date_val,TIMESTAMP,YES,Column 8 of table legacy_data_table_0528 used for migration from legacy system department 9
legacy_data_table_0528,flag,BOOLEAN,YES,Column 9 of table legacy_data_table_0528 used for migration from legacy system department 9
legacy_data_table_0528,owner,VARCHAR(80),YES,Column 10 of table legacy_data_table_0528 used for migration from legacy system department 9
legacy_data_table_0528,created_at,TIMESTAMP,YES,Column 11 of table legacy_data_table_0528 used for migration from legacy system department 9
legacy_data_table_0528,updated_at,TIMESTAMP,YES,Column 12 of table legacy_data_table_0528 used for migration from legacy system department 9
legacy_data_table_0529,rec_id,VARCHAR(50),NO,Column 1 of table legacy_data_table_0529 used for migration from legacy system department 10
legacy_data_table_0529,label,VARCHAR(255),NO,Column 2 of table legacy_data_table_0529 used for migration from legacy system department 10
legacy_data_table_0529,code,VARCHAR(100),NO,Column 3 of table legacy_data_table_0529 used for migration from legacy system department 10
legacy_data_table_0529,status,VARCHAR(30),YES,Column 4 of table legacy_data_table_0529 used for migration from legacy system department 10
legacy_data_table_0529,value_num,DECIMAL(18,4),YES,Column 5 of table legacy_data_table_0529 used for migration from legacy system department 10
legacy_data_table_0529,value_str,TEXT,YES,Column 6 of table legacy_data_table_0529 used for migration from legacy system department 10
legacy_data_table_0529,ref_key,VARCHAR(80),YES,Column 7 of table legacy_data_table_0529 used for migration from legacy system department 10
legacy_data_table_0529,date_val,TIMESTAMP,YES,Column 8 of table legacy_data_table_0529 used for migration from legacy system department 10
legacy_data_table_0529,flag,BOOLEAN,YES,Column 9 of table legacy_data_table_0529 used for migration from legacy system department 10
legacy_data_table_0529,owner,VARCHAR(80),YES,Column 10 of table legacy_data_table_0529 used for migration from legacy system department 10
legacy_data_table_0529,created_at,TIMESTAMP,YES,Column 11 of table legacy_data_table_0529 used for migration from legacy system department 10
legacy_data_table_0529,updated_at,TIMESTAMP,YES,Column 12 of table legacy_data_table_0529 used for migration from legacy system department 10
legacy_data_table_0530,rec_id,VARCHAR(50),NO,Column 1 of table legacy_data_table_0530 used for migration from legacy system department 11
legacy_data_table_0530,label,VARCHAR(255),NO,Column 2 of table legacy_data_table_0530 used for migration from legacy system department 11
legacy_data_table_0530,code,VARCHAR(100),NO,Column 3 of table legacy_data_table_0530 used for migration from legacy system department 11
legacy_data_table_0530,status,VARCHAR(30),YES,Column 4 of table legacy_data_table_0530 used for migration from legacy system department 11
legacy_data_table_0530,value_num,DECIMAL(18,4),YES,Column 5 of table legacy_data_table_0530 used for migration from legacy system department 11
legacy_data_table_0530,value_str,TEXT,YES,Column 6 of table legacy_data_table_0530 used for migration from legacy system department 11
legacy_data_table_0530,ref_key,VARCHAR(80),YES,Column 7 of table legacy_data_table_0530 used for migration from legacy system department 11
legacy_data_table_0530,date_val,TIMESTAMP,YES,Column 8 of table legacy_data_table_0530 used for migration from legacy system department 11
legacy_data_table_0530,flag,BOOLEAN,YES,Column 9 of table legacy_data_table_0530 used for migration from legacy system department 11
legacy_data_table_0530,owner,VARCHAR(80),YES,Column 10 of table legacy_data_table_0530 used for migration from legacy system department 11
legacy_data_table_0530,created_at,TIMESTAMP,YES,Column 11 of table legacy_data_table_0530 used for migration from legacy system department 11
legacy_data_table_0530,updated_at,TIMESTAMP,YES,Column 12 of table legacy_data_table_0530 used for migration from legacy system department 11
legacy_data_table_0531,rec_id,VARCHAR(50),NO,Column 1 of table legacy_data_table_0531 used for migration from legacy system department 12
legacy_data_table_0531,label,VARCHAR(255),NO,Column 2 of table legacy_data_table_0531 used for migration from legacy system department 12
legacy_data_table_0531,code,VARCHAR(100),NO,Column 3 of table legacy_data_table_0531 used for migration from legacy system department 12
legacy_data_table_0531,status,VARCHAR(30),YES,Column 4 of table legacy_data_table_0531 used for migration from legacy system department 12
legacy_data_table_0531,value_num,DECIMAL(18,4),YES,Column 5 of table legacy_data_table_0531 used for migration from legacy system department 12
legacy_data_table_0531,value_str,TEXT,YES,Column 6 of table legacy_data_table_0531 used for migration from legacy system department 12
legacy_data_table_0531,ref_key,VARCHAR(80),YES,Column 7 of table legacy_data_table_0531 used for migration from legacy system department 12
legacy_data_table_0531,date_val,TIMESTAMP,YES,Column 8 of table legacy_data_table_0531 used for migration from legacy system department 12
legacy_data_table_0531,flag,BOOLEAN,YES,Column 9 of table legacy_data_table_0531 used for migration from legacy system department 12
legacy_data_table_0531,owner,VARCHAR(80),YES,Column 10 of table legacy_data_table_0531 used for migration from legacy system department 12
legacy_data_table_0531,created_at,TIMESTAMP,YES,Column 11 of table legacy_data_table_0531 used for migration from legacy system department 12
legacy_data_table_0531,updated_at,TIMESTAMP,YES,Column 12 of table legacy_data_table_0531 used for migration from legacy system department 12
legacy_data_table_0532,rec_id,VARCHAR(50),NO,Column 1 of table legacy_data_table_0532 used for migration from legacy system department 13
legacy_data_table_0532,label,VARCHAR(255),NO,Column 2 of table legacy_data_table_0532 used for migration from legacy system department 13
legacy_data_table_0532,code,VARCHAR(100),NO,Column 3 of table legacy_data_table_0532 used for migration from legacy system department 13
legacy_data_table_0532,status,VARCHAR(30),YES,Column 4 of table legacy_data_table_0532 used for migration from legacy system department 13
legacy_data_table_0532,value_num,DECIMAL(18,4),YES,Column 5 of table legacy_data_table_0532 used for migration from legacy system department 13
legacy_data_table_0532,value_str,TEXT,YES,Column 6 of table legacy_data_table_0532 used for migration from legacy system department 13
legacy_data_table_0532,ref_key,VARCHAR(80),YES,Column 7 of table legacy_data_table_0532 used for migration from legacy system department 13
legacy_data_table_0532,date_val,TIMESTAMP,YES,Column 8 of table legacy_data_table_0532 used for migration from legacy system department 13
legacy_data_table_0532,flag,BOOLEAN,YES,Column 9 of table legacy_data_table_0532 used for migration from legacy system department 13
legacy_data_table_0532,owner,VARCHAR(80),YES,Column 10 of table legacy_data_table_0532 used for migration from legacy system department 13
legacy_data_table_0532,created_at,TIMESTAMP,YES,Column 11 of table legacy_data_table_0532 used for migration from legacy system department 13
legacy_data_table_0532,updated_at,TIMESTAMP,YES,Column 12 of table legacy_data_table_0532 used for migration from legacy system department 13
legacy_data_table_0533,rec_id,VARCHAR(50),NO,Column 1 of table legacy_data_table_0533 used for migration from legacy system department 14
legacy_data_table_0533,label,VARCHAR(255),NO,Column 2 of table legacy_data_table_0533 used for migration from legacy system department 14
legacy_data_table_0533,code,VARCHAR(100),NO,Column 3 of table legacy_data_table_0533 used for migration from legacy system department 14
legacy_data_table_0533,status,VARCHAR(30),YES,Column 4 of table legacy_data_table_0533 used for migration from legacy system department 14
legacy_data_table_0533,value_num,DECIMAL(18,4),YES,Column 5 of table legacy_data_table_0533 used for migration from legacy system department 14
legacy_data_table_0533,value_str,TEXT,YES,Column 6 of table legacy_data_table_0533 used for migration from legacy system department 14
legacy_data_table_0533,ref_key,VARCHAR(80),YES,Column 7 of table legacy_data_table_0533 used for migration from legacy system department 14
legacy_data_table_0533,date_val,TIMESTAMP,YES,Column 8 of table legacy_data_table_0533 used for migration from legacy system department 14
legacy_data_table_0533,flag,BOOLEAN,YES,Column 9 of table legacy_data_table_0533 used for migration from legacy system department 14
legacy_data_table_0533,owner,VARCHAR(80),YES,Column 10 of table legacy_data_table_0533 used for migration from legacy system department 14
legacy_data_table_0533,created_at,TIMESTAMP,YES,Column 11 of table legacy_data_table_0533 used for migration from legacy system department 14
legacy_data_table_0533,updated_at,TIMESTAMP,YES,Column 12 of table legacy_data_table_0533 used for migration from legacy system department 14
legacy_data_table_0534,rec_id,VARCHAR(50),NO,Column 1 of table legacy_data_table_0534 used for migration from legacy system department 15
legacy_data_table_0534,label,VARCHAR(255),NO,Column 2 of table legacy_data_table_0534 used for migration from legacy system department 15
legacy_data_table_0534,code,VARCHAR(100),NO,Column 3 of table legacy_data_table_0534 used for migration from legacy system department 15
legacy_data_table_0534,status,VARCHAR(30),YES,Column 4 of table legacy_data_table_0534 used for migration from legacy system department 15
legacy_data_table_0534,value_num,DECIMAL(18,4),YES,Column 5 of table legacy_data_table_0534 used for migration from legacy system department 15
legacy_data_table_0534,value_str,TEXT,YES,Column 6 of table legacy_data_table_0534 used for migration from legacy system department 15
legacy_data_table_0534,ref_key,VARCHAR(80),YES,Column 7 of table legacy_data_table_0534 used for migration from legacy system department 15
legacy_data_table_0534,date_val,TIMESTAMP,YES,Column 8 of table legacy_data_table_0534 used for migration from legacy system department 15
legacy_data_table_0534,flag,BOOLEAN,YES,Column 9 of table legacy_data_table_0534 used for migration from legacy system department 15
legacy_data_table_0534,owner,VARCHAR(80),YES,Column 10 of table legacy_data_table_0534 used for migration from legacy system department 15
legacy_data_table_0534,created_at,TIMESTAMP,YES,Column 11 of table legacy_data_table_0534 used for migration from legacy system department 15
legacy_data_table_0534,updated_at,TIMESTAMP,YES,Column 12 of table legacy_data_table_0534 used for migration from legacy system department 15
legacy_data_table_0535,rec_id,VARCHAR(50),NO,Column 1 of table legacy_data_table_0535 used for migration from legacy system department 16
legacy_data_table_0535,label,VARCHAR(255),NO,Column 2 of table legacy_data_table_0535 used for migration from legacy system department 16
legacy_data_table_0535,code,VARCHAR(100),NO,Column 3 of table legacy_data_table_0535 used for migration from legacy system department 16
legacy_data_table_0535,status,VARCHAR(30),YES,Column 4 of table legacy_data_table_0535 used for migration from legacy system department 16
legacy_data_table_0535,value_num,DECIMAL(18,4),YES,Column 5 of table legacy_data_table_0535 used for migration from legacy system department 16
legacy_data_table_0535,value_str,TEXT,YES,Column 6 of table legacy_data_table_0535 used for migration from legacy system department 16
legacy_data_table_0535,ref_key,VARCHAR(80),YES,Column 7 of table legacy_data_table_0535 used for migration from legacy system department 16
legacy_data_table_0535,date_val,TIMESTAMP,YES,Column 8 of table legacy_data_table_0535 used for migration from legacy system department 16
legacy_data_table_0535,flag,BOOLEAN,YES,Column 9 of table legacy_data_table_0535 used for migration from legacy system department 16
legacy_data_table_0535,owner,VARCHAR(80),YES,Column 10 of table legacy_data_table_0535 used for migration from legacy system department 16
legacy_data_table_0535,created_at,TIMESTAMP,YES,Column 11 of table legacy_data_table_0535 used for migration from legacy system department 16
legacy_data_table_0535,updated_at,TIMESTAMP,YES,Column 12 of table legacy_data_table_0535 used for migration from legacy system department 16
legacy_data_table_0536,rec_id,VARCHAR(50),NO,Column 1 of table legacy_data_table_0536 used for migration from legacy system department 17
legacy_data_table_0536,label,VARCHAR(255),NO,Column 2 of table legacy_data_table_0536 used for migration from legacy system department 17
legacy_data_table_0536,code,VARCHAR(100),NO,Column 3 of table legacy_data_table_0536 used for migration from legacy system department 17
legacy_data_table_0536,status,VARCHAR(30),YES,Column 4 of table legacy_data_table_0536 used for migration from legacy system department 17
legacy_data_table_0536,value_num,DECIMAL(18,4),YES,Column 5 of table legacy_data_table_0536 used for migration from legacy system department 17
legacy_data_table_0536,value_str,TEXT,YES,Column 6 of table legacy_data_table_0536 used for migration from legacy system department 17
legacy_data_table_0536,ref_key,VARCHAR(80),YES,Column 7 of table legacy_data_table_0536 used for migration from legacy system department 17
legacy_data_table_0536,date_val,TIMESTAMP,YES,Column 8 of table legacy_data_table_0536 used for migration from legacy system department 17
legacy_data_table_0536,flag,BOOLEAN,YES,Column 9 of table legacy_data_table_0536 used for migration from legacy system department 17
legacy_data_table_0536,owner,VARCHAR(80),YES,Column 10 of table legacy_data_table_0536 used for migration from legacy system department 17
legacy_data_table_0536,created_at,TIMESTAMP,YES,Column 11 of table legacy_data_table_0536 used for migration from legacy system department 17
legacy_data_table_0536,updated_at,TIMESTAMP,YES,Column 12 of table legacy_data_table_0536 used for migration from legacy system department 17
legacy_data_table_0537,rec_id,VARCHAR(50),NO,Column 1 of table legacy_data_table_0537 used for migration from legacy system department 18
legacy_data_table_0537,label,VARCHAR(255),NO,Column 2 of table legacy_data_table_0537 used for migration from legacy system department 18
legacy_data_table_0537,code,VARCHAR(100),NO,Column 3 of table legacy_data_table_0537 used for migration from legacy system department 18
legacy_data_table_0537,status,VARCHAR(30),YES,Column 4 of table legacy_data_table_0537 used for migration from legacy system department 18
legacy_data_table_0537,value_num,DECIMAL(18,4),YES,Column 5 of table legacy_data_table_0537 used for migration from legacy system department 18
legacy_data_table_0537,value_str,TEXT,YES,Column 6 of table legacy_data_table_0537 used for migration from legacy system department 18
legacy_data_table_0537,ref_key,VARCHAR(80),YES,Column 7 of table legacy_data_table_0537 used for migration from legacy system department 18
legacy_data_table_0537,date_val,TIMESTAMP,YES,Column 8 of table legacy_data_table_0537 used for migration from legacy system department 18
legacy_data_table_0537,flag,BOOLEAN,YES,Column 9 of table legacy_data_table_0537 used for migration from legacy system department 18
legacy_data_table_0537,owner,VARCHAR(80),YES,Column 10 of table legacy_data_table_0537 used for migration from legacy system department 18
legacy_data_table_0537,created_at,TIMESTAMP,YES,Column 11 of table legacy_data_table_0537 used for migration from legacy system department 18
legacy_data_table_0537,updated_at,TIMESTAMP,YES,Column 12 of table legacy_data_table_0537 used for migration from legacy system department 18
legacy_data_table_0538,rec_id,VARCHAR(50),NO,Column 1 of table legacy_data_table_0538 used for migration from legacy system department 19
legacy_data_table_0538,label,VARCHAR(255),NO,Column 2 of table legacy_data_table_0538 used for migration from legacy system department 19
legacy_data_table_0538,code,VARCHAR(100),NO,Column 3 of table legacy_data_table_0538 used for migration from legacy system department 19
legacy_data_table_0538,status,VARCHAR(30),YES,Column 4 of table legacy_data_table_0538 used for migration from legacy system department 19
legacy_data_table_0538,value_num,DECIMAL(18,4),YES,Column 5 of table legacy_data_table_0538 used for migration from legacy system department 19
legacy_data_table_0538,value_str,TEXT,YES,Column 6 of table legacy_data_table_0538 used for migration from legacy system department 19
legacy_data_table_0538,ref_key,VARCHAR(80),YES,Column 7 of table legacy_data_table_0538 used for migration from legacy system department 19
legacy_data_table_0538,date_val,TIMESTAMP,YES,Column 8 of table legacy_data_table_0538 used for migration from legacy system department 19
legacy_data_table_0538,flag,BOOLEAN,YES,Column 9 of table legacy_data_table_0538 used for migration from legacy system department 19
legacy_data_table_0538,owner,VARCHAR(80),YES,Column 10 of table legacy_data_table_0538 used for migration from legacy system department 19
legacy_data_table_0538,created_at,TIMESTAMP,YES,Column 11 of table legacy_data_table_0538 used for migration from legacy system department 19
legacy_data_table_0538,updated_at,TIMESTAMP,YES,Column 12 of table legacy_data_table_0538 used for migration from legacy system department 19
legacy_data_table_0539,rec_id,VARCHAR(50),NO,Column 1 of table legacy_data_table_0539 used for migration from legacy system department 20
legacy_data_table_0539,label,VARCHAR(255),NO,Column 2 of table legacy_data_table_0539 used for migration from legacy system department 20
legacy_data_table_0539,code,VARCHAR(100),NO,Column 3 of table legacy_data_table_0539 used for migration from legacy system department 20
legacy_data_table_0539,status,VARCHAR(30),YES,Column 4 of table legacy_data_table_0539 used for migration from legacy system department 20
legacy_data_table_0539,value_num,DECIMAL(18,4),YES,Column 5 of table legacy_data_table_0539 used for migration from legacy system department 20
legacy_data_table_0539,value_str,TEXT,YES,Column 6 of table legacy_data_table_0539 used for migration from legacy system department 20
legacy_data_table_0539,ref_key,VARCHAR(80),YES,Column 7 of table legacy_data_table_0539 used for migration from legacy system department 20
legacy_data_table_0539,date_val,TIMESTAMP,YES,Column 8 of table legacy_data_table_0539 used for migration from legacy system department 20
legacy_data_table_0539,flag,BOOLEAN,YES,Column 9 of table legacy_data_table_0539 used for migration from legacy system department 20
legacy_data_table_0539,owner,VARCHAR(80),YES,Column 10 of table legacy_data_table_0539 used for migration from legacy system department 20
legacy_data_table_0539,created_at,TIMESTAMP,YES,Column 11 of table legacy_data_table_0539 used for migration from legacy system department 20
legacy_data_table_0539,updated_at,TIMESTAMP,YES,Column 12 of table legacy_data_table_0539 used for migration from legacy system department 20
legacy_data_table_0540,rec_id,VARCHAR(50),NO,Column 1 of table legacy_data_table_0540 used for migration from legacy system department 1
legacy_data_table_0540,label,VARCHAR(255),NO,Column 2 of table legacy_data_table_0540 used for migration from legacy system department 1
legacy_data_table_0540,code,VARCHAR(100),NO,Column 3 of table legacy_data_table_0540 used for migration from legacy system department 1
legacy_data_table_0540,status,VARCHAR(30),YES,Column 4 of table legacy_data_table_0540 used for migration from legacy system department 1
legacy_data_table_0540,value_num,DECIMAL(18,4),YES,Column 5 of table legacy_data_table_0540 used for migration from legacy system department 1
legacy_data_table_0540,value_str,TEXT,YES,Column 6 of table legacy_data_table_0540 used for migration from legacy system department 1
legacy_data_table_0540,ref_key,VARCHAR(80),YES,Column 7 of table legacy_data_table_0540 used for migration from legacy system department 1
legacy_data_table_0540,date_val,TIMESTAMP,YES,Column 8 of table legacy_data_table_0540 used for migration from legacy system department 1
legacy_data_table_0540,flag,BOOLEAN,YES,Column 9 of table legacy_data_table_0540 used for migration from legacy system department 1
legacy_data_table_0540,owner,VARCHAR(80),YES,Column 10 of table legacy_data_table_0540 used for migration from legacy system department 1
legacy_data_table_0540,created_at,TIMESTAMP,YES,Column 11 of table legacy_data_table_0540 used for migration from legacy system department 1
legacy_data_table_0540,updated_at,TIMESTAMP,YES,Column 12 of table legacy_data_table_0540 used for migration from legacy system department 1
legacy_data_table_0541,rec_id,VARCHAR(50),NO,Column 1 of table legacy_data_table_0541 used for migration from legacy system department 2
legacy_data_table_0541,label,VARCHAR(255),NO,Column 2 of table legacy_data_table_0541 used for migration from legacy system department 2
legacy_data_table_0541,code,VARCHAR(100),NO,Column 3 of table legacy_data_table_0541 used for migration from legacy system department 2
legacy_data_table_0541,status,VARCHAR(30),YES,Column 4 of table legacy_data_table_0541 used for migration from legacy system department 2
legacy_data_table_0541,value_num,DECIMAL(18,4),YES,Column 5 of table legacy_data_table_0541 used for migration from legacy system department 2
legacy_data_table_0541,value_str,TEXT,YES,Column 6 of table legacy_data_table_0541 used for migration from legacy system department 2
legacy_data_table_0541,ref_key,VARCHAR(80),YES,Column 7 of table legacy_data_table_0541 used for migration from legacy system department 2
legacy_data_table_0541,date_val,TIMESTAMP,YES,Column 8 of table legacy_data_table_0541 used for migration from legacy system department 2
legacy_data_table_0541,flag,BOOLEAN,YES,Column 9 of table legacy_data_table_0541 used for migration from legacy system department 2
legacy_data_table_0541,owner,VARCHAR(80),YES,Column 10 of table legacy_data_table_0541 used for migration from legacy system department 2
legacy_data_table_0541,created_at,TIMESTAMP,YES,Column 11 of table legacy_data_table_0541 used for migration from legacy system department 2
legacy_data_table_0541,updated_at,TIMESTAMP,YES,Column 12 of table legacy_data_table_0541 used for migration from legacy system department 2
legacy_data_table_0542,rec_id,VARCHAR(50),NO,Column 1 of table legacy_data_table_0542 used for migration from legacy system department 3
legacy_data_table_0542,label,VARCHAR(255),NO,Column 2 of table legacy_data_table_0542 used for migration from legacy system department 3
legacy_data_table_0542,code,VARCHAR(100),NO,Column 3 of table legacy_data_table_0542 used for migration from legacy system department 3
legacy_data_table_0542,status,VARCHAR(30),YES,Column 4 of table legacy_data_table_0542 used for migration from legacy system department 3
legacy_data_table_0542,value_num,DECIMAL(18,4),YES,Column 5 of table legacy_data_table_0542 used for migration from legacy system department 3
legacy_data_table_0542,value_str,TEXT,YES,Column 6 of table legacy_data_table_0542 used for migration from legacy system department 3
legacy_data_table_0542,ref_key,VARCHAR(80),YES,Column 7 of table legacy_data_table_0542 used for migration from legacy system department 3
legacy_data_table_0542,date_val,TIMESTAMP,YES,Column 8 of table legacy_data_table_0542 used for migration from legacy system department 3
legacy_data_table_0542,flag,BOOLEAN,YES,Column 9 of table legacy_data_table_0542 used for migration from legacy system department 3
legacy_data_table_0542,owner,VARCHAR(80),YES,Column 10 of table legacy_data_table_0542 used for migration from legacy system department 3
legacy_data_table_0542,created_at,TIMESTAMP,YES,Column 11 of table legacy_data_table_0542 used for migration from legacy system department 3
legacy_data_table_0542,updated_at,TIMESTAMP,YES,Column 12 of table legacy_data_table_0542 used for migration from legacy system department 3
legacy_data_table_0543,rec_id,VARCHAR(50),NO,Column 1 of table legacy_data_table_0543 used for migration from legacy system department 4
legacy_data_table_0543,label,VARCHAR(255),NO,Column 2 of table legacy_data_table_0543 used for migration from legacy system department 4
legacy_data_table_0543,code,VARCHAR(100),NO,Column 3 of table legacy_data_table_0543 used for migration from legacy system department 4
legacy_data_table_0543,status,VARCHAR(30),YES,Column 4 of table legacy_data_table_0543 used for migration from legacy system department 4
legacy_data_table_0543,value_num,DECIMAL(18,4),YES,Column 5 of table legacy_data_table_0543 used for migration from legacy system department 4
legacy_data_table_0543,value_str,TEXT,YES,Column 6 of table legacy_data_table_0543 used for migration from legacy system department 4
legacy_data_table_0543,ref_key,VARCHAR(80),YES,Column 7 of table legacy_data_table_0543 used for migration from legacy system department 4
legacy_data_table_0543,date_val,TIMESTAMP,YES,Column 8 of table legacy_data_table_0543 used for migration from legacy system department 4
legacy_data_table_0543,flag,BOOLEAN,YES,Column 9 of table legacy_data_table_0543 used for migration from legacy system department 4
legacy_data_table_0543,owner,VARCHAR(80),YES,Column 10 of table legacy_data_table_0543 used for migration from legacy system department 4
legacy_data_table_0543,created_at,TIMESTAMP,YES,Column 11 of table legacy_data_table_0543 used for migration from legacy system department 4
legacy_data_table_0543,updated_at,TIMESTAMP,YES,Column 12 of table legacy_data_table_0543 used for migration from legacy system department 4
legacy_data_table_0544,rec_id,VARCHAR(50),NO,Column 1 of table legacy_data_table_0544 used for migration from legacy system department 5
legacy_data_table_0544,label,VARCHAR(255),NO,Column 2 of table legacy_data_table_0544 used for migration from legacy system department 5
legacy_data_table_0544,code,VARCHAR(100),NO,Column 3 of table legacy_data_table_0544 used for migration from legacy system department 5
legacy_data_table_0544,status,VARCHAR(30),YES,Column 4 of table legacy_data_table_0544 used for migration from legacy system department 5
legacy_data_table_0544,value_num,DECIMAL(18,4),YES,Column 5 of table legacy_data_table_0544 used for migration from legacy system department 5
legacy_data_table_0544,value_str,TEXT,YES,Column 6 of table legacy_data_table_0544 used for migration from legacy system department 5
legacy_data_table_0544,ref_key,VARCHAR(80),YES,Column 7 of table legacy_data_table_0544 used for migration from legacy system department 5
legacy_data_table_0544,date_val,TIMESTAMP,YES,Column 8 of table legacy_data_table_0544 used for migration from legacy system department 5
legacy_data_table_0544,flag,BOOLEAN,YES,Column 9 of table legacy_data_table_0544 used for migration from legacy system department 5
legacy_data_table_0544,owner,VARCHAR(80),YES,Column 10 of table legacy_data_table_0544 used for migration from legacy system department 5
legacy_data_table_0544,created_at,TIMESTAMP,YES,Column 11 of table legacy_data_table_0544 used for migration from legacy system department 5
legacy_data_table_0544,updated_at,TIMESTAMP,YES,Column 12 of table legacy_data_table_0544 used for migration from legacy system department 5
legacy_data_table_0545,rec_id,VARCHAR(50),NO,Column 1 of table legacy_data_table_0545 used for migration from legacy system department 6
legacy_data_table_0545,label,VARCHAR(255),NO,Column 2 of table legacy_data_table_0545 used for migration from legacy system department 6
legacy_data_table_0545,code,VARCHAR(100),NO,Column 3 of table legacy_data_table_0545 used for migration from legacy system department 6
legacy_data_table_0545,status,VARCHAR(30),YES,Column 4 of table legacy_data_table_0545 used for migration from legacy system department 6
legacy_data_table_0545,value_num,DECIMAL(18,4),YES,Column 5 of table legacy_data_table_0545 used for migration from legacy system department 6
legacy_data_table_0545,value_str,TEXT,YES,Column 6 of table legacy_data_table_0545 used for migration from legacy system department 6
legacy_data_table_0545,ref_key,VARCHAR(80),YES,Column 7 of table legacy_data_table_0545 used for migration from legacy system department 6
legacy_data_table_0545,date_val,TIMESTAMP,YES,Column 8 of table legacy_data_table_0545 used for migration from legacy system department 6
legacy_data_table_0545,flag,BOOLEAN,YES,Column 9 of table legacy_data_table_0545 used for migration from legacy system department 6
legacy_data_table_0545,owner,VARCHAR(80),YES,Column 10 of table legacy_data_table_0545 used for migration from legacy system department 6
legacy_data_table_0545,created_at,TIMESTAMP,YES,Column 11 of table legacy_data_table_0545 used for migration from legacy system department 6
legacy_data_table_0545,updated_at,TIMESTAMP,YES,Column 12 of table legacy_data_table_0545 used for migration from legacy system department 6
legacy_data_table_0546,rec_id,VARCHAR(50),NO,Column 1 of table legacy_data_table_0546 used for migration from legacy system department 7
legacy_data_table_0546,label,VARCHAR(255),NO,Column 2 of table legacy_data_table_0546 used for migration from legacy system department 7
legacy_data_table_0546,code,VARCHAR(100),NO,Column 3 of table legacy_data_table_0546 used for migration from legacy system department 7
legacy_data_table_0546,status,VARCHAR(30),YES,Column 4 of table legacy_data_table_0546 used for migration from legacy system department 7
legacy_data_table_0546,value_num,DECIMAL(18,4),YES,Column 5 of table legacy_data_table_0546 used for migration from legacy system department 7
legacy_data_table_0546,value_str,TEXT,YES,Column 6 of table legacy_data_table_0546 used for migration from legacy system department 7
legacy_data_table_0546,ref_key,VARCHAR(80),YES,Column 7 of table legacy_data_table_0546 used for migration from legacy system department 7
legacy_data_table_0546,date_val,TIMESTAMP,YES,Column 8 of table legacy_data_table_0546 used for migration from legacy system department 7
legacy_data_table_0546,flag,BOOLEAN,YES,Column 9 of table legacy_data_table_0546 used for migration from legacy system department 7
legacy_data_table_0546,owner,VARCHAR(80),YES,Column 10 of table legacy_data_table_0546 used for migration from legacy system department 7
legacy_data_table_0546,created_at,TIMESTAMP,YES,Column 11 of table legacy_data_table_0546 used for migration from legacy system department 7
legacy_data_table_0546,updated_at,TIMESTAMP,YES,Column 12 of table legacy_data_table_0546 used for migration from legacy system department 7
legacy_data_table_0547,rec_id,VARCHAR(50),NO,Column 1 of table legacy_data_table_0547 used for migration from legacy system department 8
legacy_data_table_0547,label,VARCHAR(255),NO,Column 2 of table legacy_data_table_0547 used for migration from legacy system department 8
legacy_data_table_0547,code,VARCHAR(100),NO,Column 3 of table legacy_data_table_0547 used for migration from legacy system department 8
legacy_data_table_0547,status,VARCHAR(30),YES,Column 4 of table legacy_data_table_0547 used for migration from legacy system department 8
legacy_data_table_0547,value_num,DECIMAL(18,4),YES,Column 5 of table legacy_data_table_0547 used for migration from legacy system department 8
legacy_data_table_0547,value_str,TEXT,YES,Column 6 of table legacy_data_table_0547 used for migration from legacy system department 8
legacy_data_table_0547,ref_key,VARCHAR(80),YES,Column 7 of table legacy_data_table_0547 used for migration from legacy system department 8
legacy_data_table_0547,date_val,TIMESTAMP,YES,Column 8 of table legacy_data_table_0547 used for migration from legacy system department 8
legacy_data_table_0547,flag,BOOLEAN,YES,Column 9 of table legacy_data_table_0547 used for migration from legacy system department 8
legacy_data_table_0547,owner,VARCHAR(80),YES,Column 10 of table legacy_data_table_0547 used for migration from legacy system department 8
legacy_data_table_0547,created_at,TIMESTAMP,YES,Column 11 of table legacy_data_table_0547 used for migration from legacy system department 8
legacy_data_table_0547,updated_at,TIMESTAMP,YES,Column 12 of table legacy_data_table_0547 used for migration from legacy system department 8
legacy_data_table_0548,rec_id,VARCHAR(50),NO,Column 1 of table legacy_data_table_0548 used for migration from legacy system department 9
legacy_data_table_0548,label,VARCHAR(255),NO,Column 2 of table legacy_data_table_0548 used for migration from legacy system department 9
legacy_data_table_0548,code,VARCHAR(100),NO,Column 3 of table legacy_data_table_0548 used for migration from legacy system department 9
legacy_data_table_0548,status,VARCHAR(30),YES,Column 4 of table legacy_data_table_0548 used for migration from legacy system department 9
legacy_data_table_0548,value_num,DECIMAL(18,4),YES,Column 5 of table legacy_data_table_0548 used for migration from legacy system department 9
legacy_data_table_0548,value_str,TEXT,YES,Column 6 of table legacy_data_table_0548 used for migration from legacy system department 9
legacy_data_table_0548,ref_key,VARCHAR(80),YES,Column 7 of table legacy_data_table_0548 used for migration from legacy system department 9
legacy_data_table_0548,date_val,TIMESTAMP,YES,Column 8 of table legacy_data_table_0548 used for migration from legacy system department 9
legacy_data_table_0548,flag,BOOLEAN,YES,Column 9 of table legacy_data_table_0548 used for migration from legacy system department 9
legacy_data_table_0548,owner,VARCHAR(80),YES,Column 10 of table legacy_data_table_0548 used for migration from legacy system department 9
legacy_data_table_0548,created_at,TIMESTAMP,YES,Column 11 of table legacy_data_table_0548 used for migration from legacy system department 9
legacy_data_table_0548,updated_at,TIMESTAMP,YES,Column 12 of table legacy_data_table_0548 used for migration from legacy system department 9
legacy_data_table_0549,rec_id,VARCHAR(50),NO,Column 1 of table legacy_data_table_0549 used for migration from legacy system department 10
legacy_data_table_0549,label,VARCHAR(255),NO,Column 2 of table legacy_data_table_0549 used for migration from legacy system department 10
legacy_data_table_0549,code,VARCHAR(100),NO,Column 3 of table legacy_data_table_0549 used for migration from legacy system department 10
legacy_data_table_0549,status,VARCHAR(30),YES,Column 4 of table legacy_data_table_0549 used for migration from legacy system department 10
legacy_data_table_0549,value_num,DECIMAL(18,4),YES,Column 5 of table legacy_data_table_0549 used for migration from legacy system department 10
legacy_data_table_0549,value_str,TEXT,YES,Column 6 of table legacy_data_table_0549 used for migration from legacy system department 10
legacy_data_table_0549,ref_key,VARCHAR(80),YES,Column 7 of table legacy_data_table_0549 used for migration from legacy system department 10
legacy_data_table_0549,date_val,TIMESTAMP,YES,Column 8 of table legacy_data_table_0549 used for migration from legacy system department 10
legacy_data_table_0549,flag,BOOLEAN,YES,Column 9 of table legacy_data_table_0549 used for migration from legacy system department 10
legacy_data_table_0549,owner,VARCHAR(80),YES,Column 10 of table legacy_data_table_0549 used for migration from legacy system department 10
legacy_data_table_0549,created_at,TIMESTAMP,YES,Column 11 of table legacy_data_table_0549 used for migration from legacy system department 10
legacy_data_table_0549,updated_at,TIMESTAMP,YES,Column 12 of table legacy_data_table_0549 used for migration from legacy system department 10
legacy_data_table_0550,rec_id,VARCHAR(50),NO,Column 1 of table legacy_data_table_0550 used for migration from legacy system department 11
legacy_data_table_0550,label,VARCHAR(255),NO,Column 2 of table legacy_data_table_0550 used for migration from legacy system department 11
legacy_data_table_0550,code,VARCHAR(100),NO,Column 3 of table legacy_data_table_0550 used for migration from legacy system department 11
legacy_data_table_0550,status,VARCHAR(30),YES,Column 4 of table legacy_data_table_0550 used for migration from legacy system department 11
legacy_data_table_0550,value_num,DECIMAL(18,4),YES,Column 5 of table legacy_data_table_0550 used for migration from legacy system department 11
legacy_data_table_0550,value_str,TEXT,YES,Column 6 of table legacy_data_table_0550 used for migration from legacy system department 11
legacy_data_table_0550,ref_key,VARCHAR(80),YES,Column 7 of table legacy_data_table_0550 used for migration from legacy system department 11
legacy_data_table_0550,date_val,TIMESTAMP,YES,Column 8 of table legacy_data_table_0550 used for migration from legacy system department 11
legacy_data_table_0550,flag,BOOLEAN,YES,Column 9 of table legacy_data_table_0550 used for migration from legacy system department 11
legacy_data_table_0550,owner,VARCHAR(80),YES,Column 10 of table legacy_data_table_0550 used for migration from legacy system department 11
legacy_data_table_0550,created_at,TIMESTAMP,YES,Column 11 of table legacy_data_table_0550 used for migration from legacy system department 11
legacy_data_table_0550,updated_at,TIMESTAMP,YES,Column 12 of table legacy_data_table_0550 used for migration from legacy system department 11
legacy_data_table_0551,rec_id,VARCHAR(50),NO,Column 1 of table legacy_data_table_0551 used for migration from legacy system department 12
legacy_data_table_0551,label,VARCHAR(255),NO,Column 2 of table legacy_data_table_0551 used for migration from legacy system department 12
legacy_data_table_0551,code,VARCHAR(100),NO,Column 3 of table legacy_data_table_0551 used for migration from legacy system department 12
legacy_data_table_0551,status,VARCHAR(30),YES,Column 4 of table legacy_data_table_0551 used for migration from legacy system department 12
legacy_data_table_0551,value_num,DECIMAL(18,4),YES,Column 5 of table legacy_data_table_0551 used for migration from legacy system department 12
legacy_data_table_0551,value_str,TEXT,YES,Column 6 of table legacy_data_table_0551 used for migration from legacy system department 12
legacy_data_table_0551,ref_key,VARCHAR(80),YES,Column 7 of table legacy_data_table_0551 used for migration from legacy system department 12
legacy_data_table_0551,date_val,TIMESTAMP,YES,Column 8 of table legacy_data_table_0551 used for migration from legacy system department 12
legacy_data_table_0551,flag,BOOLEAN,YES,Column 9 of table legacy_data_table_0551 used for migration from legacy system department 12
legacy_data_table_0551,owner,VARCHAR(80),YES,Column 10 of table legacy_data_table_0551 used for migration from legacy system department 12
legacy_data_table_0551,created_at,TIMESTAMP,YES,Column 11 of table legacy_data_table_0551 used for migration from legacy system department 12
legacy_data_table_0551,updated_at,TIMESTAMP,YES,Column 12 of table legacy_data_table_0551 used for migration from legacy system department 12
legacy_data_table_0552,rec_id,VARCHAR(50),NO,Column 1 of table legacy_data_table_0552 used for migration from legacy system department 13
legacy_data_table_0552,label,VARCHAR(255),NO,Column 2 of table legacy_data_table_0552 used for migration from legacy system department 13
legacy_data_table_0552,code,VARCHAR(100),NO,Column 3 of table legacy_data_table_0552 used for migration from legacy system department 13
legacy_data_table_0552,status,VARCHAR(30),YES,Column 4 of table legacy_data_table_0552 used for migration from legacy system department 13
legacy_data_table_0552,value_num,DECIMAL(18,4),YES,Column 5 of table legacy_data_table_0552 used for migration from legacy system department 13
legacy_data_table_0552,value_str,TEXT,YES,Column 6 of table legacy_data_table_0552 used for migration from legacy system department 13
legacy_data_table_0552,ref_key,VARCHAR(80),YES,Column 7 of table legacy_data_table_0552 used for migration from legacy system department 13
legacy_data_table_0552,date_val,TIMESTAMP,YES,Column 8 of table legacy_data_table_0552 used for migration from legacy system department 13
legacy_data_table_0552,flag,BOOLEAN,YES,Column 9 of table legacy_data_table_0552 used for migration from legacy system department 13
legacy_data_table_0552,owner,VARCHAR(80),YES,Column 10 of table legacy_data_table_0552 used for migration from legacy system department 13
legacy_data_table_0552,created_at,TIMESTAMP,YES,Column 11 of table legacy_data_table_0552 used for migration from legacy system department 13
legacy_data_table_0552,updated_at,TIMESTAMP,YES,Column 12 of table legacy_data_table_0552 used for migration from legacy system department 13
legacy_data_table_0553,rec_id,VARCHAR(50),NO,Column 1 of table legacy_data_table_0553 used for migration from legacy system department 14
legacy_data_table_0553,label,VARCHAR(255),NO,Column 2 of table legacy_data_table_0553 used for migration from legacy system department 14
legacy_data_table_0553,code,VARCHAR(100),NO,Column 3 of table legacy_data_table_0553 used for migration from legacy system department 14
legacy_data_table_0553,status,VARCHAR(30),YES,Column 4 of table legacy_data_table_0553 used for migration from legacy system department 14
legacy_data_table_0553,value_num,DECIMAL(18,4),YES,Column 5 of table legacy_data_table_0553 used for migration from legacy system department 14
legacy_data_table_0553,value_str,TEXT,YES,Column 6 of table legacy_data_table_0553 used for migration from legacy system department 14
legacy_data_table_0553,ref_key,VARCHAR(80),YES,Column 7 of table legacy_data_table_0553 used for migration from legacy system department 14
legacy_data_table_0553,date_val,TIMESTAMP,YES,Column 8 of table legacy_data_table_0553 used for migration from legacy system department 14
legacy_data_table_0553,flag,BOOLEAN,YES,Column 9 of table legacy_data_table_0553 used for migration from legacy system department 14
legacy_data_table_0553,owner,VARCHAR(80),YES,Column 10 of table legacy_data_table_0553 used for migration from legacy system department 14
legacy_data_table_0553,created_at,TIMESTAMP,YES,Column 11 of table legacy_data_table_0553 used for migration from legacy system department 14
legacy_data_table_0553,updated_at,TIMESTAMP,YES,Column 12 of table legacy_data_table_0553 used for migration from legacy system department 14
legacy_data_table_0554,rec_id,VARCHAR(50),NO,Column 1 of table legacy_data_table_0554 used for migration from legacy system department 15
legacy_data_table_0554,label,VARCHAR(255),NO,Column 2 of table legacy_data_table_0554 used for migration from legacy system department 15
legacy_data_table_0554,code,VARCHAR(100),NO,Column 3 of table legacy_data_table_0554 used for migration from legacy system department 15
legacy_data_table_0554,status,VARCHAR(30),YES,Column 4 of table legacy_data_table_0554 used for migration from legacy system department 15
legacy_data_table_0554,value_num,DECIMAL(18,4),YES,Column 5 of table legacy_data_table_0554 used for migration from legacy system department 15
legacy_data_table_0554,value_str,TEXT,YES,Column 6 of table legacy_data_table_0554 used for migration from legacy system department 15
legacy_data_table_0554,ref_key,VARCHAR(80),YES,Column 7 of table legacy_data_table_0554 used for migration from legacy system department 15
legacy_data_table_0554,date_val,TIMESTAMP,YES,Column 8 of table legacy_data_table_0554 used for migration from legacy system department 15
legacy_data_table_0554,flag,BOOLEAN,YES,Column 9 of table legacy_data_table_0554 used for migration from legacy system department 15
legacy_data_table_0554,owner,VARCHAR(80),YES,Column 10 of table legacy_data_table_0554 used for migration from legacy system department 15
legacy_data_table_0554,created_at,TIMESTAMP,YES,Column 11 of table legacy_data_table_0554 used for migration from legacy system department 15
legacy_data_table_0554,updated_at,TIMESTAMP,YES,Column 12 of table legacy_data_table_0554 used for migration from legacy system department 15
legacy_data_table_0555,rec_id,VARCHAR(50),NO,Column 1 of table legacy_data_table_0555 used for migration from legacy system department 16
legacy_data_table_0555,label,VARCHAR(255),NO,Column 2 of table legacy_data_table_0555 used for migration from legacy system department 16
legacy_data_table_0555,code,VARCHAR(100),NO,Column 3 of table legacy_data_table_0555 used for migration from legacy system department 16
legacy_data_table_0555,status,VARCHAR(30),YES,Column 4 of table legacy_data_table_0555 used for migration from legacy system department 16
legacy_data_table_0555,value_num,DECIMAL(18,4),YES,Column 5 of table legacy_data_table_0555 used for migration from legacy system department 16
legacy_data_table_0555,value_str,TEXT,YES,Column 6 of table legacy_data_table_0555 used for migration from legacy system department 16
legacy_data_table_0555,ref_key,VARCHAR(80),YES,Column 7 of table legacy_data_table_0555 used for migration from legacy system department 16
legacy_data_table_0555,date_val,TIMESTAMP,YES,Column 8 of table legacy_data_table_0555 used for migration from legacy system department 16
legacy_data_table_0555,flag,BOOLEAN,YES,Column 9 of table legacy_data_table_0555 used for migration from legacy system department 16
legacy_data_table_0555,owner,VARCHAR(80),YES,Column 10 of table legacy_data_table_0555 used for migration from legacy system department 16
legacy_data_table_0555,created_at,TIMESTAMP,YES,Column 11 of table legacy_data_table_0555 used for migration from legacy system department 16
legacy_data_table_0555,updated_at,TIMESTAMP,YES,Column 12 of table legacy_data_table_0555 used for migration from legacy system department 16
legacy_data_table_0556,rec_id,VARCHAR(50),NO,Column 1 of table legacy_data_table_0556 used for migration from legacy system department 17
legacy_data_table_0556,label,VARCHAR(255),NO,Column 2 of table legacy_data_table_0556 used for migration from legacy system department 17
legacy_data_table_0556,code,VARCHAR(100),NO,Column 3 of table legacy_data_table_0556 used for migration from legacy system department 17
legacy_data_table_0556,status,VARCHAR(30),YES,Column 4 of table legacy_data_table_0556 used for migration from legacy system department 17
legacy_data_table_0556,value_num,DECIMAL(18,4),YES,Column 5 of table legacy_data_table_0556 used for migration from legacy system department 17
legacy_data_table_0556,value_str,TEXT,YES,Column 6 of table legacy_data_table_0556 used for migration from legacy system department 17
legacy_data_table_0556,ref_key,VARCHAR(80),YES,Column 7 of table legacy_data_table_0556 used for migration from legacy system department 17
legacy_data_table_0556,date_val,TIMESTAMP,YES,Column 8 of table legacy_data_table_0556 used for migration from legacy system department 17
legacy_data_table_0556,flag,BOOLEAN,YES,Column 9 of table legacy_data_table_0556 used for migration from legacy system department 17
legacy_data_table_0556,owner,VARCHAR(80),YES,Column 10 of table legacy_data_table_0556 used for migration from legacy system department 17
legacy_data_table_0556,created_at,TIMESTAMP,YES,Column 11 of table legacy_data_table_0556 used for migration from legacy system department 17
legacy_data_table_0556,updated_at,TIMESTAMP,YES,Column 12 of table legacy_data_table_0556 used for migration from legacy system department 17
legacy_data_table_0557,rec_id,VARCHAR(50),NO,Column 1 of table legacy_data_table_0557 used for migration from legacy system department 18
legacy_data_table_0557,label,VARCHAR(255),NO,Column 2 of table legacy_data_table_0557 used for migration from legacy system department 18
legacy_data_table_0557,code,VARCHAR(100),NO,Column 3 of table legacy_data_table_0557 used for migration from legacy system department 18
legacy_data_table_0557,status,VARCHAR(30),YES,Column 4 of table legacy_data_table_0557 used for migration from legacy system department 18
legacy_data_table_0557,value_num,DECIMAL(18,4),YES,Column 5 of table legacy_data_table_0557 used for migration from legacy system department 18
legacy_data_table_0557,value_str,TEXT,YES,Column 6 of table legacy_data_table_0557 used for migration from legacy system department 18
legacy_data_table_0557,ref_key,VARCHAR(80),YES,Column 7 of table legacy_data_table_0557 used for migration from legacy system department 18
legacy_data_table_0557,date_val,TIMESTAMP,YES,Column 8 of table legacy_data_table_0557 used for migration from legacy system department 18
legacy_data_table_0557,flag,BOOLEAN,YES,Column 9 of table legacy_data_table_0557 used for migration from legacy system department 18
legacy_data_table_0557,owner,VARCHAR(80),YES,Column 10 of table legacy_data_table_0557 used for migration from legacy system department 18
legacy_data_table_0557,created_at,TIMESTAMP,YES,Column 11 of table legacy_data_table_0557 used for migration from legacy system department 18
legacy_data_table_0557,updated_at,TIMESTAMP,YES,Column 12 of table legacy_data_table_0557 used for migration from legacy system department 18
legacy_data_table_0558,rec_id,VARCHAR(50),NO,Column 1 of table legacy_data_table_0558 used for migration from legacy system department 19
legacy_data_table_0558,label,VARCHAR(255),NO,Column 2 of table legacy_data_table_0558 used for migration from legacy system department 19
legacy_data_table_0558,code,VARCHAR(100),NO,Column 3 of table legacy_data_table_0558 used for migration from legacy system department 19
legacy_data_table_0558,status,VARCHAR(30),YES,Column 4 of table legacy_data_table_0558 used for migration from legacy system department 19
legacy_data_table_0558,value_num,DECIMAL(18,4),YES,Column 5 of table legacy_data_table_0558 used for migration from legacy system department 19
legacy_data_table_0558,value_str,TEXT,YES,Column 6 of table legacy_data_table_0558 used for migration from legacy system department 19
legacy_data_table_0558,ref_key,VARCHAR(80),YES,Column 7 of table legacy_data_table_0558 used for migration from legacy system department 19
legacy_data_table_0558,date_val,TIMESTAMP,YES,Column 8 of table legacy_data_table_0558 used for migration from legacy system department 19
legacy_data_table_0558,flag,BOOLEAN,YES,Column 9 of table legacy_data_table_0558 used for migration from legacy system department 19
legacy_data_table_0558,owner,VARCHAR(80),YES,Column 10 of table legacy_data_table_0558 used for migration from legacy system department 19
legacy_data_table_0558,created_at,TIMESTAMP,YES,Column 11 of table legacy_data_table_0558 used for migration from legacy system department 19
legacy_data_table_0558,updated_at,TIMESTAMP,YES,Column 12 of table legacy_data_table_0558 used for migration from legacy system department 19
legacy_data_table_0559,rec_id,VARCHAR(50),NO,Column 1 of table legacy_data_table_0559 used for migration from legacy system department 20
legacy_data_table_0559,label,VARCHAR(255),NO,Column 2 of table legacy_data_table_0559 used for migration from legacy system department 20
legacy_data_table_0559,code,VARCHAR(100),NO,Column 3 of table legacy_data_table_0559 used for migration from legacy system department 20
legacy_data_table_0559,status,VARCHAR(30),YES,Column 4 of table legacy_data_table_0559 used for migration from legacy system department 20
legacy_data_table_0559,value_num,DECIMAL(18,4),YES,Column 5 of table legacy_data_table_0559 used for migration from legacy system department 20
legacy_data_table_0559,value_str,TEXT,YES,Column 6 of table legacy_data_table_0559 used for migration from legacy system department 20
legacy_data_table_0559,ref_key,VARCHAR(80),YES,Column 7 of table legacy_data_table_0559 used for migration from legacy system department 20
legacy_data_table_0559,date_val,TIMESTAMP,YES,Column 8 of table legacy_data_table_0559 used for migration from legacy system department 20
legacy_data_table_0559,flag,BOOLEAN,YES,Column 9 of table legacy_data_table_0559 used for migration from legacy system department 20
legacy_data_table_0559,owner,VARCHAR(80),YES,Column 10 of table legacy_data_table_0559 used for migration from legacy system department 20
legacy_data_table_0559,created_at,TIMESTAMP,YES,Column 11 of table legacy_data_table_0559 used for migration from legacy system department 20
legacy_data_table_0559,updated_at,TIMESTAMP,YES,Column 12 of table legacy_data_table_0559 used for migration from legacy system department 20
legacy_data_table_0560,rec_id,VARCHAR(50),NO,Column 1 of table legacy_data_table_0560 used for migration from legacy system department 1
legacy_data_table_0560,label,VARCHAR(255),NO,Column 2 of table legacy_data_table_0560 used for migration from legacy system department 1
legacy_data_table_0560,code,VARCHAR(100),NO,Column 3 of table legacy_data_table_0560 used for migration from legacy system department 1
legacy_data_table_0560,status,VARCHAR(30),YES,Column 4 of table legacy_data_table_0560 used for migration from legacy system department 1
legacy_data_table_0560,value_num,DECIMAL(18,4),YES,Column 5 of table legacy_data_table_0560 used for migration from legacy system department 1
legacy_data_table_0560,value_str,TEXT,YES,Column 6 of table legacy_data_table_0560 used for migration from legacy system department 1
legacy_data_table_0560,ref_key,VARCHAR(80),YES,Column 7 of table legacy_data_table_0560 used for migration from legacy system department 1
legacy_data_table_0560,date_val,TIMESTAMP,YES,Column 8 of table legacy_data_table_0560 used for migration from legacy system department 1
legacy_data_table_0560,flag,BOOLEAN,YES,Column 9 of table legacy_data_table_0560 used for migration from legacy system department 1
legacy_data_table_0560,owner,VARCHAR(80),YES,Column 10 of table legacy_data_table_0560 used for migration from legacy system department 1
legacy_data_table_0560,created_at,TIMESTAMP,YES,Column 11 of table legacy_data_table_0560 used for migration from legacy system department 1
legacy_data_table_0560,updated_at,TIMESTAMP,YES,Column 12 of table legacy_data_table_0560 used for migration from legacy system department 1
legacy_data_table_0561,rec_id,VARCHAR(50),NO,Column 1 of table legacy_data_table_0561 used for migration from legacy system department 2
legacy_data_table_0561,label,VARCHAR(255),NO,Column 2 of table legacy_data_table_0561 used for migration from legacy system department 2
legacy_data_table_0561,code,VARCHAR(100),NO,Column 3 of table legacy_data_table_0561 used for migration from legacy system department 2
legacy_data_table_0561,status,VARCHAR(30),YES,Column 4 of table legacy_data_table_0561 used for migration from legacy system department 2
legacy_data_table_0561,value_num,DECIMAL(18,4),YES,Column 5 of table legacy_data_table_0561 used for migration from legacy system department 2
legacy_data_table_0561,value_str,TEXT,YES,Column 6 of table legacy_data_table_0561 used for migration from legacy system department 2
legacy_data_table_0561,ref_key,VARCHAR(80),YES,Column 7 of table legacy_data_table_0561 used for migration from legacy system department 2
legacy_data_table_0561,date_val,TIMESTAMP,YES,Column 8 of table legacy_data_table_0561 used for migration from legacy system department 2
legacy_data_table_0561,flag,BOOLEAN,YES,Column 9 of table legacy_data_table_0561 used for migration from legacy system department 2
legacy_data_table_0561,owner,VARCHAR(80),YES,Column 10 of table legacy_data_table_0561 used for migration from legacy system department 2
legacy_data_table_0561,created_at,TIMESTAMP,YES,Column 11 of table legacy_data_table_0561 used for migration from legacy system department 2
legacy_data_table_0561,updated_at,TIMESTAMP,YES,Column 12 of table legacy_data_table_0561 used for migration from legacy system department 2
legacy_data_table_0562,rec_id,VARCHAR(50),NO,Column 1 of table legacy_data_table_0562 used for migration from legacy system department 3
legacy_data_table_0562,label,VARCHAR(255),NO,Column 2 of table legacy_data_table_0562 used for migration from legacy system department 3
legacy_data_table_0562,code,VARCHAR(100),NO,Column 3 of table legacy_data_table_0562 used for migration from legacy system department 3
legacy_data_table_0562,status,VARCHAR(30),YES,Column 4 of table legacy_data_table_0562 used for migration from legacy system department 3
legacy_data_table_0562,value_num,DECIMAL(18,4),YES,Column 5 of table legacy_data_table_0562 used for migration from legacy system department 3
legacy_data_table_0562,value_str,TEXT,YES,Column 6 of table legacy_data_table_0562 used for migration from legacy system department 3
legacy_data_table_0562,ref_key,VARCHAR(80),YES,Column 7 of table legacy_data_table_0562 used for migration from legacy system department 3
legacy_data_table_0562,date_val,TIMESTAMP,YES,Column 8 of table legacy_data_table_0562 used for migration from legacy system department 3
legacy_data_table_0562,flag,BOOLEAN,YES,Column 9 of table legacy_data_table_0562 used for migration from legacy system department 3
legacy_data_table_0562,owner,VARCHAR(80),YES,Column 10 of table legacy_data_table_0562 used for migration from legacy system department 3
legacy_data_table_0562,created_at,TIMESTAMP,YES,Column 11 of table legacy_data_table_0562 used for migration from legacy system department 3
legacy_data_table_0562,updated_at,TIMESTAMP,YES,Column 12 of table legacy_data_table_0562 used for migration from legacy system department 3
legacy_data_table_0563,rec_id,VARCHAR(50),NO,Column 1 of table legacy_data_table_0563 used for migration from legacy system department 4
legacy_data_table_0563,label,VARCHAR(255),NO,Column 2 of table legacy_data_table_0563 used for migration from legacy system department 4
legacy_data_table_0563,code,VARCHAR(100),NO,Column 3 of table legacy_data_table_0563 used for migration from legacy system department 4
legacy_data_table_0563,status,VARCHAR(30),YES,Column 4 of table legacy_data_table_0563 used for migration from legacy system department 4
legacy_data_table_0563,value_num,DECIMAL(18,4),YES,Column 5 of table legacy_data_table_0563 used for migration from legacy system department 4
legacy_data_table_0563,value_str,TEXT,YES,Column 6 of table legacy_data_table_0563 used for migration from legacy system department 4
legacy_data_table_0563,ref_key,VARCHAR(80),YES,Column 7 of table legacy_data_table_0563 used for migration from legacy system department 4
legacy_data_table_0563,date_val,TIMESTAMP,YES,Column 8 of table legacy_data_table_0563 used for migration from legacy system department 4
legacy_data_table_0563,flag,BOOLEAN,YES,Column 9 of table legacy_data_table_0563 used for migration from legacy system department 4
legacy_data_table_0563,owner,VARCHAR(80),YES,Column 10 of table legacy_data_table_0563 used for migration from legacy system department 4
legacy_data_table_0563,created_at,TIMESTAMP,YES,Column 11 of table legacy_data_table_0563 used for migration from legacy system department 4
legacy_data_table_0563,updated_at,TIMESTAMP,YES,Column 12 of table legacy_data_table_0563 used for migration from legacy system department 4
legacy_data_table_0564,rec_id,VARCHAR(50),NO,Column 1 of table legacy_data_table_0564 used for migration from legacy system department 5
legacy_data_table_0564,label,VARCHAR(255),NO,Column 2 of table legacy_data_table_0564 used for migration from legacy system department 5
legacy_data_table_0564,code,VARCHAR(100),NO,Column 3 of table legacy_data_table_0564 used for migration from legacy system department 5
legacy_data_table_0564,status,VARCHAR(30),YES,Column 4 of table legacy_data_table_0564 used for migration from legacy system department 5
legacy_data_table_0564,value_num,DECIMAL(18,4),YES,Column 5 of table legacy_data_table_0564 used for migration from legacy system department 5
legacy_data_table_0564,value_str,TEXT,YES,Column 6 of table legacy_data_table_0564 used for migration from legacy system department 5
legacy_data_table_0564,ref_key,VARCHAR(80),YES,Column 7 of table legacy_data_table_0564 used for migration from legacy system department 5
legacy_data_table_0564,date_val,TIMESTAMP,YES,Column 8 of table legacy_data_table_0564 used for migration from legacy system department 5
legacy_data_table_0564,flag,BOOLEAN,YES,Column 9 of table legacy_data_table_0564 used for migration from legacy system department 5
legacy_data_table_0564,owner,VARCHAR(80),YES,Column 10 of table legacy_data_table_0564 used for migration from legacy system department 5
legacy_data_table_0564,created_at,TIMESTAMP,YES,Column 11 of table legacy_data_table_0564 used for migration from legacy system department 5
legacy_data_table_0564,updated_at,TIMESTAMP,YES,Column 12 of table legacy_data_table_0564 used for migration from legacy system department 5
legacy_data_table_0565,rec_id,VARCHAR(50),NO,Column 1 of table legacy_data_table_0565 used for migration from legacy system department 6
legacy_data_table_0565,label,VARCHAR(255),NO,Column 2 of table legacy_data_table_0565 used for migration from legacy system department 6
legacy_data_table_0565,code,VARCHAR(100),NO,Column 3 of table legacy_data_table_0565 used for migration from legacy system department 6
legacy_data_table_0565,status,VARCHAR(30),YES,Column 4 of table legacy_data_table_0565 used for migration from legacy system department 6
legacy_data_table_0565,value_num,DECIMAL(18,4),YES,Column 5 of table legacy_data_table_0565 used for migration from legacy system department 6
legacy_data_table_0565,value_str,TEXT,YES,Column 6 of table legacy_data_table_0565 used for migration from legacy system department 6
legacy_data_table_0565,ref_key,VARCHAR(80),YES,Column 7 of table legacy_data_table_0565 used for migration from legacy system department 6
legacy_data_table_0565,date_val,TIMESTAMP,YES,Column 8 of table legacy_data_table_0565 used for migration from legacy system department 6
legacy_data_table_0565,flag,BOOLEAN,YES,Column 9 of table legacy_data_table_0565 used for migration from legacy system department 6
legacy_data_table_0565,owner,VARCHAR(80),YES,Column 10 of table legacy_data_table_0565 used for migration from legacy system department 6
legacy_data_table_0565,created_at,TIMESTAMP,YES,Column 11 of table legacy_data_table_0565 used for migration from legacy system department 6
legacy_data_table_0565,updated_at,TIMESTAMP,YES,Column 12 of table legacy_data_table_0565 used for migration from legacy system department 6
legacy_data_table_0566,rec_id,VARCHAR(50),NO,Column 1 of table legacy_data_table_0566 used for migration from legacy system department 7
legacy_data_table_0566,label,VARCHAR(255),NO,Column 2 of table legacy_data_table_0566 used for migration from legacy system department 7
legacy_data_table_0566,code,VARCHAR(100),NO,Column 3 of table legacy_data_table_0566 used for migration from legacy system department 7
legacy_data_table_0566,status,VARCHAR(30),YES,Column 4 of table legacy_data_table_0566 used for migration from legacy system department 7
legacy_data_table_0566,value_num,DECIMAL(18,4),YES,Column 5 of table legacy_data_table_0566 used for migration from legacy system department 7
legacy_data_table_0566,value_str,TEXT,YES,Column 6 of table legacy_data_table_0566 used for migration from legacy system department 7
legacy_data_table_0566,ref_key,VARCHAR(80),YES,Column 7 of table legacy_data_table_0566 used for migration from legacy system department 7
legacy_data_table_0566,date_val,TIMESTAMP,YES,Column 8 of table legacy_data_table_0566 used for migration from legacy system department 7
legacy_data_table_0566,flag,BOOLEAN,YES,Column 9 of table legacy_data_table_0566 used for migration from legacy system department 7
legacy_data_table_0566,owner,VARCHAR(80),YES,Column 10 of table legacy_data_table_0566 used for migration from legacy system department 7
legacy_data_table_0566,created_at,TIMESTAMP,YES,Column 11 of table legacy_data_table_0566 used for migration from legacy system department 7
legacy_data_table_0566,updated_at,TIMESTAMP,YES,Column 12 of table legacy_data_table_0566 used for migration from legacy system department 7
legacy_data_table_0567,rec_id,VARCHAR(50),NO,Column 1 of table legacy_data_table_0567 used for migration from legacy system department 8
legacy_data_table_0567,label,VARCHAR(255),NO,Column 2 of table legacy_data_table_0567 used for migration from legacy system department 8
legacy_data_table_0567,code,VARCHAR(100),NO,Column 3 of table legacy_data_table_0567 used for migration from legacy system department 8
legacy_data_table_0567,status,VARCHAR(30),YES,Column 4 of table legacy_data_table_0567 used for migration from legacy system department 8
legacy_data_table_0567,value_num,DECIMAL(18,4),YES,Column 5 of table legacy_data_table_0567 used for migration from legacy system department 8
legacy_data_table_0567,value_str,TEXT,YES,Column 6 of table legacy_data_table_0567 used for migration from legacy system department 8
legacy_data_table_0567,ref_key,VARCHAR(80),YES,Column 7 of table legacy_data_table_0567 used for migration from legacy system department 8
legacy_data_table_0567,date_val,TIMESTAMP,YES,Column 8 of table legacy_data_table_0567 used for migration from legacy system department 8
legacy_data_table_0567,flag,BOOLEAN,YES,Column 9 of table legacy_data_table_0567 used for migration from legacy system department 8
legacy_data_table_0567,owner,VARCHAR(80),YES,Column 10 of table legacy_data_table_0567 used for migration from legacy system department 8
legacy_data_table_0567,created_at,TIMESTAMP,YES,Column 11 of table legacy_data_table_0567 used for migration from legacy system department 8
legacy_data_table_0567,updated_at,TIMESTAMP,YES,Column 12 of table legacy_data_table_0567 used for migration from legacy system department 8
legacy_data_table_0568,rec_id,VARCHAR(50),NO,Column 1 of table legacy_data_table_0568 used for migration from legacy system department 9
legacy_data_table_0568,label,VARCHAR(255),NO,Column 2 of table legacy_data_table_0568 used for migration from legacy system department 9
legacy_data_table_0568,code,VARCHAR(100),NO,Column 3 of table legacy_data_table_0568 used for migration from legacy system department 9
legacy_data_table_0568,status,VARCHAR(30),YES,Column 4 of table legacy_data_table_0568 used for migration from legacy system department 9
legacy_data_table_0568,value_num,DECIMAL(18,4),YES,Column 5 of table legacy_data_table_0568 used for migration from legacy system department 9
legacy_data_table_0568,value_str,TEXT,YES,Column 6 of table legacy_data_table_0568 used for migration from legacy system department 9
legacy_data_table_0568,ref_key,VARCHAR(80),YES,Column 7 of table legacy_data_table_0568 used for migration from legacy system department 9
legacy_data_table_0568,date_val,TIMESTAMP,YES,Column 8 of table legacy_data_table_0568 used for migration from legacy system department 9
legacy_data_table_0568,flag,BOOLEAN,YES,Column 9 of table legacy_data_table_0568 used for migration from legacy system department 9
legacy_data_table_0568,owner,VARCHAR(80),YES,Column 10 of table legacy_data_table_0568 used for migration from legacy system department 9
legacy_data_table_0568,created_at,TIMESTAMP,YES,Column 11 of table legacy_data_table_0568 used for migration from legacy system department 9
legacy_data_table_0568,updated_at,TIMESTAMP,YES,Column 12 of table legacy_data_table_0568 used for migration from legacy system department 9
legacy_data_table_0569,rec_id,VARCHAR(50),NO,Column 1 of table legacy_data_table_0569 used for migration from legacy system department 10
legacy_data_table_0569,label,VARCHAR(255),NO,Column 2 of table legacy_data_table_0569 used for migration from legacy system department 10
legacy_data_table_0569,code,VARCHAR(100),NO,Column 3 of table legacy_data_table_0569 used for migration from legacy system department 10
legacy_data_table_0569,status,VARCHAR(30),YES,Column 4 of table legacy_data_table_0569 used for migration from legacy system department 10
legacy_data_table_0569,value_num,DECIMAL(18,4),YES,Column 5 of table legacy_data_table_0569 used for migration from legacy system department 10
legacy_data_table_0569,value_str,TEXT,YES,Column 6 of table legacy_data_table_0569 used for migration from legacy system department 10
legacy_data_table_0569,ref_key,VARCHAR(80),YES,Column 7 of table legacy_data_table_0569 used for migration from legacy system department 10
legacy_data_table_0569,date_val,TIMESTAMP,YES,Column 8 of table legacy_data_table_0569 used for migration from legacy system department 10
legacy_data_table_0569,flag,BOOLEAN,YES,Column 9 of table legacy_data_table_0569 used for migration from legacy system department 10
legacy_data_table_0569,owner,VARCHAR(80),YES,Column 10 of table legacy_data_table_0569 used for migration from legacy system department 10
legacy_data_table_0569,created_at,TIMESTAMP,YES,Column 11 of table legacy_data_table_0569 used for migration from legacy system department 10
legacy_data_table_0569,updated_at,TIMESTAMP,YES,Column 12 of table legacy_data_table_0569 used for migration from legacy system department 10
legacy_data_table_0570,rec_id,VARCHAR(50),NO,Column 1 of table legacy_data_table_0570 used for migration from legacy system department 11
legacy_data_table_0570,label,VARCHAR(255),NO,Column 2 of table legacy_data_table_0570 used for migration from legacy system department 11
legacy_data_table_0570,code,VARCHAR(100),NO,Column 3 of table legacy_data_table_0570 used for migration from legacy system department 11
legacy_data_table_0570,status,VARCHAR(30),YES,Column 4 of table legacy_data_table_0570 used for migration from legacy system department 11
legacy_data_table_0570,value_num,DECIMAL(18,4),YES,Column 5 of table legacy_data_table_0570 used for migration from legacy system department 11
legacy_data_table_0570,value_str,TEXT,YES,Column 6 of table legacy_data_table_0570 used for migration from legacy system department 11
legacy_data_table_0570,ref_key,VARCHAR(80),YES,Column 7 of table legacy_data_table_0570 used for migration from legacy system department 11
legacy_data_table_0570,date_val,TIMESTAMP,YES,Column 8 of table legacy_data_table_0570 used for migration from legacy system department 11
legacy_data_table_0570,flag,BOOLEAN,YES,Column 9 of table legacy_data_table_0570 used for migration from legacy system department 11
legacy_data_table_0570,owner,VARCHAR(80),YES,Column 10 of table legacy_data_table_0570 used for migration from legacy system department 11
legacy_data_table_0570,created_at,TIMESTAMP,YES,Column 11 of table legacy_data_table_0570 used for migration from legacy system department 11
legacy_data_table_0570,updated_at,TIMESTAMP,YES,Column 12 of table legacy_data_table_0570 used for migration from legacy system department 11
legacy_data_table_0571,rec_id,VARCHAR(50),NO,Column 1 of table legacy_data_table_0571 used for migration from legacy system department 12
legacy_data_table_0571,label,VARCHAR(255),NO,Column 2 of table legacy_data_table_0571 used for migration from legacy system department 12
legacy_data_table_0571,code,VARCHAR(100),NO,Column 3 of table legacy_data_table_0571 used for migration from legacy system department 12
legacy_data_table_0571,status,VARCHAR(30),YES,Column 4 of table legacy_data_table_0571 used for migration from legacy system department 12
legacy_data_table_0571,value_num,DECIMAL(18,4),YES,Column 5 of table legacy_data_table_0571 used for migration from legacy system department 12
legacy_data_table_0571,value_str,TEXT,YES,Column 6 of table legacy_data_table_0571 used for migration from legacy system department 12
legacy_data_table_0571,ref_key,VARCHAR(80),YES,Column 7 of table legacy_data_table_0571 used for migration from legacy system department 12
legacy_data_table_0571,date_val,TIMESTAMP,YES,Column 8 of table legacy_data_table_0571 used for migration from legacy system department 12
legacy_data_table_0571,flag,BOOLEAN,YES,Column 9 of table legacy_data_table_0571 used for migration from legacy system department 12
legacy_data_table_0571,owner,VARCHAR(80),YES,Column 10 of table legacy_data_table_0571 used for migration from legacy system department 12
legacy_data_table_0571,created_at,TIMESTAMP,YES,Column 11 of table legacy_data_table_0571 used for migration from legacy system department 12
legacy_data_table_0571,updated_at,TIMESTAMP,YES,Column 12 of table legacy_data_table_0571 used for migration from legacy system department 12
legacy_data_table_0572,rec_id,VARCHAR(50),NO,Column 1 of table legacy_data_table_0572 used for migration from legacy system department 13
legacy_data_table_0572,label,VARCHAR(255),NO,Column 2 of table legacy_data_table_0572 used for migration from legacy system department 13
legacy_data_table_0572,code,VARCHAR(100),NO,Column 3 of table legacy_data_table_0572 used for migration from legacy system department 13
legacy_data_table_0572,status,VARCHAR(30),YES,Column 4 of table legacy_data_table_0572 used for migration from legacy system department 13
legacy_data_table_0572,value_num,DECIMAL(18,4),YES,Column 5 of table legacy_data_table_0572 used for migration from legacy system department 13
legacy_data_table_0572,value_str,TEXT,YES,Column 6 of table legacy_data_table_0572 used for migration from legacy system department 13
legacy_data_table_0572,ref_key,VARCHAR(80),YES,Column 7 of table legacy_data_table_0572 used for migration from legacy system department 13
legacy_data_table_0572,date_val,TIMESTAMP,YES,Column 8 of table legacy_data_table_0572 used for migration from legacy system department 13
legacy_data_table_0572,flag,BOOLEAN,YES,Column 9 of table legacy_data_table_0572 used for migration from legacy system department 13
legacy_data_table_0572,owner,VARCHAR(80),YES,Column 10 of table legacy_data_table_0572 used for migration from legacy system department 13
legacy_data_table_0572,created_at,TIMESTAMP,YES,Column 11 of table legacy_data_table_0572 used for migration from legacy system department 13
legacy_data_table_0572,updated_at,TIMESTAMP,YES,Column 12 of table legacy_data_table_0572 used for migration from legacy system department 13
legacy_data_table_0573,rec_id,VARCHAR(50),NO,Column 1 of table legacy_data_table_0573 used for migration from legacy system department 14
legacy_data_table_0573,label,VARCHAR(255),NO,Column 2 of table legacy_data_table_0573 used for migration from legacy system department 14
legacy_data_table_0573,code,VARCHAR(100),NO,Column 3 of table legacy_data_table_0573 used for migration from legacy system department 14
legacy_data_table_0573,status,VARCHAR(30),YES,Column 4 of table legacy_data_table_0573 used for migration from legacy system department 14
legacy_data_table_0573,value_num,DECIMAL(18,4),YES,Column 5 of table legacy_data_table_0573 used for migration from legacy system department 14
legacy_data_table_0573,value_str,TEXT,YES,Column 6 of table legacy_data_table_0573 used for migration from legacy system department 14
legacy_data_table_0573,ref_key,VARCHAR(80),YES,Column 7 of table legacy_data_table_0573 used for migration from legacy system department 14
legacy_data_table_0573,date_val,TIMESTAMP,YES,Column 8 of table legacy_data_table_0573 used for migration from legacy system department 14
legacy_data_table_0573,flag,BOOLEAN,YES,Column 9 of table legacy_data_table_0573 used for migration from legacy system department 14
legacy_data_table_0573,owner,VARCHAR(80),YES,Column 10 of table legacy_data_table_0573 used for migration from legacy system department 14
legacy_data_table_0573,created_at,TIMESTAMP,YES,Column 11 of table legacy_data_table_0573 used for migration from legacy system department 14
legacy_data_table_0573,updated_at,TIMESTAMP,YES,Column 12 of table legacy_data_table_0573 used for migration from legacy system department 14
legacy_data_table_0574,rec_id,VARCHAR(50),NO,Column 1 of table legacy_data_table_0574 used for migration from legacy system department 15
legacy_data_table_0574,label,VARCHAR(255),NO,Column 2 of table legacy_data_table_0574 used for migration from legacy system department 15
legacy_data_table_0574,code,VARCHAR(100),NO,Column 3 of table legacy_data_table_0574 used for migration from legacy system department 15
legacy_data_table_0574,status,VARCHAR(30),YES,Column 4 of table legacy_data_table_0574 used for migration from legacy system department 15
legacy_data_table_0574,value_num,DECIMAL(18,4),YES,Column 5 of table legacy_data_table_0574 used for migration from legacy system department 15
legacy_data_table_0574,value_str,TEXT,YES,Column 6 of table legacy_data_table_0574 used for migration from legacy system department 15
legacy_data_table_0574,ref_key,VARCHAR(80),YES,Column 7 of table legacy_data_table_0574 used for migration from legacy system department 15
legacy_data_table_0574,date_val,TIMESTAMP,YES,Column 8 of table legacy_data_table_0574 used for migration from legacy system department 15
legacy_data_table_0574,flag,BOOLEAN,YES,Column 9 of table legacy_data_table_0574 used for migration from legacy system department 15
legacy_data_table_0574,owner,VARCHAR(80),YES,Column 10 of table legacy_data_table_0574 used for migration from legacy system department 15
legacy_data_table_0574,created_at,TIMESTAMP,YES,Column 11 of table legacy_data_table_0574 used for migration from legacy system department 15
legacy_data_table_0574,updated_at,TIMESTAMP,YES,Column 12 of table legacy_data_table_0574 used for migration from legacy system department 15
legacy_data_table_0575,rec_id,VARCHAR(50),NO,Column 1 of table legacy_data_table_0575 used for migration from legacy system department 16
legacy_data_table_0575,label,VARCHAR(255),NO,Column 2 of table legacy_data_table_0575 used for migration from legacy system department 16
legacy_data_table_0575,code,VARCHAR(100),NO,Column 3 of table legacy_data_table_0575 used for migration from legacy system department 16
legacy_data_table_0575,status,VARCHAR(30),YES,Column 4 of table legacy_data_table_0575 used for migration from legacy system department 16
legacy_data_table_0575,value_num,DECIMAL(18,4),YES,Column 5 of table legacy_data_table_0575 used for migration from legacy system department 16
legacy_data_table_0575,value_str,TEXT,YES,Column 6 of table legacy_data_table_0575 used for migration from legacy system department 16
legacy_data_table_0575,ref_key,VARCHAR(80),YES,Column 7 of table legacy_data_table_0575 used for migration from legacy system department 16
legacy_data_table_0575,date_val,TIMESTAMP,YES,Column 8 of table legacy_data_table_0575 used for migration from legacy system department 16
legacy_data_table_0575,flag,BOOLEAN,YES,Column 9 of table legacy_data_table_0575 used for migration from legacy system department 16
legacy_data_table_0575,owner,VARCHAR(80),YES,Column 10 of table legacy_data_table_0575 used for migration from legacy system department 16
legacy_data_table_0575,created_at,TIMESTAMP,YES,Column 11 of table legacy_data_table_0575 used for migration from legacy system department 16
legacy_data_table_0575,updated_at,TIMESTAMP,YES,Column 12 of table legacy_data_table_0575 used for migration from legacy system department 16
legacy_data_table_0576,rec_id,VARCHAR(50),NO,Column 1 of table legacy_data_table_0576 used for migration from legacy system department 17
legacy_data_table_0576,label,VARCHAR(255),NO,Column 2 of table legacy_data_table_0576 used for migration from legacy system department 17
legacy_data_table_0576,code,VARCHAR(100),NO,Column 3 of table legacy_data_table_0576 used for migration from legacy system department 17
legacy_data_table_0576,status,VARCHAR(30),YES,Column 4 of table legacy_data_table_0576 used for migration from legacy system department 17
legacy_data_table_0576,value_num,DECIMAL(18,4),YES,Column 5 of table legacy_data_table_0576 used for migration from legacy system department 17
legacy_data_table_0576,value_str,TEXT,YES,Column 6 of table legacy_data_table_0576 used for migration from legacy system department 17
legacy_data_table_0576,ref_key,VARCHAR(80),YES,Column 7 of table legacy_data_table_0576 used for migration from legacy system department 17
legacy_data_table_0576,date_val,TIMESTAMP,YES,Column 8 of table legacy_data_table_0576 used for migration from legacy system department 17
legacy_data_table_0576,flag,BOOLEAN,YES,Column 9 of table legacy_data_table_0576 used for migration from legacy system department 17
legacy_data_table_0576,owner,VARCHAR(80),YES,Column 10 of table legacy_data_table_0576 used for migration from legacy system department 17
legacy_data_table_0576,created_at,TIMESTAMP,YES,Column 11 of table legacy_data_table_0576 used for migration from legacy system department 17
legacy_data_table_0576,updated_at,TIMESTAMP,YES,Column 12 of table legacy_data_table_0576 used for migration from legacy system department 17
legacy_data_table_0577,rec_id,VARCHAR(50),NO,Column 1 of table legacy_data_table_0577 used for migration from legacy system department 18
legacy_data_table_0577,label,VARCHAR(255),NO,Column 2 of table legacy_data_table_0577 used for migration from legacy system department 18
legacy_data_table_0577,code,VARCHAR(100),NO,Column 3 of table legacy_data_table_0577 used for migration from legacy system department 18
legacy_data_table_0577,status,VARCHAR(30),YES,Column 4 of table legacy_data_table_0577 used for migration from legacy system department 18
legacy_data_table_0577,value_num,DECIMAL(18,4),YES,Column 5 of table legacy_data_table_0577 used for migration from legacy system department 18
legacy_data_table_0577,value_str,TEXT,YES,Column 6 of table legacy_data_table_0577 used for migration from legacy system department 18
legacy_data_table_0577,ref_key,VARCHAR(80),YES,Column 7 of table legacy_data_table_0577 used for migration from legacy system department 18
legacy_data_table_0577,date_val,TIMESTAMP,YES,Column 8 of table legacy_data_table_0577 used for migration from legacy system department 18
legacy_data_table_0577,flag,BOOLEAN,YES,Column 9 of table legacy_data_table_0577 used for migration from legacy system department 18
legacy_data_table_0577,owner,VARCHAR(80),YES,Column 10 of table legacy_data_table_0577 used for migration from legacy system department 18
legacy_data_table_0577,created_at,TIMESTAMP,YES,Column 11 of table legacy_data_table_0577 used for migration from legacy system department 18
legacy_data_table_0577,updated_at,TIMESTAMP,YES,Column 12 of table legacy_data_table_0577 used for migration from legacy system department 18
legacy_data_table_0578,rec_id,VARCHAR(50),NO,Column 1 of table legacy_data_table_0578 used for migration from legacy system department 19
legacy_data_table_0578,label,VARCHAR(255),NO,Column 2 of table legacy_data_table_0578 used for migration from legacy system department 19
legacy_data_table_0578,code,VARCHAR(100),NO,Column 3 of table legacy_data_table_0578 used for migration from legacy system department 19
legacy_data_table_0578,status,VARCHAR(30),YES,Column 4 of table legacy_data_table_0578 used for migration from legacy system department 19
legacy_data_table_0578,value_num,DECIMAL(18,4),YES,Column 5 of table legacy_data_table_0578 used for migration from legacy system department 19
legacy_data_table_0578,value_str,TEXT,YES,Column 6 of table legacy_data_table_0578 used for migration from legacy system department 19
legacy_data_table_0578,ref_key,VARCHAR(80),YES,Column 7 of table legacy_data_table_0578 used for migration from legacy system department 19
legacy_data_table_0578,date_val,TIMESTAMP,YES,Column 8 of table legacy_data_table_0578 used for migration from legacy system department 19
legacy_data_table_0578,flag,BOOLEAN,YES,Column 9 of table legacy_data_table_0578 used for migration from legacy system department 19
legacy_data_table_0578,owner,VARCHAR(80),YES,Column 10 of table legacy_data_table_0578 used for migration from legacy system department 19
legacy_data_table_0578,created_at,TIMESTAMP,YES,Column 11 of table legacy_data_table_0578 used for migration from legacy system department 19
legacy_data_table_0578,updated_at,TIMESTAMP,YES,Column 12 of table legacy_data_table_0578 used for migration from legacy system department 19
legacy_data_table_0579,rec_id,VARCHAR(50),NO,Column 1 of table legacy_data_table_0579 used for migration from legacy system department 20
legacy_data_table_0579,label,VARCHAR(255),NO,Column 2 of table legacy_data_table_0579 used for migration from legacy system department 20
legacy_data_table_0579,code,VARCHAR(100),NO,Column 3 of table legacy_data_table_0579 used for migration from legacy system department 20
legacy_data_table_0579,status,VARCHAR(30),YES,Column 4 of table legacy_data_table_0579 used for migration from legacy system department 20
legacy_data_table_0579,value_num,DECIMAL(18,4),YES,Column 5 of table legacy_data_table_0579 used for migration from legacy system department 20
legacy_data_table_0579,value_str,TEXT,YES,Column 6 of table legacy_data_table_0579 used for migration from legacy system department 20
legacy_data_table_0579,ref_key,VARCHAR(80),YES,Column 7 of table legacy_data_table_0579 used for migration from legacy system department 20
legacy_data_table_0579,date_val,TIMESTAMP,YES,Column 8 of table legacy_data_table_0579 used for migration from legacy system department 20
legacy_data_table_0579,flag,BOOLEAN,YES,Column 9 of table legacy_data_table_0579 used for migration from legacy system department 20
legacy_data_table_0579,owner,VARCHAR(80),YES,Column 10 of table legacy_data_table_0579 used for migration from legacy system department 20
legacy_data_table_0579,created_at,TIMESTAMP,YES,Column 11 of table legacy_data_table_0579 used for migration from legacy system department 20
legacy_data_table_0579,updated_at,TIMESTAMP,YES,Column 12 of table legacy_data_table_0579 used for migration from legacy system department 20
legacy_data_table_0580,rec_id,VARCHAR(50),NO,Column 1 of table legacy_data_table_0580 used for migration from legacy system department 1
legacy_data_table_0580,label,VARCHAR(255),NO,Column 2 of table legacy_data_table_0580 used for migration from legacy system department 1
legacy_data_table_0580,code,VARCHAR(100),NO,Column 3 of table legacy_data_table_0580 used for migration from legacy system department 1
legacy_data_table_0580,status,VARCHAR(30),YES,Column 4 of table legacy_data_table_0580 used for migration from legacy system department 1
legacy_data_table_0580,value_num,DECIMAL(18,4),YES,Column 5 of table legacy_data_table_0580 used for migration from legacy system department 1
legacy_data_table_0580,value_str,TEXT,YES,Column 6 of table legacy_data_table_0580 used for migration from legacy system department 1
legacy_data_table_0580,ref_key,VARCHAR(80),YES,Column 7 of table legacy_data_table_0580 used for migration from legacy system department 1
legacy_data_table_0580,date_val,TIMESTAMP,YES,Column 8 of table legacy_data_table_0580 used for migration from legacy system department 1
legacy_data_table_0580,flag,BOOLEAN,YES,Column 9 of table legacy_data_table_0580 used for migration from legacy system department 1
legacy_data_table_0580,owner,VARCHAR(80),YES,Column 10 of table legacy_data_table_0580 used for migration from legacy system department 1
legacy_data_table_0580,created_at,TIMESTAMP,YES,Column 11 of table legacy_data_table_0580 used for migration from legacy system department 1
legacy_data_table_0580,updated_at,TIMESTAMP,YES,Column 12 of table legacy_data_table_0580 used for migration from legacy system department 1
legacy_data_table_0581,rec_id,VARCHAR(50),NO,Column 1 of table legacy_data_table_0581 used for migration from legacy system department 2
legacy_data_table_0581,label,VARCHAR(255),NO,Column 2 of table legacy_data_table_0581 used for migration from legacy system department 2
legacy_data_table_0581,code,VARCHAR(100),NO,Column 3 of table legacy_data_table_0581 used for migration from legacy system department 2
legacy_data_table_0581,status,VARCHAR(30),YES,Column 4 of table legacy_data_table_0581 used for migration from legacy system department 2
legacy_data_table_0581,value_num,DECIMAL(18,4),YES,Column 5 of table legacy_data_table_0581 used for migration from legacy system department 2
legacy_data_table_0581,value_str,TEXT,YES,Column 6 of table legacy_data_table_0581 used for migration from legacy system department 2
legacy_data_table_0581,ref_key,VARCHAR(80),YES,Column 7 of table legacy_data_table_0581 used for migration from legacy system department 2
legacy_data_table_0581,date_val,TIMESTAMP,YES,Column 8 of table legacy_data_table_0581 used for migration from legacy system department 2
legacy_data_table_0581,flag,BOOLEAN,YES,Column 9 of table legacy_data_table_0581 used for migration from legacy system department 2
legacy_data_table_0581,owner,VARCHAR(80),YES,Column 10 of table legacy_data_table_0581 used for migration from legacy system department 2
legacy_data_table_0581,created_at,TIMESTAMP,YES,Column 11 of table legacy_data_table_0581 used for migration from legacy system department 2
legacy_data_table_0581,updated_at,TIMESTAMP,YES,Column 12 of table legacy_data_table_0581 used for migration from legacy system department 2
legacy_data_table_0582,rec_id,VARCHAR(50),NO,Column 1 of table legacy_data_table_0582 used for migration from legacy system department 3
legacy_data_table_0582,label,VARCHAR(255),NO,Column 2 of table legacy_data_table_0582 used for migration from legacy system department 3
legacy_data_table_0582,code,VARCHAR(100),NO,Column 3 of table legacy_data_table_0582 used for migration from legacy system department 3
legacy_data_table_0582,status,VARCHAR(30),YES,Column 4 of table legacy_data_table_0582 used for migration from legacy system department 3
legacy_data_table_0582,value_num,DECIMAL(18,4),YES,Column 5 of table legacy_data_table_0582 used for migration from legacy system department 3
legacy_data_table_0582,value_str,TEXT,YES,Column 6 of table legacy_data_table_0582 used for migration from legacy system department 3
legacy_data_table_0582,ref_key,VARCHAR(80),YES,Column 7 of table legacy_data_table_0582 used for migration from legacy system department 3
legacy_data_table_0582,date_val,TIMESTAMP,YES,Column 8 of table legacy_data_table_0582 used for migration from legacy system department 3
legacy_data_table_0582,flag,BOOLEAN,YES,Column 9 of table legacy_data_table_0582 used for migration from legacy system department 3
legacy_data_table_0582,owner,VARCHAR(80),YES,Column 10 of table legacy_data_table_0582 used for migration from legacy system department 3
legacy_data_table_0582,created_at,TIMESTAMP,YES,Column 11 of table legacy_data_table_0582 used for migration from legacy system department 3
legacy_data_table_0582,updated_at,TIMESTAMP,YES,Column 12 of table legacy_data_table_0582 used for migration from legacy system department 3
legacy_data_table_0583,rec_id,VARCHAR(50),NO,Column 1 of table legacy_data_table_0583 used for migration from legacy system department 4
legacy_data_table_0583,label,VARCHAR(255),NO,Column 2 of table legacy_data_table_0583 used for migration from legacy system department 4
legacy_data_table_0583,code,VARCHAR(100),NO,Column 3 of table legacy_data_table_0583 used for migration from legacy system department 4
legacy_data_table_0583,status,VARCHAR(30),YES,Column 4 of table legacy_data_table_0583 used for migration from legacy system department 4
legacy_data_table_0583,value_num,DECIMAL(18,4),YES,Column 5 of table legacy_data_table_0583 used for migration from legacy system department 4
legacy_data_table_0583,value_str,TEXT,YES,Column 6 of table legacy_data_table_0583 used for migration from legacy system department 4
legacy_data_table_0583,ref_key,VARCHAR(80),YES,Column 7 of table legacy_data_table_0583 used for migration from legacy system department 4
legacy_data_table_0583,date_val,TIMESTAMP,YES,Column 8 of table legacy_data_table_0583 used for migration from legacy system department 4
legacy_data_table_0583,flag,BOOLEAN,YES,Column 9 of table legacy_data_table_0583 used for migration from legacy system department 4
legacy_data_table_0583,owner,VARCHAR(80),YES,Column 10 of table legacy_data_table_0583 used for migration from legacy system department 4
legacy_data_table_0583,created_at,TIMESTAMP,YES,Column 11 of table legacy_data_table_0583 used for migration from legacy system department 4
legacy_data_table_0583,updated_at,TIMESTAMP,YES,Column 12 of table legacy_data_table_0583 used for migration from legacy system department 4
legacy_data_table_0584,rec_id,VARCHAR(50),NO,Column 1 of table legacy_data_table_0584 used for migration from legacy system department 5
legacy_data_table_0584,label,VARCHAR(255),NO,Column 2 of table legacy_data_table_0584 used for migration from legacy system department 5
legacy_data_table_0584,code,VARCHAR(100),NO,Column 3 of table legacy_data_table_0584 used for migration from legacy system department 5
legacy_data_table_0584,status,VARCHAR(30),YES,Column 4 of table legacy_data_table_0584 used for migration from legacy system department 5
legacy_data_table_0584,value_num,DECIMAL(18,4),YES,Column 5 of table legacy_data_table_0584 used for migration from legacy system department 5
legacy_data_table_0584,value_str,TEXT,YES,Column 6 of table legacy_data_table_0584 used for migration from legacy system department 5
legacy_data_table_0584,ref_key,VARCHAR(80),YES,Column 7 of table legacy_data_table_0584 used for migration from legacy system department 5
legacy_data_table_0584,date_val,TIMESTAMP,YES,Column 8 of table legacy_data_table_0584 used for migration from legacy system department 5
legacy_data_table_0584,flag,BOOLEAN,YES,Column 9 of table legacy_data_table_0584 used for migration from legacy system department 5
legacy_data_table_0584,owner,VARCHAR(80),YES,Column 10 of table legacy_data_table_0584 used for migration from legacy system department 5
legacy_data_table_0584,created_at,TIMESTAMP,YES,Column 11 of table legacy_data_table_0584 used for migration from legacy system department 5
legacy_data_table_0584,updated_at,TIMESTAMP,YES,Column 12 of table legacy_data_table_0584 used for migration from legacy system department 5
legacy_data_table_0585,rec_id,VARCHAR(50),NO,Column 1 of table legacy_data_table_0585 used for migration from legacy system department 6
legacy_data_table_0585,label,VARCHAR(255),NO,Column 2 of table legacy_data_table_0585 used for migration from legacy system department 6
legacy_data_table_0585,code,VARCHAR(100),NO,Column 3 of table legacy_data_table_0585 used for migration from legacy system department 6
legacy_data_table_0585,status,VARCHAR(30),YES,Column 4 of table legacy_data_table_0585 used for migration from legacy system department 6
legacy_data_table_0585,value_num,DECIMAL(18,4),YES,Column 5 of table legacy_data_table_0585 used for migration from legacy system department 6
legacy_data_table_0585,value_str,TEXT,YES,Column 6 of table legacy_data_table_0585 used for migration from legacy system department 6
legacy_data_table_0585,ref_key,VARCHAR(80),YES,Column 7 of table legacy_data_table_0585 used for migration from legacy system department 6
legacy_data_table_0585,date_val,TIMESTAMP,YES,Column 8 of table legacy_data_table_0585 used for migration from legacy system department 6
legacy_data_table_0585,flag,BOOLEAN,YES,Column 9 of table legacy_data_table_0585 used for migration from legacy system department 6
legacy_data_table_0585,owner,VARCHAR(80),YES,Column 10 of table legacy_data_table_0585 used for migration from legacy system department 6
legacy_data_table_0585,created_at,TIMESTAMP,YES,Column 11 of table legacy_data_table_0585 used for migration from legacy system department 6
legacy_data_table_0585,updated_at,TIMESTAMP,YES,Column 12 of table legacy_data_table_0585 used for migration from legacy system department 6
legacy_data_table_0586,rec_id,VARCHAR(50),NO,Column 1 of table legacy_data_table_0586 used for migration from legacy system department 7
legacy_data_table_0586,label,VARCHAR(255),NO,Column 2 of table legacy_data_table_0586 used for migration from legacy system department 7
legacy_data_table_0586,code,VARCHAR(100),NO,Column 3 of table legacy_data_table_0586 used for migration from legacy system department 7
legacy_data_table_0586,status,VARCHAR(30),YES,Column 4 of table legacy_data_table_0586 used for migration from legacy system department 7
legacy_data_table_0586,value_num,DECIMAL(18,4),YES,Column 5 of table legacy_data_table_0586 used for migration from legacy system department 7
legacy_data_table_0586,value_str,TEXT,YES,Column 6 of table legacy_data_table_0586 used for migration from legacy system department 7
legacy_data_table_0586,ref_key,VARCHAR(80),YES,Column 7 of table legacy_data_table_0586 used for migration from legacy system department 7
legacy_data_table_0586,date_val,TIMESTAMP,YES,Column 8 of table legacy_data_table_0586 used for migration from legacy system department 7
legacy_data_table_0586,flag,BOOLEAN,YES,Column 9 of table legacy_data_table_0586 used for migration from legacy system department 7
legacy_data_table_0586,owner,VARCHAR(80),YES,Column 10 of table legacy_data_table_0586 used for migration from legacy system department 7
legacy_data_table_0586,created_at,TIMESTAMP,YES,Column 11 of table legacy_data_table_0586 used for migration from legacy system department 7
legacy_data_table_0586,updated_at,TIMESTAMP,YES,Column 12 of table legacy_data_table_0586 used for migration from legacy system department 7
legacy_data_table_0587,rec_id,VARCHAR(50),NO,Column 1 of table legacy_data_table_0587 used for migration from legacy system department 8
legacy_data_table_0587,label,VARCHAR(255),NO,Column 2 of table legacy_data_table_0587 used for migration from legacy system department 8
legacy_data_table_0587,code,VARCHAR(100),NO,Column 3 of table legacy_data_table_0587 used for migration from legacy system department 8
legacy_data_table_0587,status,VARCHAR(30),YES,Column 4 of table legacy_data_table_0587 used for migration from legacy system department 8
legacy_data_table_0587,value_num,DECIMAL(18,4),YES,Column 5 of table legacy_data_table_0587 used for migration from legacy system department 8
legacy_data_table_0587,value_str,TEXT,YES,Column 6 of table legacy_data_table_0587 used for migration from legacy system department 8
legacy_data_table_0587,ref_key,VARCHAR(80),YES,Column 7 of table legacy_data_table_0587 used for migration from legacy system department 8
legacy_data_table_0587,date_val,TIMESTAMP,YES,Column 8 of table legacy_data_table_0587 used for migration from legacy system department 8
legacy_data_table_0587,flag,BOOLEAN,YES,Column 9 of table legacy_data_table_0587 used for migration from legacy system department 8
legacy_data_table_0587,owner,VARCHAR(80),YES,Column 10 of table legacy_data_table_0587 used for migration from legacy system department 8
legacy_data_table_0587,created_at,TIMESTAMP,YES,Column 11 of table legacy_data_table_0587 used for migration from legacy system department 8
legacy_data_table_0587,updated_at,TIMESTAMP,YES,Column 12 of table legacy_data_table_0587 used for migration from legacy system department 8
legacy_data_table_0588,rec_id,VARCHAR(50),NO,Column 1 of table legacy_data_table_0588 used for migration from legacy system department 9
legacy_data_table_0588,label,VARCHAR(255),NO,Column 2 of table legacy_data_table_0588 used for migration from legacy system department 9
legacy_data_table_0588,code,VARCHAR(100),NO,Column 3 of table legacy_data_table_0588 used for migration from legacy system department 9
legacy_data_table_0588,status,VARCHAR(30),YES,Column 4 of table legacy_data_table_0588 used for migration from legacy system department 9
legacy_data_table_0588,value_num,DECIMAL(18,4),YES,Column 5 of table legacy_data_table_0588 used for migration from legacy system department 9
legacy_data_table_0588,value_str,TEXT,YES,Column 6 of table legacy_data_table_0588 used for migration from legacy system department 9
legacy_data_table_0588,ref_key,VARCHAR(80),YES,Column 7 of table legacy_data_table_0588 used for migration from legacy system department 9
legacy_data_table_0588,date_val,TIMESTAMP,YES,Column 8 of table legacy_data_table_0588 used for migration from legacy system department 9
legacy_data_table_0588,flag,BOOLEAN,YES,Column 9 of table legacy_data_table_0588 used for migration from legacy system department 9
legacy_data_table_0588,owner,VARCHAR(80),YES,Column 10 of table legacy_data_table_0588 used for migration from legacy system department 9
legacy_data_table_0588,created_at,TIMESTAMP,YES,Column 11 of table legacy_data_table_0588 used for migration from legacy system department 9
legacy_data_table_0588,updated_at,TIMESTAMP,YES,Column 12 of table legacy_data_table_0588 used for migration from legacy system department 9
legacy_data_table_0589,rec_id,VARCHAR(50),NO,Column 1 of table legacy_data_table_0589 used for migration from legacy system department 10
legacy_data_table_0589,label,VARCHAR(255),NO,Column 2 of table legacy_data_table_0589 used for migration from legacy system department 10
legacy_data_table_0589,code,VARCHAR(100),NO,Column 3 of table legacy_data_table_0589 used for migration from legacy system department 10
legacy_data_table_0589,status,VARCHAR(30),YES,Column 4 of table legacy_data_table_0589 used for migration from legacy system department 10
legacy_data_table_0589,value_num,DECIMAL(18,4),YES,Column 5 of table legacy_data_table_0589 used for migration from legacy system department 10
legacy_data_table_0589,value_str,TEXT,YES,Column 6 of table legacy_data_table_0589 used for migration from legacy system department 10
legacy_data_table_0589,ref_key,VARCHAR(80),YES,Column 7 of table legacy_data_table_0589 used for migration from legacy system department 10
legacy_data_table_0589,date_val,TIMESTAMP,YES,Column 8 of table legacy_data_table_0589 used for migration from legacy system department 10
legacy_data_table_0589,flag,BOOLEAN,YES,Column 9 of table legacy_data_table_0589 used for migration from legacy system department 10
legacy_data_table_0589,owner,VARCHAR(80),YES,Column 10 of table legacy_data_table_0589 used for migration from legacy system department 10
legacy_data_table_0589,created_at,TIMESTAMP,YES,Column 11 of table legacy_data_table_0589 used for migration from legacy system department 10
legacy_data_table_0589,updated_at,TIMESTAMP,YES,Column 12 of table legacy_data_table_0589 used for migration from legacy system department 10
legacy_data_table_0590,rec_id,VARCHAR(50),NO,Column 1 of table legacy_data_table_0590 used for migration from legacy system department 11
legacy_data_table_0590,label,VARCHAR(255),NO,Column 2 of table legacy_data_table_0590 used for migration from legacy system department 11
legacy_data_table_0590,code,VARCHAR(100),NO,Column 3 of table legacy_data_table_0590 used for migration from legacy system department 11
legacy_data_table_0590,status,VARCHAR(30),YES,Column 4 of table legacy_data_table_0590 used for migration from legacy system department 11
legacy_data_table_0590,value_num,DECIMAL(18,4),YES,Column 5 of table legacy_data_table_0590 used for migration from legacy system department 11
legacy_data_table_0590,value_str,TEXT,YES,Column 6 of table legacy_data_table_0590 used for migration from legacy system department 11
legacy_data_table_0590,ref_key,VARCHAR(80),YES,Column 7 of table legacy_data_table_0590 used for migration from legacy system department 11
legacy_data_table_0590,date_val,TIMESTAMP,YES,Column 8 of table legacy_data_table_0590 used for migration from legacy system department 11
legacy_data_table_0590,flag,BOOLEAN,YES,Column 9 of table legacy_data_table_0590 used for migration from legacy system department 11
legacy_data_table_0590,owner,VARCHAR(80),YES,Column 10 of table legacy_data_table_0590 used for migration from legacy system department 11
legacy_data_table_0590,created_at,TIMESTAMP,YES,Column 11 of table legacy_data_table_0590 used for migration from legacy system department 11
legacy_data_table_0590,updated_at,TIMESTAMP,YES,Column 12 of table legacy_data_table_0590 used for migration from legacy system department 11
legacy_data_table_0591,rec_id,VARCHAR(50),NO,Column 1 of table legacy_data_table_0591 used for migration from legacy system department 12
legacy_data_table_0591,label,VARCHAR(255),NO,Column 2 of table legacy_data_table_0591 used for migration from legacy system department 12
legacy_data_table_0591,code,VARCHAR(100),NO,Column 3 of table legacy_data_table_0591 used for migration from legacy system department 12
legacy_data_table_0591,status,VARCHAR(30),YES,Column 4 of table legacy_data_table_0591 used for migration from legacy system department 12
legacy_data_table_0591,value_num,DECIMAL(18,4),YES,Column 5 of table legacy_data_table_0591 used for migration from legacy system department 12
legacy_data_table_0591,value_str,TEXT,YES,Column 6 of table legacy_data_table_0591 used for migration from legacy system department 12
legacy_data_table_0591,ref_key,VARCHAR(80),YES,Column 7 of table legacy_data_table_0591 used for migration from legacy system department 12
legacy_data_table_0591,date_val,TIMESTAMP,YES,Column 8 of table legacy_data_table_0591 used for migration from legacy system department 12
legacy_data_table_0591,flag,BOOLEAN,YES,Column 9 of table legacy_data_table_0591 used for migration from legacy system department 12
legacy_data_table_0591,owner,VARCHAR(80),YES,Column 10 of table legacy_data_table_0591 used for migration from legacy system department 12
legacy_data_table_0591,created_at,TIMESTAMP,YES,Column 11 of table legacy_data_table_0591 used for migration from legacy system department 12
legacy_data_table_0591,updated_at,TIMESTAMP,YES,Column 12 of table legacy_data_table_0591 used for migration from legacy system department 12
legacy_data_table_0592,rec_id,VARCHAR(50),NO,Column 1 of table legacy_data_table_0592 used for migration from legacy system department 13
legacy_data_table_0592,label,VARCHAR(255),NO,Column 2 of table legacy_data_table_0592 used for migration from legacy system department 13
legacy_data_table_0592,code,VARCHAR(100),NO,Column 3 of table legacy_data_table_0592 used for migration from legacy system department 13
legacy_data_table_0592,status,VARCHAR(30),YES,Column 4 of table legacy_data_table_0592 used for migration from legacy system department 13
legacy_data_table_0592,value_num,DECIMAL(18,4),YES,Column 5 of table legacy_data_table_0592 used for migration from legacy system department 13
legacy_data_table_0592,value_str,TEXT,YES,Column 6 of table legacy_data_table_0592 used for migration from legacy system department 13
legacy_data_table_0592,ref_key,VARCHAR(80),YES,Column 7 of table legacy_data_table_0592 used for migration from legacy system department 13
legacy_data_table_0592,date_val,TIMESTAMP,YES,Column 8 of table legacy_data_table_0592 used for migration from legacy system department 13
legacy_data_table_0592,flag,BOOLEAN,YES,Column 9 of table legacy_data_table_0592 used for migration from legacy system department 13
legacy_data_table_0592,owner,VARCHAR(80),YES,Column 10 of table legacy_data_table_0592 used for migration from legacy system department 13
legacy_data_table_0592,created_at,TIMESTAMP,YES,Column 11 of table legacy_data_table_0592 used for migration from legacy system department 13
legacy_data_table_0592,updated_at,TIMESTAMP,YES,Column 12 of table legacy_data_table_0592 used for migration from legacy system department 13
legacy_data_table_0593,rec_id,VARCHAR(50),NO,Column 1 of table legacy_data_table_0593 used for migration from legacy system department 14
legacy_data_table_0593,label,VARCHAR(255),NO,Column 2 of table legacy_data_table_0593 used for migration from legacy system department 14
legacy_data_table_0593,code,VARCHAR(100),NO,Column 3 of table legacy_data_table_0593 used for migration from legacy system department 14
legacy_data_table_0593,status,VARCHAR(30),YES,Column 4 of table legacy_data_table_0593 used for migration from legacy system department 14
legacy_data_table_0593,value_num,DECIMAL(18,4),YES,Column 5 of table legacy_data_table_0593 used for migration from legacy system department 14
legacy_data_table_0593,value_str,TEXT,YES,Column 6 of table legacy_data_table_0593 used for migration from legacy system department 14
legacy_data_table_0593,ref_key,VARCHAR(80),YES,Column 7 of table legacy_data_table_0593 used for migration from legacy system department 14
legacy_data_table_0593,date_val,TIMESTAMP,YES,Column 8 of table legacy_data_table_0593 used for migration from legacy system department 14
legacy_data_table_0593,flag,BOOLEAN,YES,Column 9 of table legacy_data_table_0593 used for migration from legacy system department 14
legacy_data_table_0593,owner,VARCHAR(80),YES,Column 10 of table legacy_data_table_0593 used for migration from legacy system department 14
legacy_data_table_0593,created_at,TIMESTAMP,YES,Column 11 of table legacy_data_table_0593 used for migration from legacy system department 14
legacy_data_table_0593,updated_at,TIMESTAMP,YES,Column 12 of table legacy_data_table_0593 used for migration from legacy system department 14
legacy_data_table_0594,rec_id,VARCHAR(50),NO,Column 1 of table legacy_data_table_0594 used for migration from legacy system department 15
legacy_data_table_0594,label,VARCHAR(255),NO,Column 2 of table legacy_data_table_0594 used for migration from legacy system department 15
legacy_data_table_0594,code,VARCHAR(100),NO,Column 3 of table legacy_data_table_0594 used for migration from legacy system department 15
legacy_data_table_0594,status,VARCHAR(30),YES,Column 4 of table legacy_data_table_0594 used for migration from legacy system department 15
legacy_data_table_0594,value_num,DECIMAL(18,4),YES,Column 5 of table legacy_data_table_0594 used for migration from legacy system department 15
legacy_data_table_0594,value_str,TEXT,YES,Column 6 of table legacy_data_table_0594 used for migration from legacy system department 15
legacy_data_table_0594,ref_key,VARCHAR(80),YES,Column 7 of table legacy_data_table_0594 used for migration from legacy system department 15
legacy_data_table_0594,date_val,TIMESTAMP,YES,Column 8 of table legacy_data_table_0594 used for migration from legacy system department 15
legacy_data_table_0594,flag,BOOLEAN,YES,Column 9 of table legacy_data_table_0594 used for migration from legacy system department 15
legacy_data_table_0594,owner,VARCHAR(80),YES,Column 10 of table legacy_data_table_0594 used for migration from legacy system department 15
legacy_data_table_0594,created_at,TIMESTAMP,YES,Column 11 of table legacy_data_table_0594 used for migration from legacy system department 15
legacy_data_table_0594,updated_at,TIMESTAMP,YES,Column 12 of table legacy_data_table_0594 used for migration from legacy system department 15
legacy_data_table_0595,rec_id,VARCHAR(50),NO,Column 1 of table legacy_data_table_0595 used for migration from legacy system department 16
legacy_data_table_0595,label,VARCHAR(255),NO,Column 2 of table legacy_data_table_0595 used for migration from legacy system department 16
legacy_data_table_0595,code,VARCHAR(100),NO,Column 3 of table legacy_data_table_0595 used for migration from legacy system department 16
legacy_data_table_0595,status,VARCHAR(30),YES,Column 4 of table legacy_data_table_0595 used for migration from legacy system department 16
legacy_data_table_0595,value_num,DECIMAL(18,4),YES,Column 5 of table legacy_data_table_0595 used for migration from legacy system department 16
legacy_data_table_0595,value_str,TEXT,YES,Column 6 of table legacy_data_table_0595 used for migration from legacy system department 16
legacy_data_table_0595,ref_key,VARCHAR(80),YES,Column 7 of table legacy_data_table_0595 used for migration from legacy system department 16
legacy_data_table_0595,date_val,TIMESTAMP,YES,Column 8 of table legacy_data_table_0595 used for migration from legacy system department 16
legacy_data_table_0595,flag,BOOLEAN,YES,Column 9 of table legacy_data_table_0595 used for migration from legacy system department 16
legacy_data_table_0595,owner,VARCHAR(80),YES,Column 10 of table legacy_data_table_0595 used for migration from legacy system department 16
legacy_data_table_0595,created_at,TIMESTAMP,YES,Column 11 of table legacy_data_table_0595 used for migration from legacy system department 16
legacy_data_table_0595,updated_at,TIMESTAMP,YES,Column 12 of table legacy_data_table_0595 used for migration from legacy system department 16
legacy_data_table_0596,rec_id,VARCHAR(50),NO,Column 1 of table legacy_data_table_0596 used for migration from legacy system department 17
legacy_data_table_0596,label,VARCHAR(255),NO,Column 2 of table legacy_data_table_0596 used for migration from legacy system department 17
legacy_data_table_0596,code,VARCHAR(100),NO,Column 3 of table legacy_data_table_0596 used for migration from legacy system department 17
legacy_data_table_0596,status,VARCHAR(30),YES,Column 4 of table legacy_data_table_0596 used for migration from legacy system department 17
legacy_data_table_0596,value_num,DECIMAL(18,4),YES,Column 5 of table legacy_data_table_0596 used for migration from legacy system department 17
legacy_data_table_0596,value_str,TEXT,YES,Column 6 of table legacy_data_table_0596 used for migration from legacy system department 17
legacy_data_table_0596,ref_key,VARCHAR(80),YES,Column 7 of table legacy_data_table_0596 used for migration from legacy system department 17
legacy_data_table_0596,date_val,TIMESTAMP,YES,Column 8 of table legacy_data_table_0596 used for migration from legacy system department 17
legacy_data_table_0596,flag,BOOLEAN,YES,Column 9 of table legacy_data_table_0596 used for migration from legacy system department 17
legacy_data_table_0596,owner,VARCHAR(80),YES,Column 10 of table legacy_data_table_0596 used for migration from legacy system department 17
legacy_data_table_0596,created_at,TIMESTAMP,YES,Column 11 of table legacy_data_table_0596 used for migration from legacy system department 17
legacy_data_table_0596,updated_at,TIMESTAMP,YES,Column 12 of table legacy_data_table_0596 used for migration from legacy system department 17
legacy_data_table_0597,rec_id,VARCHAR(50),NO,Column 1 of table legacy_data_table_0597 used for migration from legacy system department 18
legacy_data_table_0597,label,VARCHAR(255),NO,Column 2 of table legacy_data_table_0597 used for migration from legacy system department 18
legacy_data_table_0597,code,VARCHAR(100),NO,Column 3 of table legacy_data_table_0597 used for migration from legacy system department 18
legacy_data_table_0597,status,VARCHAR(30),YES,Column 4 of table legacy_data_table_0597 used for migration from legacy system department 18
legacy_data_table_0597,value_num,DECIMAL(18,4),YES,Column 5 of table legacy_data_table_0597 used for migration from legacy system department 18
legacy_data_table_0597,value_str,TEXT,YES,Column 6 of table legacy_data_table_0597 used for migration from legacy system department 18
legacy_data_table_0597,ref_key,VARCHAR(80),YES,Column 7 of table legacy_data_table_0597 used for migration from legacy system department 18
legacy_data_table_0597,date_val,TIMESTAMP,YES,Column 8 of table legacy_data_table_0597 used for migration from legacy system department 18
legacy_data_table_0597,flag,BOOLEAN,YES,Column 9 of table legacy_data_table_0597 used for migration from legacy system department 18
legacy_data_table_0597,owner,VARCHAR(80),YES,Column 10 of table legacy_data_table_0597 used for migration from legacy system department 18
legacy_data_table_0597,created_at,TIMESTAMP,YES,Column 11 of table legacy_data_table_0597 used for migration from legacy system department 18
legacy_data_table_0597,updated_at,TIMESTAMP,YES,Column 12 of table legacy_data_table_0597 used for migration from legacy system department 18
legacy_data_table_0598,rec_id,VARCHAR(50),NO,Column 1 of table legacy_data_table_0598 used for migration from legacy system department 19
legacy_data_table_0598,label,VARCHAR(255),NO,Column 2 of table legacy_data_table_0598 used for migration from legacy system department 19
legacy_data_table_0598,code,VARCHAR(100),NO,Column 3 of table legacy_data_table_0598 used for migration from legacy system department 19
legacy_data_table_0598,status,VARCHAR(30),YES,Column 4 of table legacy_data_table_0598 used for migration from legacy system department 19
legacy_data_table_0598,value_num,DECIMAL(18,4),YES,Column 5 of table legacy_data_table_0598 used for migration from legacy system department 19
legacy_data_table_0598,value_str,TEXT,YES,Column 6 of table legacy_data_table_0598 used for migration from legacy system department 19
legacy_data_table_0598,ref_key,VARCHAR(80),YES,Column 7 of table legacy_data_table_0598 used for migration from legacy system department 19
legacy_data_table_0598,date_val,TIMESTAMP,YES,Column 8 of table legacy_data_table_0598 used for migration from legacy system department 19
legacy_data_table_0598,flag,BOOLEAN,YES,Column 9 of table legacy_data_table_0598 used for migration from legacy system department 19
legacy_data_table_0598,owner,VARCHAR(80),YES,Column 10 of table legacy_data_table_0598 used for migration from legacy system department 19
legacy_data_table_0598,created_at,TIMESTAMP,YES,Column 11 of table legacy_data_table_0598 used for migration from legacy system department 19
legacy_data_table_0598,updated_at,TIMESTAMP,YES,Column 12 of table legacy_data_table_0598 used for migration from legacy system department 19
legacy_data_table_0599,rec_id,VARCHAR(50),NO,Column 1 of table legacy_data_table_0599 used for migration from legacy system department 20
legacy_data_table_0599,label,VARCHAR(255),NO,Column 2 of table legacy_data_table_0599 used for migration from legacy system department 20
legacy_data_table_0599,code,VARCHAR(100),NO,Column 3 of table legacy_data_table_0599 used for migration from legacy system department 20
legacy_data_table_0599,status,VARCHAR(30),YES,Column 4 of table legacy_data_table_0599 used for migration from legacy system department 20
legacy_data_table_0599,value_num,DECIMAL(18,4),YES,Column 5 of table legacy_data_table_0599 used for migration from legacy system department 20
legacy_data_table_0599,value_str,TEXT,YES,Column 6 of table legacy_data_table_0599 used for migration from legacy system department 20
legacy_data_table_0599,ref_key,VARCHAR(80),YES,Column 7 of table legacy_data_table_0599 used for migration from legacy system department 20
legacy_data_table_0599,date_val,TIMESTAMP,YES,Column 8 of table legacy_data_table_0599 used for migration from legacy system department 20
legacy_data_table_0599,flag,BOOLEAN,YES,Column 9 of table legacy_data_table_0599 used for migration from legacy system department 20
legacy_data_table_0599,owner,VARCHAR(80),YES,Column 10 of table legacy_data_table_0599 used for migration from legacy system department 20
legacy_data_table_0599,created_at,TIMESTAMP,YES,Column 11 of table legacy_data_table_0599 used for migration from legacy system department 20
legacy_data_table_0599,updated_at,TIMESTAMP,YES,Column 12 of table legacy_data_table_0599 used for migration from legacy system department 20
legacy_data_table_0600,rec_id,VARCHAR(50),NO,Column 1 of table legacy_data_table_0600 used for migration from legacy system department 1
legacy_data_table_0600,label,VARCHAR(255),NO,Column 2 of table legacy_data_table_0600 used for migration from legacy system department 1
legacy_data_table_0600,code,VARCHAR(100),NO,Column 3 of table legacy_data_table_0600 used for migration from legacy system department 1
legacy_data_table_0600,status,VARCHAR(30),YES,Column 4 of table legacy_data_table_0600 used for migration from legacy system department 1
legacy_data_table_0600,value_num,DECIMAL(18,4),YES,Column 5 of table legacy_data_table_0600 used for migration from legacy system department 1
legacy_data_table_0600,value_str,TEXT,YES,Column 6 of table legacy_data_table_0600 used for migration from legacy system department 1
legacy_data_table_0600,ref_key,VARCHAR(80),YES,Column 7 of table legacy_data_table_0600 used for migration from legacy system department 1
legacy_data_table_0600,date_val,TIMESTAMP,YES,Column 8 of table legacy_data_table_0600 used for migration from legacy system department 1
legacy_data_table_0600,flag,BOOLEAN,YES,Column 9 of table legacy_data_table_0600 used for migration from legacy system department 1
legacy_data_table_0600,owner,VARCHAR(80),YES,Column 10 of table legacy_data_table_0600 used for migration from legacy system department 1
legacy_data_table_0600,created_at,TIMESTAMP,YES,Column 11 of table legacy_data_table_0600 used for migration from legacy system department 1
legacy_data_table_0600,updated_at,TIMESTAMP,YES,Column 12 of table legacy_data_table_0600 used for migration from legacy system department 1