table,column,data_type,nullable,description
customer_profiles,id,UUID,NO,PK
customer_profiles,full_name,VARCHAR(255),NO,
customer_profiles,email,VARCHAR(255),NO,
customer_profiles,phone,VARCHAR(30),YES,
customer_profiles,birth_date,DATE,YES,
customer_profiles,gender,VARCHAR(10),YES,
customer_profiles,signup_at,TIMESTAMPTZ,NO,
customer_profiles,status,VARCHAR(20),NO,
customer_profiles,credit_limit_cents,BIGINT,YES,
customer_profiles,locale,VARCHAR(10),YES,
customer_profiles,tier,VARCHAR(20),YES,
customer_profiles,created_at,TIMESTAMPTZ,NO,
customer_profiles,updated_at,TIMESTAMPTZ,YES,
addresses,id,UUID,NO,PK
addresses,customer_id,UUID,NO,FK
addresses,type,VARCHAR(20),NO,
addresses,street_line1,VARCHAR(255),NO,
addresses,street_line2,VARCHAR(255),YES,
addresses,city,VARCHAR(100),NO,
addresses,region_code,VARCHAR(10),YES,
addresses,postal_code,VARCHAR(20),NO,
addresses,country_iso2,CHAR(2),NO,
addresses,is_default,BOOLEAN,NO,
addresses,created_at,TIMESTAMPTZ,NO,
orders,id,UUID,NO,PK
orders,customer_id,UUID,NO,FK
orders,order_date,DATE,NO,
orders,status,VARCHAR(20),NO,
orders,total_amount_cents,BIGINT,NO,
orders,currency,CHAR(3),NO,
orders,shipping_address_id,UUID,YES,FK
orders,notes,TEXT,YES,
orders,created_at,TIMESTAMPTZ,NO,
order_lines,id,UUID,NO,PK
order_lines,order_id,UUID,NO,FK
order_lines,product_id,UUID,NO,FK
order_lines,quantity,INTEGER,NO,
order_lines,unit_price_cents,BIGINT,NO,
order_lines,discount_pct,DECIMAL(5,2),YES,
order_lines,line_total_cents,BIGINT,NO,
order_lines,created_at,TIMESTAMPTZ,NO,
product_catalog,id,UUID,NO,PK
product_catalog,sku,VARCHAR(50),NO,
product_catalog,name,VARCHAR(255),NO,
product_catalog,category_id,UUID,NO,FK
product_catalog,price_cents,BIGINT,NO,
product_catalog,cost_cents,BIGINT,YES,
product_catalog,weight_grams,INTEGER,YES,
product_catalog,is_active,BOOLEAN,NO,
product_catalog,created_at,TIMESTAMPTZ,NO,
payments,id,UUID,NO,PK
payments,order_id,UUID,NO,FK
payments,method,VARCHAR(30),NO,
payments,amount_cents,BIGINT,NO,
payments,currency,CHAR(3),NO,
payments,paid_at,TIMESTAMPTZ,NO,
payments,reference,VARCHAR(100),YES,
payments,status,VARCHAR(20),NO,
payments,created_at,TIMESTAMPTZ,NO,
transactions,id,UUID,NO,PK
transactions,customer_id,UUID,NO,FK
transactions,type,VARCHAR(20),NO,
transactions,occurred_at,TIMESTAMPTZ,NO,
transactions,amount_cents,BIGINT,NO,
transactions,currency,CHAR(3),NO,
transactions,order_id,UUID,YES,FK
transactions,payment_id,UUID,YES,FK
transactions,description,TEXT,YES,
transactions,created_at,TIMESTAMPTZ,NO,
transaction_lines,id,UUID,NO,PK
transaction_lines,transaction_id,UUID,NO,FK
transaction_lines,product_id,UUID,NO,FK
transaction_lines,quantity,INTEGER,NO,
transaction_lines,unit_amount_cents,BIGINT,NO,
transaction_lines,line_amount_cents,BIGINT,NO,
transaction_lines,created_at,TIMESTAMPTZ,NO,
target_entity_001,id,UUID,NO,Primary key
target_entity_001,name,VARCHAR(255),NO,Display name
target_entity_001,external_id,VARCHAR(100),YES,External system id
target_entity_001,status,VARCHAR(20),NO,Entity status
target_entity_001,amount_cents,BIGINT,YES,Amount in cents
target_entity_001,quantity,INTEGER,YES,Quantity
target_entity_001,parent_id,UUID,YES,Parent reference
target_entity_001,started_at,TIMESTAMPTZ,YES,Start timestamp
target_entity_001,ended_at,TIMESTAMPTZ,YES,End timestamp
target_entity_001,metadata,JSONB,YES,Additional metadata
target_entity_001,created_at,TIMESTAMPTZ,NO,Audit
target_entity_001,updated_at,TIMESTAMPTZ,YES,Audit
target_entity_002,id,UUID,NO,Primary key
target_entity_002,name,VARCHAR(255),NO,Display name
target_entity_002,external_id,VARCHAR(100),YES,External system id
target_entity_002,status,VARCHAR(20),NO,Entity status
target_entity_002,amount_cents,BIGINT,YES,Amount in cents
target_entity_002,quantity,INTEGER,YES,Quantity
target_entity_002,parent_id,UUID,YES,Parent reference
target_entity_002,started_at,TIMESTAMPTZ,YES,Start timestamp
target_entity_002,ended_at,TIMESTAMPTZ,YES,End timestamp
target_entity_002,metadata,JSONB,YES,Additional metadata
target_entity_002,created_at,TIMESTAMPTZ,NO,Audit
target_entity_002,updated_at,TIMESTAMPTZ,YES,Audit
target_entity_003,id,UUID,NO,Primary key
target_entity_003,name,VARCHAR(255),NO,Display name
target_entity_003,external_id,VARCHAR(100),YES,External system id
target_entity_003,status,VARCHAR(20),NO,Entity status
target_entity_003,amount_cents,BIGINT,YES,Amount in cents
target_entity_003,quantity,INTEGER,YES,Quantity
target_entity_003,parent_id,UUID,YES,Parent reference
target_entity_003,started_at,TIMESTAMPTZ,YES,Start timestamp
target_entity_003,ended_at,TIMESTAMPTZ,YES,End timestamp
target_entity_003,metadata,JSONB,YES,Additional metadata
target_entity_003,created_at,TIMESTAMPTZ,NO,Audit
target_entity_003,updated_at,TIMESTAMPTZ,YES,Audit
target_entity_004,id,UUID,NO,Primary key
target_entity_004,name,VARCHAR(255),NO,Display name
target_entity_004,external_id,VARCHAR(100),YES,External system id
target_entity_004,status,VARCHAR(20),NO,Entity status
target_entity_004,amount_cents,BIGINT,YES,Amount in cents
target_entity_004,quantity,INTEGER,YES,Quantity
target_entity_004,parent_id,UUID,YES,Parent reference
target_entity_004,started_at,TIMESTAMPTZ,YES,Start timestamp
target_entity_004,ended_at,TIMESTAMPTZ,YES,End timestamp
target_entity_004,metadata,JSONB,YES,Additional metadata
target_entity_004,created_at,TIMESTAMPTZ,NO,Audit
target_entity_004,updated_at,TIMESTAMPTZ,YES,Audit
target_entity_005,id,UUID,NO,Primary key
target_entity_005,name,VARCHAR(255),NO,Display name
target_entity_005,external_id,VARCHAR(100),YES,External system id
target_entity_005,status,VARCHAR(20),NO,Entity status
target_entity_005,amount_cents,BIGINT,YES,Amount in cents
target_entity_005,quantity,INTEGER,YES,Quantity
target_entity_005,parent_id,UUID,YES,Parent reference
target_entity_005,started_at,TIMESTAMPTZ,YES,Start timestamp
target_entity_005,ended_at,TIMESTAMPTZ,YES,End timestamp
target_entity_005,metadata,JSONB,YES,Additional metadata
target_entity_005,created_at,TIMESTAMPTZ,NO,Audit
target_entity_005,updated_at,TIMESTAMPTZ,YES,Audit
target_entity_006,id,UUID,NO,Primary key
target_entity_006,name,VARCHAR(255),NO,Display name
target_entity_006,external_id,VARCHAR(100),YES,External system id
target_entity_006,status,VARCHAR(20),NO,Entity status
target_entity_006,amount_cents,BIGINT,YES,Amount in cents
target_entity_006,quantity,INTEGER,YES,Quantity
target_entity_006,parent_id,UUID,YES,Parent reference
target_entity_006,started_at,TIMESTAMPTZ,YES,Start timestamp
target_entity_006,ended_at,TIMESTAMPTZ,YES,End timestamp
target_entity_006,metadata,JSONB,YES,Additional metadata
target_entity_006,created_at,TIMESTAMPTZ,NO,Audit
target_entity_006,updated_at,TIMESTAMPTZ,YES,Audit
target_entity_007,id,UUID,NO,Primary key
target_entity_007,name,VARCHAR(255),NO,Display name
target_entity_007,external_id,VARCHAR(100),YES,External system id
target_entity_007,status,VARCHAR(20),NO,Entity status
target_entity_007,amount_cents,BIGINT,YES,Amount in cents
target_entity_007,quantity,INTEGER,YES,Quantity
target_entity_007,parent_id,UUID,YES,Parent reference
target_entity_007,started_at,TIMESTAMPTZ,YES,Start timestamp
target_entity_007,ended_at,TIMESTAMPTZ,YES,End timestamp
target_entity_007,metadata,JSONB,YES,Additional metadata
target_entity_007,created_at,TIMESTAMPTZ,NO,Audit
target_entity_007,updated_at,TIMESTAMPTZ,YES,Audit
target_entity_008,id,UUID,NO,Primary key
target_entity_008,name,VARCHAR(255),NO,Display name
target_entity_008,external_id,VARCHAR(100),YES,External system id
target_entity_008,status,VARCHAR(20),NO,Entity status
target_entity_008,amount_cents,BIGINT,YES,Amount in cents
target_entity_008,quantity,INTEGER,YES,Quantity
target_entity_008,parent_id,UUID,YES,Parent reference
target_entity_008,started_at,TIMESTAMPTZ,YES,Start timestamp
target_entity_008,ended_at,TIMESTAMPTZ,YES,End timestamp
target_entity_008,metadata,JSONB,YES,Additional metadata
target_entity_008,created_at,TIMESTAMPTZ,NO,Audit
target_entity_008,updated_at,TIMESTAMPTZ,YES,Audit
target_entity_009,id,UUID,NO,Primary key
target_entity_009,name,VARCHAR(255),NO,Display name
target_entity_009,external_id,VARCHAR(100),YES,External system id
target_entity_009,status,VARCHAR(20),NO,Entity status
target_entity_009,amount_cents,BIGINT,YES,Amount in cents
target_entity_009,quantity,INTEGER,YES,Quantity
target_entity_009,parent_id,UUID,YES,Parent reference
target_entity_009,started_at,TIMESTAMPTZ,YES,Start timestamp
target_entity_009,ended_at,TIMESTAMPTZ,YES,End timestamp
target_entity_009,metadata,JSONB,YES,Additional metadata
target_entity_009,created_at,TIMESTAMPTZ,NO,Audit
target_entity_009,updated_at,TIMESTAMPTZ,YES,Audit
target_entity_010,id,UUID,NO,Primary key
target_entity_010,name,VARCHAR(255),NO,Display name
target_entity_010,external_id,VARCHAR(100),YES,External system id
target_entity_010,status,VARCHAR(20),NO,Entity status
target_entity_010,amount_cents,BIGINT,YES,Amount in cents
target_entity_010,quantity,INTEGER,YES,Quantity
target_entity_010,parent_id,UUID,YES,Parent reference
target_entity_010,started_at,TIMESTAMPTZ,YES,Start timestamp
target_entity_010,ended_at,TIMESTAMPTZ,YES,End timestamp
target_entity_010,metadata,JSONB,YES,Additional metadata
target_entity_010,created_at,TIMESTAMPTZ,NO,Audit
target_entity_010,updated_at,TIMESTAMPTZ,YES,Audit
target_entity_011,id,UUID,NO,Primary key
target_entity_011,name,VARCHAR(255),NO,Display name
target_entity_011,external_id,VARCHAR(100),YES,External system id
target_entity_011,status,VARCHAR(20),NO,Entity status
target_entity_011,amount_cents,BIGINT,YES,Amount in cents
target_entity_011,quantity,INTEGER,YES,Quantity
target_entity_011,parent_id,UUID,YES,Parent reference
target_entity_011,started_at,TIMESTAMPTZ,YES,Start timestamp
target_entity_011,ended_at,TIMESTAMPTZ,YES,End timestamp
target_entity_011,metadata,JSONB,YES,Additional metadata
target_entity_011,created_at,TIMESTAMPTZ,NO,Audit
target_entity_011,updated_at,TIMESTAMPTZ,YES,Audit
target_entity_012,id,UUID,NO,Primary key
target_entity_012,name,VARCHAR(255),NO,Display name
target_entity_012,external_id,VARCHAR(100),YES,External system id
target_entity_012,status,VARCHAR(20),NO,Entity status
target_entity_012,amount_cents,BIGINT,YES,Amount in cents
target_entity_012,quantity,INTEGER,YES,Quantity
target_entity_012,parent_id,UUID,YES,Parent reference
target_entity_012,started_at,TIMESTAMPTZ,YES,Start timestamp
target_entity_012,ended_at,TIMESTAMPTZ,YES,End timestamp
target_entity_012,metadata,JSONB,YES,Additional metadata
target_entity_012,created_at,TIMESTAMPTZ,NO,Audit
target_entity_012,updated_at,TIMESTAMPTZ,YES,Audit
target_entity_013,id,UUID,NO,Primary key
target_entity_013,name,VARCHAR(255),NO,Display name
target_entity_013,external_id,VARCHAR(100),YES,External system id
target_entity_013,status,VARCHAR(20),NO,Entity status
target_entity_013,amount_cents,BIGINT,YES,Amount in cents
target_entity_013,quantity,INTEGER,YES,Quantity
target_entity_013,parent_id,UUID,YES,Parent reference
target_entity_013,started_at,TIMESTAMPTZ,YES,Start timestamp
target_entity_013,ended_at,TIMESTAMPTZ,YES,End timestamp
target_entity_013,metadata,JSONB,YES,Additional metadata
target_entity_013,created_at,TIMESTAMPTZ,NO,Audit
target_entity_013,updated_at,TIMESTAMPTZ,YES,Audit
target_entity_014,id,UUID,NO,Primary key
target_entity_014,name,VARCHAR(255),NO,Display name
target_entity_014,external_id,VARCHAR(100),YES,External system id
target_entity_014,status,VARCHAR(20),NO,Entity status
target_entity_014,amount_cents,BIGINT,YES,Amount in cents
target_entity_014,quantity,INTEGER,YES,Quantity
target_entity_014,parent_id,UUID,YES,Parent reference
target_entity_014,started_at,TIMESTAMPTZ,YES,Start timestamp
target_entity_014,ended_at,TIMESTAMPTZ,YES,End timestamp
target_entity_014,metadata,JSONB,YES,Additional metadata
target_entity_014,created_at,TIMESTAMPTZ,NO,Audit
target_entity_014,updated_at,TIMESTAMPTZ,YES,Audit
target_entity_015,id,UUID,NO,Primary key
target_entity_015,name,VARCHAR(255),NO,Display name
target_entity_015,external_id,VARCHAR(100),YES,External system id
target_entity_015,status,VARCHAR(20),NO,Entity status
target_entity_015,amount_cents,BIGINT,YES,Amount in cents
target_entity_015,quantity,INTEGER,YES,Quantity
target_entity_015,parent_id,UUID,YES,Parent reference
target_entity_015,started_at,TIMESTAMPTZ,YES,Start timestamp
target_entity_015,ended_at,TIMESTAMPTZ,YES,End timestamp
target_entity_015,metadata,JSONB,YES,Additional metadata
target_entity_015,created_at,TIMESTAMPTZ,NO,Audit
target_entity_015,updated_at,TIMESTAMPTZ,YES,Audit
target_entity_016,id,UUID,NO,Primary key
target_entity_016,name,VARCHAR(255),NO,Display name
target_entity_016,external_id,VARCHAR(100),YES,External system id
target_entity_016,status,VARCHAR(20),NO,Entity status
target_entity_016,amount_cents,BIGINT,YES,Amount in cents
target_entity_016,quantity,INTEGER,YES,Quantity
target_entity_016,parent_id,UUID,YES,Parent reference
target_entity_016,started_at,TIMESTAMPTZ,YES,Start timestamp
target_entity_016,ended_at,TIMESTAMPTZ,YES,End timestamp
target_entity_016,metadata,JSONB,YES,Additional metadata
target_entity_016,created_at,TIMESTAMPTZ,NO,Audit
target_entity_016,updated_at,TIMESTAMPTZ,YES,Audit
target_entity_017,id,UUID,NO,Primary key
target_entity_017,name,VARCHAR(255),NO,Display name
target_entity_017,external_id,VARCHAR(100),YES,External system id
target_entity_017,status,VARCHAR(20),NO,Entity status
target_entity_017,amount_cents,BIGINT,YES,Amount in cents
target_entity_017,quantity,INTEGER,YES,Quantity
target_entity_017,parent_id,UUID,YES,Parent reference
target_entity_017,started_at,TIMESTAMPTZ,YES,Start timestamp
target_entity_017,ended_at,TIMESTAMPTZ,YES,End timestamp
target_entity_017,metadata,JSONB,YES,Additional metadata
target_entity_017,created_at,TIMESTAMPTZ,NO,Audit
target_entity_017,updated_at,TIMESTAMPTZ,YES,Audit
target_entity_018,id,UUID,NO,Primary key
target_entity_018,name,VARCHAR(255),NO,Display name
target_entity_018,external_id,VARCHAR(100),YES,External system id
target_entity_018,status,VARCHAR(20),NO,Entity status
target_entity_018,amount_cents,BIGINT,YES,Amount in cents
target_entity_018,quantity,INTEGER,YES,Quantity
target_entity_018,parent_id,UUID,YES,Parent reference
target_entity_018,started_at,TIMESTAMPTZ,YES,Start timestamp
target_entity_018,ended_at,TIMESTAMPTZ,YES,End timestamp
target_entity_018,metadata,JSONB,YES,Additional metadata
target_entity_018,created_at,TIMESTAMPTZ,NO,Audit
target_entity_018,updated_at,TIMESTAMPTZ,YES,Audit
target_entity_019,id,UUID,NO,Primary key
target_entity_019,name,VARCHAR(255),NO,Display name
target_entity_019,external_id,VARCHAR(100),YES,External system id
target_entity_019,status,VARCHAR(20),NO,Entity status
target_entity_019,amount_cents,BIGINT,YES,Amount in cents
target_entity_019,quantity,INTEGER,YES,Quantity
target_entity_019,parent_id,UUID,YES,Parent reference
target_entity_019,started_at,TIMESTAMPTZ,YES,Start timestamp
target_entity_019,ended_at,TIMESTAMPTZ,YES,End timestamp
target_entity_019,metadata,JSONB,YES,Additional metadata
target_entity_019,created_at,TIMESTAMPTZ,NO,Audit
target_entity_019,updated_at,TIMESTAMPTZ,YES,Audit
target_entity_020,id,UUID,NO,Primary key
target_entity_020,name,VARCHAR(255),NO,Display name
target_entity_020,external_id,VARCHAR(100),YES,External system id
target_entity_020,status,VARCHAR(20),NO,Entity status
target_entity_020,amount_cents,BIGINT,YES,Amount in cents
target_entity_020,quantity,INTEGER,YES,Quantity
target_entity_020,parent_id,UUID,YES,Parent reference
target_entity_020,started_at,TIMESTAMPTZ,YES,Start timestamp
target_entity_020,ended_at,TIMESTAMPTZ,YES,End timestamp
target_entity_020,metadata,JSONB,YES,Additional metadata
target_entity_020,created_at,TIMESTAMPTZ,NO,Audit
target_entity_020,updated_at,TIMESTAMPTZ,YES,Audit
target_entity_021,id,UUID,NO,Primary key
target_entity_021,name,VARCHAR(255),NO,Display name
target_entity_021,external_id,VARCHAR(100),YES,External system id
target_entity_021,status,VARCHAR(20),NO,Entity status
target_entity_021,amount_cents,BIGINT,YES,Amount in cents
target_entity_021,quantity,INTEGER,YES,Quantity
target_entity_021,parent_id,UUID,YES,Parent reference
target_entity_021,started_at,TIMESTAMPTZ,YES,Start timestamp
target_entity_021,ended_at,TIMESTAMPTZ,YES,End timestamp
target_entity_021,metadata,JSONB,YES,Additional metadata
target_entity_021,created_at,TIMESTAMPTZ,NO,Audit
target_entity_021,updated_at,TIMESTAMPTZ,YES,Audit
target_entity_022,id,UUID,NO,Primary key
target_entity_022,name,VARCHAR(255),NO,Display name
target_entity_022,external_id,VARCHAR(100),YES,External system id
target_entity_022,status,VARCHAR(20),NO,Entity status
target_entity_022,amount_cents,BIGINT,YES,Amount in cents
target_entity_022,quantity,INTEGER,YES,Quantity
target_entity_022,parent_id,UUID,YES,Parent reference
target_entity_022,started_at,TIMESTAMPTZ,YES,Start timestamp
target_entity_022,ended_at,TIMESTAMPTZ,YES,End timestamp
target_entity_022,metadata,JSONB,YES,Additional metadata
target_entity_022,created_at,TIMESTAMPTZ,NO,Audit
target_entity_022,updated_at,TIMESTAMPTZ,YES,Audit
target_entity_023,id,UUID,NO,Primary key
target_entity_023,name,VARCHAR(255),NO,Display name
target_entity_023,external_id,VARCHAR(100),YES,External system id
target_entity_023,status,VARCHAR(20),NO,Entity status
target_entity_023,amount_cents,BIGINT,YES,Amount in cents
target_entity_023,quantity,INTEGER,YES,Quantity
target_entity_023,parent_id,UUID,YES,Parent reference
target_entity_023,started_at,TIMESTAMPTZ,YES,Start timestamp
target_entity_023,ended_at,TIMESTAMPTZ,YES,End timestamp
target_entity_023,metadata,JSONB,YES,Additional metadata
target_entity_023,created_at,TIMESTAMPTZ,NO,Audit
target_entity_023,updated_at,TIMESTAMPTZ,YES,Audit
target_entity_024,id,UUID,NO,Primary key
target_entity_024,name,VARCHAR(255),NO,Display name
target_entity_024,external_id,VARCHAR(100),YES,External system id
target_entity_024,status,VARCHAR(20),NO,Entity status
target_entity_024,amount_cents,BIGINT,YES,Amount in cents
target_entity_024,quantity,INTEGER,YES,Quantity
target_entity_024,parent_id,UUID,YES,Parent reference
target_entity_024,started_at,TIMESTAMPTZ,YES,Start timestamp
target_entity_024,ended_at,TIMESTAMPTZ,YES,End timestamp
target_entity_024,metadata,JSONB,YES,Additional metadata
target_entity_024,created_at,TIMESTAMPTZ,NO,Audit
target_entity_024,updated_at,TIMESTAMPTZ,YES,Audit
target_entity_025,id,UUID,NO,Primary key
target_entity_025,name,VARCHAR(255),NO,Display name
target_entity_025,external_id,VARCHAR(100),YES,External system id
target_entity_025,status,VARCHAR(20),NO,Entity status
target_entity_025,amount_cents,BIGINT,YES,Amount in cents
target_entity_025,quantity,INTEGER,YES,Quantity
target_entity_025,parent_id,UUID,YES,Parent reference
target_entity_025,started_at,TIMESTAMPTZ,YES,Start timestamp
target_entity_025,ended_at,TIMESTAMPTZ,YES,End timestamp
target_entity_025,metadata,JSONB,YES,Additional metadata
target_entity_025,created_at,TIMESTAMPTZ,NO,Audit
target_entity_025,updated_at,TIMESTAMPTZ,YES,Audit
target_entity_026,id,UUID,NO,Primary key
target_entity_026,name,VARCHAR(255),NO,Display name
target_entity_026,external_id,VARCHAR(100),YES,External system id
target_entity_026,status,VARCHAR(20),NO,Entity status
target_entity_026,amount_cents,BIGINT,YES,Amount in cents
target_entity_026,quantity,INTEGER,YES,Quantity
target_entity_026,parent_id,UUID,YES,Parent reference
target_entity_026,started_at,TIMESTAMPTZ,YES,Start timestamp
target_entity_026,ended_at,TIMESTAMPTZ,YES,End timestamp
target_entity_026,metadata,JSONB,YES,Additional metadata
target_entity_026,created_at,TIMESTAMPTZ,NO,Audit
target_entity_026,updated_at,TIMESTAMPTZ,YES,Audit
target_entity_027,id,UUID,NO,Primary key
target_entity_027,name,VARCHAR(255),NO,Display name
target_entity_027,external_id,VARCHAR(100),YES,External system id
target_entity_027,status,VARCHAR(20),NO,Entity status
target_entity_027,amount_cents,BIGINT,YES,Amount in cents
target_entity_027,quantity,INTEGER,YES,Quantity
target_entity_027,parent_id,UUID,YES,Parent reference
target_entity_027,started_at,TIMESTAMPTZ,YES,Start timestamp
target_entity_027,ended_at,TIMESTAMPTZ,YES,End timestamp
target_entity_027,metadata,JSONB,YES,Additional metadata
target_entity_027,created_at,TIMESTAMPTZ,NO,Audit
target_entity_027,updated_at,TIMESTAMPTZ,YES,Audit
target_entity_028,id,UUID,NO,Primary key
target_entity_028,name,VARCHAR(255),NO,Display name
target_entity_028,external_id,VARCHAR(100),YES,External system id
target_entity_028,status,VARCHAR(20),NO,Entity status
target_entity_028,amount_cents,BIGINT,YES,Amount in cents
target_entity_028,quantity,INTEGER,YES,Quantity
target_entity_028,parent_id,UUID,YES,Parent reference
target_entity_028,started_at,TIMESTAMPTZ,YES,Start timestamp
target_entity_028,ended_at,TIMESTAMPTZ,YES,End timestamp
target_entity_028,metadata,JSONB,YES,Additional metadata
target_entity_028,created_at,TIMESTAMPTZ,NO,Audit
target_entity_028,updated_at,TIMESTAMPTZ,YES,Audit
target_entity_029,id,UUID,NO,Primary key
target_entity_029,name,VARCHAR(255),NO,Display name
target_entity_029,external_id,VARCHAR(100),YES,External system id
target_entity_029,status,VARCHAR(20),NO,Entity status
target_entity_029,amount_cents,BIGINT,YES,Amount in cents
target_entity_029,quantity,INTEGER,YES,Quantity
target_entity_029,parent_id,UUID,YES,Parent reference
target_entity_029,started_at,TIMESTAMPTZ,YES,Start timestamp
target_entity_029,ended_at,TIMESTAMPTZ,YES,End timestamp
target_entity_029,metadata,JSONB,YES,Additional metadata
target_entity_029,created_at,TIMESTAMPTZ,NO,Audit
target_entity_029,updated_at,TIMESTAMPTZ,YES,Audit
target_entity_030,id,UUID,NO,Primary key
target_entity_030,name,VARCHAR(255),NO,Display name
target_entity_030,external_id,VARCHAR(100),YES,External system id
target_entity_030,status,VARCHAR(20),NO,Entity status
target_entity_030,amount_cents,BIGINT,YES,Amount in cents
target_entity_030,quantity,INTEGER,YES,Quantity
target_entity_030,parent_id,UUID,YES,Parent reference
target_entity_030,started_at,TIMESTAMPTZ,YES,Start timestamp
target_entity_030,ended_at,TIMESTAMPTZ,YES,End timestamp
target_entity_030,metadata,JSONB,YES,Additional metadata
target_entity_030,created_at,TIMESTAMPTZ,NO,Audit
target_entity_030,updated_at,TIMESTAMPTZ,YES,Audit
target_entity_031,id,UUID,NO,Primary key
target_entity_031,name,VARCHAR(255),NO,Display name
target_entity_031,external_id,VARCHAR(100),YES,External system id
target_entity_031,status,VARCHAR(20),NO,Entity status
target_entity_031,amount_cents,BIGINT,YES,Amount in cents
target_entity_031,quantity,INTEGER,YES,Quantity
target_entity_031,parent_id,UUID,YES,Parent reference
target_entity_031,started_at,TIMESTAMPTZ,YES,Start timestamp
target_entity_031,ended_at,TIMESTAMPTZ,YES,End timestamp
target_entity_031,metadata,JSONB,YES,Additional metadata
target_entity_031,created_at,TIMESTAMPTZ,NO,Audit
target_entity_031,updated_at,TIMESTAMPTZ,YES,Audit
target_entity_032,id,UUID,NO,Primary key
target_entity_032,name,VARCHAR(255),NO,Display name
target_entity_032,external_id,VARCHAR(100),YES,External system id
target_entity_032,status,VARCHAR(20),NO,Entity status
target_entity_032,amount_cents,BIGINT,YES,Amount in cents
target_entity_032,quantity,INTEGER,YES,Quantity
target_entity_032,parent_id,UUID,YES,Parent reference
target_entity_032,started_at,TIMESTAMPTZ,YES,Start timestamp
target_entity_032,ended_at,TIMESTAMPTZ,YES,End timestamp
target_entity_032,metadata,JSONB,YES,Additional metadata
target_entity_032,created_at,TIMESTAMPTZ,NO,Audit
target_entity_032,updated_at,TIMESTAMPTZ,YES,Audit
target_entity_033,id,UUID,NO,Primary key
target_entity_033,name,VARCHAR(255),NO,Display name
target_entity_033,external_id,VARCHAR(100),YES,External system id
target_entity_033,status,VARCHAR(20),NO,Entity status
target_entity_033,amount_cents,BIGINT,YES,Amount in cents
target_entity_033,quantity,INTEGER,YES,Quantity
target_entity_033,parent_id,UUID,YES,Parent reference
target_entity_033,started_at,TIMESTAMPTZ,YES,Start timestamp
target_entity_033,ended_at,TIMESTAMPTZ,YES,End timestamp
target_entity_033,metadata,JSONB,YES,Additional metadata
target_entity_033,created_at,TIMESTAMPTZ,NO,Audit
target_entity_033,updated_at,TIMESTAMPTZ,YES,Audit
target_entity_034,id,UUID,NO,Primary key
target_entity_034,name,VARCHAR(255),NO,Display name
target_entity_034,external_id,VARCHAR(100),YES,External system id
target_entity_034,status,VARCHAR(20),NO,Entity status
target_entity_034,amount_cents,BIGINT,YES,Amount in cents
target_entity_034,quantity,INTEGER,YES,Quantity
target_entity_034,parent_id,UUID,YES,Parent reference
target_entity_034,started_at,TIMESTAMPTZ,YES,Start timestamp
target_entity_034,ended_at,TIMESTAMPTZ,YES,End timestamp
target_entity_034,metadata,JSONB,YES,Additional metadata
target_entity_034,created_at,TIMESTAMPTZ,NO,Audit
target_entity_034,updated_at,TIMESTAMPTZ,YES,Audit
target_entity_035,id,UUID,NO,Primary key
target_entity_035,name,VARCHAR(255),NO,Display name
target_entity_035,external_id,VARCHAR(100),YES,External system id
target_entity_035,status,VARCHAR(20),NO,Entity status
target_entity_035,amount_cents,BIGINT,YES,Amount in cents
target_entity_035,quantity,INTEGER,YES,Quantity
target_entity_035,parent_id,UUID,YES,Parent reference
target_entity_035,started_at,TIMESTAMPTZ,YES,Start timestamp
target_entity_035,ended_at,TIMESTAMPTZ,YES,End timestamp
target_entity_035,metadata,JSONB,YES,Additional metadata
target_entity_035,created_at,TIMESTAMPTZ,NO,Audit
target_entity_035,updated_at,TIMESTAMPTZ,YES,Audit
target_entity_036,id,UUID,NO,Primary key
target_entity_036,name,VARCHAR(255),NO,Display name
target_entity_036,external_id,VARCHAR(100),YES,External system id
target_entity_036,status,VARCHAR(20),NO,Entity status
target_entity_036,amount_cents,BIGINT,YES,Amount in cents
target_entity_036,quantity,INTEGER,YES,Quantity
target_entity_036,parent_id,UUID,YES,Parent reference
target_entity_036,started_at,TIMESTAMPTZ,YES,Start timestamp
target_entity_036,ended_at,TIMESTAMPTZ,YES,End timestamp
target_entity_036,metadata,JSONB,YES,Additional metadata
target_entity_036,created_at,TIMESTAMPTZ,NO,Audit
target_entity_036,updated_at,TIMESTAMPTZ,YES,Audit
target_entity_037,id,UUID,NO,Primary key
target_entity_037,name,VARCHAR(255),NO,Display name
target_entity_037,external_id,VARCHAR(100),YES,External system id
target_entity_037,status,VARCHAR(20),NO,Entity status
target_entity_037,amount_cents,BIGINT,YES,Amount in cents
target_entity_037,quantity,INTEGER,YES,Quantity
target_entity_037,parent_id,UUID,YES,Parent reference
target_entity_037,started_at,TIMESTAMPTZ,YES,Start timestamp
target_entity_037,ended_at,TIMESTAMPTZ,YES,End timestamp
target_entity_037,metadata,JSONB,YES,Additional metadata
target_entity_037,created_at,TIMESTAMPTZ,NO,Audit
target_entity_037,updated_at,TIMESTAMPTZ,YES,Audit
target_entity_038,id,UUID,NO,Primary key
target_entity_038,name,VARCHAR(255),NO,Display name
target_entity_038,external_id,VARCHAR(100),YES,External system id
target_entity_038,status,VARCHAR(20),NO,Entity status
target_entity_038,amount_cents,BIGINT,YES,Amount in cents
target_entity_038,quantity,INTEGER,YES,Quantity
target_entity_038,parent_id,UUID,YES,Parent reference
target_entity_038,started_at,TIMESTAMPTZ,YES,Start timestamp
target_entity_038,ended_at,TIMESTAMPTZ,YES,End timestamp
target_entity_038,metadata,JSONB,YES,Additional metadata
target_entity_038,created_at,TIMESTAMPTZ,NO,Audit
target_entity_038,updated_at,TIMESTAMPTZ,YES,Audit
target_entity_039,id,UUID,NO,Primary key
target_entity_039,name,VARCHAR(255),NO,Display name
target_entity_039,external_id,VARCHAR(100),YES,External system id
target_entity_039,status,VARCHAR(20),NO,Entity status
target_entity_039,amount_cents,BIGINT,YES,Amount in cents
target_entity_039,quantity,INTEGER,YES,Quantity
target_entity_039,parent_id,UUID,YES,Parent reference
target_entity_039,started_at,TIMESTAMPTZ,YES,Start timestamp
target_entity_039,ended_at,TIMESTAMPTZ,YES,End timestamp
target_entity_039,metadata,JSONB,YES,Additional metadata
target_entity_039,created_at,TIMESTAMPTZ,NO,Audit
target_entity_039,updated_at,TIMESTAMPTZ,YES,Audit
target_entity_040,id,UUID,NO,Primary key
target_entity_040,name,VARCHAR(255),NO,Display name
target_entity_040,external_id,VARCHAR(100),YES,External system id
target_entity_040,status,VARCHAR(20),NO,Entity status
target_entity_040,amount_cents,BIGINT,YES,Amount in cents
target_entity_040,quantity,INTEGER,YES,Quantity
target_entity_040,parent_id,UUID,YES,Parent reference
target_entity_040,started_at,TIMESTAMPTZ,YES,Start timestamp
target_entity_040,ended_at,TIMESTAMPTZ,YES,End timestamp
target_entity_040,metadata,JSONB,YES,Additional metadata
target_entity_040,created_at,TIMESTAMPTZ,NO,Audit
target_entity_040,updated_at,TIMESTAMPTZ,YES,Audit
target_entity_041,id,UUID,NO,Primary key
target_entity_041,name,VARCHAR(255),NO,Display name
target_entity_041,external_id,VARCHAR(100),YES,External system id
target_entity_041,status,VARCHAR(20),NO,Entity status
target_entity_041,amount_cents,BIGINT,YES,Amount in cents
target_entity_041,quantity,INTEGER,YES,Quantity
target_entity_041,parent_id,UUID,YES,Parent reference
target_entity_041,started_at,TIMESTAMPTZ,YES,Start timestamp
target_entity_041,ended_at,TIMESTAMPTZ,YES,End timestamp
target_entity_041,metadata,JSONB,YES,Additional metadata
target_entity_041,created_at,TIMESTAMPTZ,NO,Audit
target_entity_041,updated_at,TIMESTAMPTZ,YES,Audit
target_entity_042,id,UUID,NO,Primary key
target_entity_042,name,VARCHAR(255),NO,Display name
target_entity_042,external_id,VARCHAR(100),YES,External system id
target_entity_042,status,VARCHAR(20),NO,Entity status
target_entity_042,amount_cents,BIGINT,YES,Amount in cents
target_entity_042,quantity,INTEGER,YES,Quantity
target_entity_042,parent_id,UUID,YES,Parent reference
target_entity_042,started_at,TIMESTAMPTZ,YES,Start timestamp
target_entity_042,ended_at,TIMESTAMPTZ,YES,End timestamp
target_entity_042,metadata,JSONB,YES,Additional metadata
target_entity_042,created_at,TIMESTAMPTZ,NO,Audit
target_entity_042,updated_at,TIMESTAMPTZ,YES,Audit
target_entity_043,id,UUID,NO,Primary key
target_entity_043,name,VARCHAR(255),NO,Display name
target_entity_043,external_id,VARCHAR(100),YES,External system id
target_entity_043,status,VARCHAR(20),NO,Entity status
target_entity_043,amount_cents,BIGINT,YES,Amount in cents
target_entity_043,quantity,INTEGER,YES,Quantity
target_entity_043,parent_id,UUID,YES,Parent reference
target_entity_043,started_at,TIMESTAMPTZ,YES,Start timestamp
target_entity_043,ended_at,TIMESTAMPTZ,YES,End timestamp
target_entity_043,metadata,JSONB,YES,Additional metadata
target_entity_043,created_at,TIMESTAMPTZ,NO,Audit
target_entity_043,updated_at,TIMESTAMPTZ,YES,Audit
target_entity_044,id,UUID,NO,Primary key
target_entity_044,name,VARCHAR(255),NO,Display name
target_entity_044,external_id,VARCHAR(100),YES,External system id
target_entity_044,status,VARCHAR(20),NO,Entity status
target_entity_044,amount_cents,BIGINT,YES,Amount in cents
target_entity_044,quantity,INTEGER,YES,Quantity
target_entity_044,parent_id,UUID,YES,Parent reference
target_entity_044,started_at,TIMESTAMPTZ,YES,Start timestamp
target_entity_044,ended_at,TIMESTAMPTZ,YES,End timestamp
target_entity_044,metadata,JSONB,YES,Additional metadata
target_entity_044,created_at,TIMESTAMPTZ,NO,Audit
target_entity_044,updated_at,TIMESTAMPTZ,YES,Audit
target_entity_045,id,UUID,NO,Primary key
target_entity_045,name,VARCHAR(255),NO,Display name
target_entity_045,external_id,VARCHAR(100),YES,External system id
target_entity_045,status,VARCHAR(20),NO,Entity status
target_entity_045,amount_cents,BIGINT,YES,Amount in cents
target_entity_045,quantity,INTEGER,YES,Quantity
target_entity_045,parent_id,UUID,YES,Parent reference
target_entity_045,started_at,TIMESTAMPTZ,YES,Start timestamp
target_entity_045,ended_at,TIMESTAMPTZ,YES,End timestamp
target_entity_045,metadata,JSONB,YES,Additional metadata
target_entity_045,created_at,TIMESTAMPTZ,NO,Audit
target_entity_045,updated_at,TIMESTAMPTZ,YES,Audit
target_entity_046,id,UUID,NO,Primary key
target_entity_046,name,VARCHAR(255),NO,Display name
target_entity_046,external_id,VARCHAR(100),YES,External system id
target_entity_046,status,VARCHAR(20),NO,Entity status
target_entity_046,amount_cents,BIGINT,YES,Amount in cents
target_entity_046,quantity,INTEGER,YES,Quantity
target_entity_046,parent_id,UUID,YES,Parent reference
target_entity_046,started_at,TIMESTAMPTZ,YES,Start timestamp
target_entity_046,ended_at,TIMESTAMPTZ,YES,End timestamp
target_entity_046,metadata,JSONB,YES,Additional metadata
target_entity_046,created_at,TIMESTAMPTZ,NO,Audit
target_entity_046,updated_at,TIMESTAMPTZ,YES,Audit
target_entity_047,id,UUID,NO,Primary key
target_entity_047,name,VARCHAR(255),NO,Display name
target_entity_047,external_id,VARCHAR(100),YES,External system id
target_entity_047,status,VARCHAR(20),NO,Entity status
target_entity_047,amount_cents,BIGINT,YES,Amount in cents
target_entity_047,quantity,INTEGER,YES,Quantity
target_entity_047,parent_id,UUID,YES,Parent reference
target_entity_047,started_at,TIMESTAMPTZ,YES,Start timestamp
target_entity_047,ended_at,TIMESTAMPTZ,YES,End timestamp
target_entity_047,metadata,JSONB,YES,Additional metadata
target_entity_047,created_at,TIMESTAMPTZ,NO,Audit
target_entity_047,updated_at,TIMESTAMPTZ,YES,Audit
target_entity_048,id,UUID,NO,Primary key
target_entity_048,name,VARCHAR(255),NO,Display name
target_entity_048,external_id,VARCHAR(100),YES,External system id
target_entity_048,status,VARCHAR(20),NO,Entity status
target_entity_048,amount_cents,BIGINT,YES,Amount in cents
target_entity_048,quantity,INTEGER,YES,Quantity
target_entity_048,parent_id,UUID,YES,Parent reference
target_entity_048,started_at,TIMESTAMPTZ,YES,Start timestamp
target_entity_048,ended_at,TIMESTAMPTZ,YES,End timestamp
target_entity_048,metadata,JSONB,YES,Additional metadata
target_entity_048,created_at,TIMESTAMPTZ,NO,Audit
target_entity_048,updated_at,TIMESTAMPTZ,YES,Audit
target_entity_049,id,UUID,NO,Primary key
target_entity_049,name,VARCHAR(255),NO,Display name
target_entity_049,external_id,VARCHAR(100),YES,External system id
target_entity_049,status,VARCHAR(20),NO,Entity status
target_entity_049,amount_cents,BIGINT,YES,Amount in cents
target_entity_049,quantity,INTEGER,YES,Quantity
target_entity_049,parent_id,UUID,YES,Parent reference
target_entity_049,started_at,TIMESTAMPTZ,YES,Start timestamp
target_entity_049,ended_at,TIMESTAMPTZ,YES,End timestamp
target_entity_049,metadata,JSONB,YES,Additional metadata
target_entity_049,created_at,TIMESTAMPTZ,NO,Audit
target_entity_049,updated_at,TIMESTAMPTZ,YES,Audit
target_entity_050,id,UUID,NO,Primary key
target_entity_050,name,VARCHAR(255),NO,Display name
target_entity_050,external_id,VARCHAR(100),YES,External system id
target_entity_050,status,VARCHAR(20),NO,Entity status
target_entity_050,amount_cents,BIGINT,YES,Amount in cents
target_entity_050,quantity,INTEGER,YES,Quantity
target_entity_050,parent_id,UUID,YES,Parent reference
target_entity_050,started_at,TIMESTAMPTZ,YES,Start timestamp
target_entity_050,ended_at,TIMESTAMPTZ,YES,End timestamp
target_entity_050,metadata,JSONB,YES,Additional metadata
target_entity_050,created_at,TIMESTAMPTZ,NO,Audit
target_entity_050,updated_at,TIMESTAMPTZ,YES,Audit
target_entity_051,id,UUID,NO,Primary key
target_entity_051,name,VARCHAR(255),NO,Display name
target_entity_051,external_id,VARCHAR(100),YES,External system id
target_entity_051,status,VARCHAR(20),NO,Entity status
target_entity_051,amount_cents,BIGINT,YES,Amount in cents
target_entity_051,quantity,INTEGER,YES,Quantity
target_entity_051,parent_id,UUID,YES,Parent reference
target_entity_051,started_at,TIMESTAMPTZ,YES,Start timestamp
target_entity_051,ended_at,TIMESTAMPTZ,YES,End timestamp
target_entity_051,metadata,JSONB,YES,Additional metadata
target_entity_051,created_at,TIMESTAMPTZ,NO,Audit
target_entity_051,updated_at,TIMESTAMPTZ,YES,Audit
target_entity_052,id,UUID,NO,Primary key
target_entity_052,name,VARCHAR(255),NO,Display name
target_entity_052,external_id,VARCHAR(100),YES,External system id
target_entity_052,status,VARCHAR(20),NO,Entity status
target_entity_052,amount_cents,BIGINT,YES,Amount in cents
target_entity_052,quantity,INTEGER,YES,Quantity
target_entity_052,parent_id,UUID,YES,Parent reference
target_entity_052,started_at,TIMESTAMPTZ,YES,Start timestamp
target_entity_052,ended_at,TIMESTAMPTZ,YES,End timestamp
target_entity_052,metadata,JSONB,YES,Additional metadata
target_entity_052,created_at,TIMESTAMPTZ,NO,Audit
target_entity_052,updated_at,TIMESTAMPTZ,YES,Audit
target_entity_053,id,UUID,NO,Primary key
target_entity_053,name,VARCHAR(255),NO,Display name
target_entity_053,external_id,VARCHAR(100),YES,External system id
target_entity_053,status,VARCHAR(20),NO,Entity status
target_entity_053,amount_cents,BIGINT,YES,Amount in cents
target_entity_053,quantity,INTEGER,YES,Quantity
target_entity_053,parent_id,UUID,YES,Parent reference
target_entity_053,started_at,TIMESTAMPTZ,YES,Start timestamp
target_entity_053,ended_at,TIMESTAMPTZ,YES,End timestamp
target_entity_053,metadata,JSONB,YES,Additional metadata
target_entity_053,created_at,TIMESTAMPTZ,NO,Audit
target_entity_053,updated_at,TIMESTAMPTZ,YES,Audit
target_entity_054,id,UUID,NO,Primary key
target_entity_054,name,VARCHAR(255),NO,Display name
target_entity_054,external_id,VARCHAR(100),YES,External system id
target_entity_054,status,VARCHAR(20),NO,Entity status
target_entity_054,amount_cents,BIGINT,YES,Amount in cents
target_entity_054,quantity,INTEGER,YES,Quantity
target_entity_054,parent_id,UUID,YES,Parent reference
target_entity_054,started_at,TIMESTAMPTZ,YES,Start timestamp
target_entity_054,ended_at,TIMESTAMPTZ,YES,End timestamp
target_entity_054,metadata,JSONB,YES,Additional metadata
target_entity_054,created_at,TIMESTAMPTZ,NO,Audit
target_entity_054,updated_at,TIMESTAMPTZ,YES,Audit
target_entity_055,id,UUID,NO,Primary key
target_entity_055,name,VARCHAR(255),NO,Display name
target_entity_055,external_id,VARCHAR(100),YES,External system id
target_entity_055,status,VARCHAR(20),NO,Entity status
target_entity_055,amount_cents,BIGINT,YES,Amount in cents
target_entity_055,quantity,INTEGER,YES,Quantity
target_entity_055,parent_id,UUID,YES,Parent reference
target_entity_055,started_at,TIMESTAMPTZ,YES,Start timestamp
target_entity_055,ended_at,TIMESTAMPTZ,YES,End timestamp
target_entity_055,metadata,JSONB,YES,Additional metadata
target_entity_055,created_at,TIMESTAMPTZ,NO,Audit
target_entity_055,updated_at,TIMESTAMPTZ,YES,Audit
target_entity_056,id,UUID,NO,Primary key
target_entity_056,name,VARCHAR(255),NO,Display name
target_entity_056,external_id,VARCHAR(100),YES,External system id
target_entity_056,status,VARCHAR(20),NO,Entity status
target_entity_056,amount_cents,BIGINT,YES,Amount in cents
target_entity_056,quantity,INTEGER,YES,Quantity
target_entity_056,parent_id,UUID,YES,Parent reference
target_entity_056,started_at,TIMESTAMPTZ,YES,Start timestamp
target_entity_056,ended_at,TIMESTAMPTZ,YES,End timestamp
target_entity_056,metadata,JSONB,YES,Additional metadata
target_entity_056,created_at,TIMESTAMPTZ,NO,Audit
target_entity_056,updated_at,TIMESTAMPTZ,YES,Audit
target_entity_057,id,UUID,NO,Primary key
target_entity_057,name,VARCHAR(255),NO,Display name
target_entity_057,external_id,VARCHAR(100),YES,External system id
target_entity_057,status,VARCHAR(20),NO,Entity status
target_entity_057,amount_cents,BIGINT,YES,Amount in cents
target_entity_057,quantity,INTEGER,YES,Quantity
target_entity_057,parent_id,UUID,YES,Parent reference
target_entity_057,started_at,TIMESTAMPTZ,YES,Start timestamp
target_entity_057,ended_at,TIMESTAMPTZ,YES,End timestamp
target_entity_057,metadata,JSONB,YES,Additional metadata
target_entity_057,created_at,TIMESTAMPTZ,NO,Audit
target_entity_057,updated_at,TIMESTAMPTZ,YES,Audit
target_entity_058,id,UUID,NO,Primary key
target_entity_058,name,VARCHAR(255),NO,Display name
target_entity_058,external_id,VARCHAR(100),YES,External system id
target_entity_058,status,VARCHAR(20),NO,Entity status
target_entity_058,amount_cents,BIGINT,YES,Amount in cents
target_entity_058,quantity,INTEGER,YES,Quantity
target_entity_058,parent_id,UUID,YES,Parent reference
target_entity_058,started_at,TIMESTAMPTZ,YES,Start timestamp
target_entity_058,ended_at,TIMESTAMPTZ,YES,End timestamp
target_entity_058,metadata,JSONB,YES,Additional metadata
target_entity_058,created_at,TIMESTAMPTZ,NO,Audit
target_entity_058,updated_at,TIMESTAMPTZ,YES,Audit
target_entity_059,id,UUID,NO,Primary key
target_entity_059,name,VARCHAR(255),NO,Display name
target_entity_059,external_id,VARCHAR(100),YES,External system id
target_entity_059,status,VARCHAR(20),NO,Entity status
target_entity_059,amount_cents,BIGINT,YES,Amount in cents
target_entity_059,quantity,INTEGER,YES,Quantity
target_entity_059,parent_id,UUID,YES,Parent reference
target_entity_059,started_at,TIMESTAMPTZ,YES,Start timestamp
target_entity_059,ended_at,TIMESTAMPTZ,YES,End timestamp
target_entity_059,metadata,JSONB,YES,Additional metadata
target_entity_059,created_at,TIMESTAMPTZ,NO,Audit
target_entity_059,updated_at,TIMESTAMPTZ,YES,Audit
target_entity_060,id,UUID,NO,Primary key
target_entity_060,name,VARCHAR(255),NO,Display name
target_entity_060,external_id,VARCHAR(100),YES,External system id
target_entity_060,status,VARCHAR(20),NO,Entity status
target_entity_060,amount_cents,BIGINT,YES,Amount in cents
target_entity_060,quantity,INTEGER,YES,Quantity
target_entity_060,parent_id,UUID,YES,Parent reference
target_entity_060,started_at,TIMESTAMPTZ,YES,Start timestamp
target_entity_060,ended_at,TIMESTAMPTZ,YES,End timestamp
target_entity_060,metadata,JSONB,YES,Additional metadata
target_entity_060,created_at,TIMESTAMPTZ,NO,Audit
target_entity_060,updated_at,TIMESTAMPTZ,YES,Audit
target_entity_061,id,UUID,NO,Primary key
target_entity_061,name,VARCHAR(255),NO,Display name
target_entity_061,external_id,VARCHAR(100),YES,External system id
target_entity_061,status,VARCHAR(20),NO,Entity status
target_entity_061,amount_cents,BIGINT,YES,Amount in cents
target_entity_061,quantity,INTEGER,YES,Quantity
target_entity_061,parent_id,UUID,YES,Parent reference
target_entity_061,started_at,TIMESTAMPTZ,YES,Start timestamp
target_entity_061,ended_at,TIMESTAMPTZ,YES,End timestamp
target_entity_061,metadata,JSONB,YES,Additional metadata
target_entity_061,created_at,TIMESTAMPTZ,NO,Audit
target_entity_061,updated_at,TIMESTAMPTZ,YES,Audit
target_entity_062,id,UUID,NO,Primary key
target_entity_062,name,VARCHAR(255),NO,Display name
target_entity_062,external_id,VARCHAR(100),YES,External system id
target_entity_062,status,VARCHAR(20),NO,Entity status
target_entity_062,amount_cents,BIGINT,YES,Amount in cents
target_entity_062,quantity,INTEGER,YES,Quantity
target_entity_062,parent_id,UUID,YES,Parent reference
target_entity_062,started_at,TIMESTAMPTZ,YES,Start timestamp
target_entity_062,ended_at,TIMESTAMPTZ,YES,End timestamp
target_entity_062,metadata,JSONB,YES,Additional metadata
target_entity_062,created_at,TIMESTAMPTZ,NO,Audit
target_entity_062,updated_at,TIMESTAMPTZ,YES,Audit
target_entity_063,id,UUID,NO,Primary key
target_entity_063,name,VARCHAR(255),NO,Display name
target_entity_063,external_id,VARCHAR(100),YES,External system id
target_entity_063,status,VARCHAR(20),NO,Entity status
target_entity_063,amount_cents,BIGINT,YES,Amount in cents
target_entity_063,quantity,INTEGER,YES,Quantity
target_entity_063,parent_id,UUID,YES,Parent reference
target_entity_063,started_at,TIMESTAMPTZ,YES,Start timestamp
target_entity_063,ended_at,TIMESTAMPTZ,YES,End timestamp
target_entity_063,metadata,JSONB,YES,Additional metadata
target_entity_063,created_at,TIMESTAMPTZ,NO,Audit
target_entity_063,updated_at,TIMESTAMPTZ,YES,Audit
target_entity_064,id,UUID,NO,Primary key
target_entity_064,name,VARCHAR(255),NO,Display name
target_entity_064,external_id,VARCHAR(100),YES,External system id
target_entity_064,status,VARCHAR(20),NO,Entity status
target_entity_064,amount_cents,BIGINT,YES,Amount in cents
target_entity_064,quantity,INTEGER,YES,Quantity
target_entity_064,parent_id,UUID,YES,Parent reference
target_entity_064,started_at,TIMESTAMPTZ,YES,Start timestamp
target_entity_064,ended_at,TIMESTAMPTZ,YES,End timestamp
target_entity_064,metadata,JSONB,YES,Additional metadata
target_entity_064,created_at,TIMESTAMPTZ,NO,Audit
target_entity_064,updated_at,TIMESTAMPTZ,YES,Audit
target_entity_065,id,UUID,NO,Primary key
target_entity_065,name,VARCHAR(255),NO,Display name
target_entity_065,external_id,VARCHAR(100),YES,External system id
target_entity_065,status,VARCHAR(20),NO,Entity status
target_entity_065,amount_cents,BIGINT,YES,Amount in cents
target_entity_065,quantity,INTEGER,YES,Quantity
target_entity_065,parent_id,UUID,YES,Parent reference
target_entity_065,started_at,TIMESTAMPTZ,YES,Start timestamp
target_entity_065,ended_at,TIMESTAMPTZ,YES,End timestamp
target_entity_065,metadata,JSONB,YES,Additional metadata
target_entity_065,created_at,TIMESTAMPTZ,NO,Audit
target_entity_065,updated_at,TIMESTAMPTZ,YES,Audit
target_entity_066,id,UUID,NO,Primary key
target_entity_066,name,VARCHAR(255),NO,Display name
target_entity_066,external_id,VARCHAR(100),YES,External system id
target_entity_066,status,VARCHAR(20),NO,Entity status
target_entity_066,amount_cents,BIGINT,YES,Amount in cents
target_entity_066,quantity,INTEGER,YES,Quantity
target_entity_066,parent_id,UUID,YES,Parent reference
target_entity_066,started_at,TIMESTAMPTZ,YES,Start timestamp
target_entity_066,ended_at,TIMESTAMPTZ,YES,End timestamp
target_entity_066,metadata,JSONB,YES,Additional metadata
target_entity_066,created_at,TIMESTAMPTZ,NO,Audit
target_entity_066,updated_at,TIMESTAMPTZ,YES,Audit
target_entity_067,id,UUID,NO,Primary key
target_entity_067,name,VARCHAR(255),NO,Display name
target_entity_067,external_id,VARCHAR(100),YES,External system id
target_entity_067,status,VARCHAR(20),NO,Entity status
target_entity_067,amount_cents,BIGINT,YES,Amount in cents
target_entity_067,quantity,INTEGER,YES,Quantity
target_entity_067,parent_id,UUID,YES,Parent reference
target_entity_067,started_at,TIMESTAMPTZ,YES,Start timestamp
target_entity_067,ended_at,TIMESTAMPTZ,YES,End timestamp
target_entity_067,metadata,JSONB,YES,Additional metadata
target_entity_067,created_at,TIMESTAMPTZ,NO,Audit
target_entity_067,updated_at,TIMESTAMPTZ,YES,Audit
target_entity_068,id,UUID,NO,Primary key
target_entity_068,name,VARCHAR(255),NO,Display name
target_entity_068,external_id,VARCHAR(100),YES,External system id
target_entity_068,status,VARCHAR(20),NO,Entity status
target_entity_068,amount_cents,BIGINT,YES,Amount in cents
target_entity_068,quantity,INTEGER,YES,Quantity
target_entity_068,parent_id,UUID,YES,Parent reference
target_entity_068,started_at,TIMESTAMPTZ,YES,Start timestamp
target_entity_068,ended_at,TIMESTAMPTZ,YES,End timestamp
target_entity_068,metadata,JSONB,YES,Additional metadata
target_entity_068,created_at,TIMESTAMPTZ,NO,Audit
target_entity_068,updated_at,TIMESTAMPTZ,YES,Audit
target_entity_069,id,UUID,NO,Primary key
target_entity_069,name,VARCHAR(255),NO,Display name
target_entity_069,external_id,VARCHAR(100),YES,External system id
target_entity_069,status,VARCHAR(20),NO,Entity status
target_entity_069,amount_cents,BIGINT,YES,Amount in cents
target_entity_069,quantity,INTEGER,YES,Quantity
target_entity_069,parent_id,UUID,YES,Parent reference
target_entity_069,started_at,TIMESTAMPTZ,YES,Start timestamp
target_entity_069,ended_at,TIMESTAMPTZ,YES,End timestamp
target_entity_069,metadata,JSONB,YES,Additional metadata
target_entity_069,created_at,TIMESTAMPTZ,NO,Audit
target_entity_069,updated_at,TIMESTAMPTZ,YES,Audit
target_entity_070,id,UUID,NO,Primary key
target_entity_070,name,VARCHAR(255),NO,Display name
target_entity_070,external_id,VARCHAR(100),YES,External system id
target_entity_070,status,VARCHAR(20),NO,Entity status
target_entity_070,amount_cents,BIGINT,YES,Amount in cents
target_entity_070,quantity,INTEGER,YES,Quantity
target_entity_070,parent_id,UUID,YES,Parent reference
target_entity_070,started_at,TIMESTAMPTZ,YES,Start timestamp
target_entity_070,ended_at,TIMESTAMPTZ,YES,End timestamp
target_entity_070,metadata,JSONB,YES,Additional metadata
target_entity_070,created_at,TIMESTAMPTZ,NO,Audit
target_entity_070,updated_at,TIMESTAMPTZ,YES,Audit
target_entity_071,id,UUID,NO,Primary key
target_entity_071,name,VARCHAR(255),NO,Display name
target_entity_071,external_id,VARCHAR(100),YES,External system id
target_entity_071,status,VARCHAR(20),NO,Entity status
target_entity_071,amount_cents,BIGINT,YES,Amount in cents
target_entity_071,quantity,INTEGER,YES,Quantity
target_entity_071,parent_id,UUID,YES,Parent reference
target_entity_071,started_at,TIMESTAMPTZ,YES,Start timestamp
target_entity_071,ended_at,TIMESTAMPTZ,YES,End timestamp
target_entity_071,metadata,JSONB,YES,Additional metadata
target_entity_071,created_at,TIMESTAMPTZ,NO,Audit
target_entity_071,updated_at,TIMESTAMPTZ,YES,Audit
target_entity_072,id,UUID,NO,Primary key
target_entity_072,name,VARCHAR(255),NO,Display name
target_entity_072,external_id,VARCHAR(100),YES,External system id
target_entity_072,status,VARCHAR(20),NO,Entity status
target_entity_072,amount_cents,BIGINT,YES,Amount in cents
target_entity_072,quantity,INTEGER,YES,Quantity
target_entity_072,parent_id,UUID,YES,Parent reference
target_entity_072,started_at,TIMESTAMPTZ,YES,Start timestamp
target_entity_072,ended_at,TIMESTAMPTZ,YES,End timestamp
target_entity_072,metadata,JSONB,YES,Additional metadata
target_entity_072,created_at,TIMESTAMPTZ,NO,Audit
target_entity_072,updated_at,TIMESTAMPTZ,YES,Audit
target_entity_073,id,UUID,NO,Primary key
target_entity_073,name,VARCHAR(255),NO,Display name
target_entity_073,external_id,VARCHAR(100),YES,External system id
target_entity_073,status,VARCHAR(20),NO,Entity status
target_entity_073,amount_cents,BIGINT,YES,Amount in cents
target_entity_073,quantity,INTEGER,YES,Quantity
target_entity_073,parent_id,UUID,YES,Parent reference
target_entity_073,started_at,TIMESTAMPTZ,YES,Start timestamp
target_entity_073,ended_at,TIMESTAMPTZ,YES,End timestamp
target_entity_073,metadata,JSONB,YES,Additional metadata
target_entity_073,created_at,TIMESTAMPTZ,NO,Audit
target_entity_073,updated_at,TIMESTAMPTZ,YES,Audit
target_entity_074,id,UUID,NO,Primary key
target_entity_074,name,VARCHAR(255),NO,Display name
target_entity_074,external_id,VARCHAR(100),YES,External system id
target_entity_074,status,VARCHAR(20),NO,Entity status
target_entity_074,amount_cents,BIGINT,YES,Amount in cents
target_entity_074,quantity,INTEGER,YES,Quantity
target_entity_074,parent_id,UUID,YES,Parent reference
target_entity_074,started_at,TIMESTAMPTZ,YES,Start timestamp
target_entity_074,ended_at,TIMESTAMPTZ,YES,End timestamp
target_entity_074,metadata,JSONB,YES,Additional metadata
target_entity_074,created_at,TIMESTAMPTZ,NO,Audit
target_entity_074,updated_at,TIMESTAMPTZ,YES,Audit
target_entity_075,id,UUID,NO,Primary key
target_entity_075,name,VARCHAR(255),NO,Display name
target_entity_075,external_id,VARCHAR(100),YES,External system id
target_entity_075,status,VARCHAR(20),NO,Entity status
target_entity_075,amount_cents,BIGINT,YES,Amount in cents
target_entity_075,quantity,INTEGER,YES,Quantity
target_entity_075,parent_id,UUID,YES,Parent reference
target_entity_075,started_at,TIMESTAMPTZ,YES,Start timestamp
target_entity_075,ended_at,TIMESTAMPTZ,YES,End timestamp
target_entity_075,metadata,JSONB,YES,Additional metadata
target_entity_075,created_at,TIMESTAMPTZ,NO,Audit
target_entity_075,updated_at,TIMESTAMPTZ,YES,Audit
target_entity_076,id,UUID,NO,Primary key
target_entity_076,name,VARCHAR(255),NO,Display name
target_entity_076,external_id,VARCHAR(100),YES,External system id
target_entity_076,status,VARCHAR(20),NO,Entity status
target_entity_076,amount_cents,BIGINT,YES,Amount in cents
target_entity_076,quantity,INTEGER,YES,Quantity
target_entity_076,parent_id,UUID,YES,Parent reference
target_entity_076,started_at,TIMESTAMPTZ,YES,Start timestamp
target_entity_076,ended_at,TIMESTAMPTZ,YES,End timestamp
target_entity_076,metadata,JSONB,YES,Additional metadata
target_entity_076,created_at,TIMESTAMPTZ,NO,Audit
target_entity_076,updated_at,TIMESTAMPTZ,YES,Audit
target_entity_077,id,UUID,NO,Primary key
target_entity_077,name,VARCHAR(255),NO,Display name
target_entity_077,external_id,VARCHAR(100),YES,External system id
target_entity_077,status,VARCHAR(20),NO,Entity status
target_entity_077,amount_cents,BIGINT,YES,Amount in cents
target_entity_077,quantity,INTEGER,YES,Quantity
target_entity_077,parent_id,UUID,YES,Parent reference
target_entity_077,started_at,TIMESTAMPTZ,YES,Start timestamp
target_entity_077,ended_at,TIMESTAMPTZ,YES,End timestamp
target_entity_077,metadata,JSONB,YES,Additional metadata
target_entity_077,created_at,TIMESTAMPTZ,NO,Audit
target_entity_077,updated_at,TIMESTAMPTZ,YES,Audit
target_entity_078,id,UUID,NO,Primary key
target_entity_078,name,VARCHAR(255),NO,Display name
target_entity_078,external_id,VARCHAR(100),YES,External system id
target_entity_078,status,VARCHAR(20),NO,Entity status
target_entity_078,amount_cents,BIGINT,YES,Amount in cents
target_entity_078,quantity,INTEGER,YES,Quantity
target_entity_078,parent_id,UUID,YES,Parent reference
target_entity_078,started_at,TIMESTAMPTZ,YES,Start timestamp
target_entity_078,ended_at,TIMESTAMPTZ,YES,End timestamp
target_entity_078,metadata,JSONB,YES,Additional metadata
target_entity_078,created_at,TIMESTAMPTZ,NO,Audit
target_entity_078,updated_at,TIMESTAMPTZ,YES,Audit
target_entity_079,id,UUID,NO,Primary key
target_entity_079,name,VARCHAR(255),NO,Display name
target_entity_079,external_id,VARCHAR(100),YES,External system id
target_entity_079,status,VARCHAR(20),NO,Entity status
target_entity_079,amount_cents,BIGINT,YES,Amount in cents
target_entity_079,quantity,INTEGER,YES,Quantity
target_entity_079,parent_id,UUID,YES,Parent reference
target_entity_079,started_at,TIMESTAMPTZ,YES,Start timestamp
target_entity_079,ended_at,TIMESTAMPTZ,YES,End timestamp
target_entity_079,metadata,JSONB,YES,Additional metadata
target_entity_079,created_at,TIMESTAMPTZ,NO,Audit
target_entity_079,updated_at,TIMESTAMPTZ,YES,Audit
target_entity_080,id,UUID,NO,Primary key
target_entity_080,name,VARCHAR(255),NO,Display name
target_entity_080,external_id,VARCHAR(100),YES,External system id
target_entity_080,status,VARCHAR(20),NO,Entity status
target_entity_080,amount_cents,BIGINT,YES,Amount in cents
target_entity_080,quantity,INTEGER,YES,Quantity
target_entity_080,parent_id,UUID,YES,Parent reference
target_entity_080,started_at,TIMESTAMPTZ,YES,Start timestamp
target_entity_080,ended_at,TIMESTAMPTZ,YES,End timestamp
target_entity_080,metadata,JSONB,YES,Additional metadata
target_entity_080,created_at,TIMESTAMPTZ,NO,Audit
target_entity_080,updated_at,TIMESTAMPTZ,YES,Audit
target_entity_081,id,UUID,NO,Primary key
target_entity_081,name,VARCHAR(255),NO,Display name
target_entity_081,external_id,VARCHAR(100),YES,External system id
target_entity_081,status,VARCHAR(20),NO,Entity status
target_entity_081,amount_cents,BIGINT,YES,Amount in cents
target_entity_081,quantity,INTEGER,YES,Quantity
target_entity_081,parent_id,UUID,YES,Parent reference
target_entity_081,started_at,TIMESTAMPTZ,YES,Start timestamp
target_entity_081,ended_at,TIMESTAMPTZ,YES,End timestamp
target_entity_081,metadata,JSONB,YES,Additional metadata
target_entity_081,created_at,TIMESTAMPTZ,NO,Audit
target_entity_081,updated_at,TIMESTAMPTZ,YES,Audit
target_entity_082,id,UUID,NO,Primary key
target_entity_082,name,VARCHAR(255),NO,Display name
target_entity_082,external_id,VARCHAR(100),YES,External system id
target_entity_082,status,VARCHAR(20),NO,Entity status
target_entity_082,amount_cents,BIGINT,YES,Amount in cents
target_entity_082,quantity,INTEGER,YES,Quantity
target_entity_082,parent_id,UUID,YES,Parent reference
target_entity_082,started_at,TIMESTAMPTZ,YES,Start timestamp
target_entity_082,ended_at,TIMESTAMPTZ,YES,End timestamp
target_entity_082,metadata,JSONB,YES,Additional metadata
target_entity_082,created_at,TIMESTAMPTZ,NO,Audit
target_entity_082,updated_at,TIMESTAMPTZ,YES,Audit
target_entity_083,id,UUID,NO,Primary key
target_entity_083,name,VARCHAR(255),NO,Display name
target_entity_083,external_id,VARCHAR(100),YES,External system id
target_entity_083,status,VARCHAR(20),NO,Entity status
target_entity_083,amount_cents,BIGINT,YES,Amount in cents
target_entity_083,quantity,INTEGER,YES,Quantity
target_entity_083,parent_id,UUID,YES,Parent reference
target_entity_083,started_at,TIMESTAMPTZ,YES,Start timestamp
target_entity_083,ended_at,TIMESTAMPTZ,YES,End timestamp
target_entity_083,metadata,JSONB,YES,Additional metadata
target_entity_083,created_at,TIMESTAMPTZ,NO,Audit
target_entity_083,updated_at,TIMESTAMPTZ,YES,Audit
target_entity_084,id,UUID,NO,Primary key
target_entity_084,name,VARCHAR(255),NO,Display name
target_entity_084,external_id,VARCHAR(100),YES,External system id
target_entity_084,status,VARCHAR(20),NO,Entity status
target_entity_084,amount_cents,BIGINT,YES,Amount in cents
target_entity_084,quantity,INTEGER,YES,Quantity
target_entity_084,parent_id,UUID,YES,Parent reference
target_entity_084,started_at,TIMESTAMPTZ,YES,Start timestamp
target_entity_084,ended_at,TIMESTAMPTZ,YES,End timestamp
target_entity_084,metadata,JSONB,YES,Additional metadata
target_entity_084,created_at,TIMESTAMPTZ,NO,Audit
target_entity_084,updated_at,TIMESTAMPTZ,YES,Audit
target_entity_085,id,UUID,NO,Primary key
target_entity_085,name,VARCHAR(255),NO,Display name
target_entity_085,external_id,VARCHAR(100),YES,External system id
target_entity_085,status,VARCHAR(20),NO,Entity status
target_entity_085,amount_cents,BIGINT,YES,Amount in cents
target_entity_085,quantity,INTEGER,YES,Quantity
target_entity_085,parent_id,UUID,YES,Parent reference
target_entity_085,started_at,TIMESTAMPTZ,YES,Start timestamp
target_entity_085,ended_at,TIMESTAMPTZ,YES,End timestamp
target_entity_085,metadata,JSONB,YES,Additional metadata
target_entity_085,created_at,TIMESTAMPTZ,NO,Audit
target_entity_085,updated_at,TIMESTAMPTZ,YES,Audit
target_entity_086,id,UUID,NO,Primary key
target_entity_086,name,VARCHAR(255),NO,Display name
target_entity_086,external_id,VARCHAR(100),YES,External system id
target_entity_086,status,VARCHAR(20),NO,Entity status
target_entity_086,amount_cents,BIGINT,YES,Amount in cents
target_entity_086,quantity,INTEGER,YES,Quantity
target_entity_086,parent_id,UUID,YES,Parent reference
target_entity_086,started_at,TIMESTAMPTZ,YES,Start timestamp
target_entity_086,ended_at,TIMESTAMPTZ,YES,End timestamp
target_entity_086,metadata,JSONB,YES,Additional metadata
target_entity_086,created_at,TIMESTAMPTZ,NO,Audit
target_entity_086,updated_at,TIMESTAMPTZ,YES,Audit
target_entity_087,id,UUID,NO,Primary key
target_entity_087,name,VARCHAR(255),NO,Display name
target_entity_087,external_id,VARCHAR(100),YES,External system id
target_entity_087,status,VARCHAR(20),NO,Entity status
target_entity_087,amount_cents,BIGINT,YES,Amount in cents
target_entity_087,quantity,INTEGER,YES,Quantity
target_entity_087,parent_id,UUID,YES,Parent reference
target_entity_087,started_at,TIMESTAMPTZ,YES,Start timestamp
target_entity_087,ended_at,TIMESTAMPTZ,YES,End timestamp
target_entity_087,metadata,JSONB,YES,Additional metadata
target_entity_087,created_at,TIMESTAMPTZ,NO,Audit
target_entity_087,updated_at,TIMESTAMPTZ,YES,Audit
target_entity_088,id,UUID,NO,Primary key
target_entity_088,name,VARCHAR(255),NO,Display name
target_entity_088,external_id,VARCHAR(100),YES,External system id
target_entity_088,status,VARCHAR(20),NO,Entity status
target_entity_088,amount_cents,BIGINT,YES,Amount in cents
target_entity_088,quantity,INTEGER,YES,Quantity
target_entity_088,parent_id,UUID,YES,Parent reference
target_entity_088,started_at,TIMESTAMPTZ,YES,Start timestamp
target_entity_088,ended_at,TIMESTAMPTZ,YES,End timestamp
target_entity_088,metadata,JSONB,YES,Additional metadata
target_entity_088,created_at,TIMESTAMPTZ,NO,Audit
target_entity_088,updated_at,TIMESTAMPTZ,YES,Audit
target_entity_089,id,UUID,NO,Primary key
target_entity_089,name,VARCHAR(255),NO,Display name
target_entity_089,external_id,VARCHAR(100),YES,External system id
target_entity_089,status,VARCHAR(20),NO,Entity status
target_entity_089,amount_cents,BIGINT,YES,Amount in cents
target_entity_089,quantity,INTEGER,YES,Quantity
target_entity_089,parent_id,UUID,YES,Parent reference
target_entity_089,started_at,TIMESTAMPTZ,YES,Start timestamp
target_entity_089,ended_at,TIMESTAMPTZ,YES,End timestamp
target_entity_089,metadata,JSONB,YES,Additional metadata
target_entity_089,created_at,TIMESTAMPTZ,NO,Audit
target_entity_089,updated_at,TIMESTAMPTZ,YES,Audit
target_entity_090,id,UUID,NO,Primary key
target_entity_090,name,VARCHAR(255),NO,Display name
target_entity_090,external_id,VARCHAR(100),YES,External system id
target_entity_090,status,VARCHAR(20),NO,Entity status
target_entity_090,amount_cents,BIGINT,YES,Amount in cents
target_entity_090,quantity,INTEGER,YES,Quantity
target_entity_090,parent_id,UUID,YES,Parent reference
target_entity_090,started_at,TIMESTAMPTZ,YES,Start timestamp
target_entity_090,ended_at,TIMESTAMPTZ,YES,End timestamp
target_entity_090,metadata,JSONB,YES,Additional metadata
target_entity_090,created_at,TIMESTAMPTZ,NO,Audit
target_entity_090,updated_at,TIMESTAMPTZ,YES,Audit
target_domain_entity_0101,id,UUID,NO,Target column for domain entity 101 field 1 in modern schema
target_domain_entity_0101,name,VARCHAR(255),NO,Target column for domain entity 101 field 2 in modern schema
target_domain_entity_0101,external_ref,VARCHAR(100),NO,Target column for domain entity 101 field 3 in modern schema
target_domain_entity_0101,state,VARCHAR(30),NO,Target column for domain entity 101 field 4 in modern schema
target_domain_entity_0101,amount,BIGINT,YES,Target column for domain entity 101 field 5 in modern schema
target_domain_entity_0101,count,INTEGER,YES,Target column for domain entity 101 field 6 in modern schema
target_domain_entity_0101,parent_ref,UUID,YES,Target column for domain entity 101 field 7 in modern schema
target_domain_entity_0101,start_time,TIMESTAMPTZ,YES,Target column for domain entity 101 field 8 in modern schema
target_domain_entity_0101,end_time,TIMESTAMPTZ,YES,Target column for domain entity 101 field 9 in modern schema
target_domain_entity_0101,metadata,JSONB,YES,Target column for domain entity 101 field 10 in modern schema
target_domain_entity_0101,created_at,TIMESTAMPTZ,YES,Target column for domain entity 101 field 11 in modern schema
target_domain_entity_0101,updated_at,TIMESTAMPTZ,YES,Target column for domain entity 101 field 12 in modern schema
target_domain_entity_0102,id,UUID,NO,Target column for domain entity 102 field 1 in modern schema
target_domain_entity_0102,name,VARCHAR(255),NO,Target column for domain entity 102 field 2 in modern schema
target_domain_entity_0102,external_ref,VARCHAR(100),NO,Target column for domain entity 102 field 3 in modern schema
target_domain_entity_0102,state,VARCHAR(30),NO,Target column for domain entity 102 field 4 in modern schema
target_domain_entity_0102,amount,BIGINT,YES,Target column for domain entity 102 field 5 in modern schema
target_domain_entity_0102,count,INTEGER,YES,Target column for domain entity 102 field 6 in modern schema
target_domain_entity_0102,parent_ref,UUID,YES,Target column for domain entity 102 field 7 in modern schema
target_domain_entity_0102,start_time,TIMESTAMPTZ,YES,Target column for domain entity 102 field 8 in modern schema
target_domain_entity_0102,end_time,TIMESTAMPTZ,YES,Target column for domain entity 102 field 9 in modern schema
target_domain_entity_0102,metadata,JSONB,YES,Target column for domain entity 102 field 10 in modern schema
target_domain_entity_0102,created_at,TIMESTAMPTZ,YES,Target column for domain entity 102 field 11 in modern schema
target_domain_entity_0102,updated_at,TIMESTAMPTZ,YES,Target column for domain entity 102 field 12 in modern schema
target_domain_entity_0103,id,UUID,NO,Target column for domain entity 103 field 1 in modern schema
target_domain_entity_0103,name,VARCHAR(255),NO,Target column for domain entity 103 field 2 in modern schema
target_domain_entity_0103,external_ref,VARCHAR(100),NO,Target column for domain entity 103 field 3 in modern schema
target_domain_entity_0103,state,VARCHAR(30),NO,Target column for domain entity 103 field 4 in modern schema
target_domain_entity_0103,amount,BIGINT,YES,Target column for domain entity 103 field 5 in modern schema
target_domain_entity_0103,count,INTEGER,YES,Target column for domain entity 103 field 6 in modern schema
target_domain_entity_0103,parent_ref,UUID,YES,Target column for domain entity 103 field 7 in modern schema
target_domain_entity_0103,start_time,TIMESTAMPTZ,YES,Target column for domain entity 103 field 8 in modern schema
target_domain_entity_0103,end_time,TIMESTAMPTZ,YES,Target column for domain entity 103 field 9 in modern schema
target_domain_entity_0103,metadata,JSONB,YES,Target column for domain entity 103 field 10 in modern schema
target_domain_entity_0103,created_at,TIMESTAMPTZ,YES,Target column for domain entity 103 field 11 in modern schema
target_domain_entity_0103,updated_at,TIMESTAMPTZ,YES,Target column for domain entity 103 field 12 in modern schema
target_domain_entity_0104,id,UUID,NO,Target column for domain entity 104 field 1 in modern schema
target_domain_entity_0104,name,VARCHAR(255),NO,Target column for domain entity 104 field 2 in modern schema
target_domain_entity_0104,external_ref,VARCHAR(100),NO,Target column for domain entity 104 field 3 in modern schema
target_domain_entity_0104,state,VARCHAR(30),NO,Target column for domain entity 104 field 4 in modern schema
target_domain_entity_0104,amount,BIGINT,YES,Target column for domain entity 104 field 5 in modern schema
target_domain_entity_0104,count,INTEGER,YES,Target column for domain entity 104 field 6 in modern schema
target_domain_entity_0104,parent_ref,UUID,YES,Target column for domain entity 104 field 7 in modern schema
target_domain_entity_0104,start_time,TIMESTAMPTZ,YES,Target column for domain entity 104 field 8 in modern schema
target_domain_entity_0104,end_time,TIMESTAMPTZ,YES,Target column for domain entity 104 field 9 in modern schema
target_domain_entity_0104,metadata,JSONB,YES,Target column for domain entity 104 field 10 in modern schema
target_domain_entity_0104,created_at,TIMESTAMPTZ,YES,Target column for domain entity 104 field 11 in modern schema
target_domain_entity_0104,updated_at,TIMESTAMPTZ,YES,Target column for domain entity 104 field 12 in modern schema
target_domain_entity_0105,id,UUID,NO,Target column for domain entity 105 field 1 in modern schema
target_domain_entity_0105,name,VARCHAR(255),NO,Target column for domain entity 105 field 2 in modern schema
target_domain_entity_0105,external_ref,VARCHAR(100),NO,Target column for domain entity 105 field 3 in modern schema
target_domain_entity_0105,state,VARCHAR(30),NO,Target column for domain entity 105 field 4 in modern schema
target_domain_entity_0105,amount,BIGINT,YES,Target column for domain entity 105 field 5 in modern schema
target_domain_entity_0105,count,INTEGER,YES,Target column for domain entity 105 field 6 in modern schema
target_domain_entity_0105,parent_ref,UUID,YES,Target column for domain entity 105 field 7 in modern schema
target_domain_entity_0105,start_time,TIMESTAMPTZ,YES,Target column for domain entity 105 field 8 in modern schema
target_domain_entity_0105,end_time,TIMESTAMPTZ,YES,Target column for domain entity 105 field 9 in modern schema
target_domain_entity_0105,metadata,JSONB,YES,Target column for domain entity 105 field 10 in modern schema
target_domain_entity_0105,created_at,TIMESTAMPTZ,YES,Target column for domain entity 105 field 11 in modern schema
target_domain_entity_0105,updated_at,TIMESTAMPTZ,YES,Target column for domain entity 105 field 12 in modern schema
target_domain_entity_0106,id,UUID,NO,Target column for domain entity 106 field 1 in modern schema
target_domain_entity_0106,name,VARCHAR(255),NO,Target column for domain entity 106 field 2 in modern schema
target_domain_entity_0106,external_ref,VARCHAR(100),NO,Target column for domain entity 106 field 3 in modern schema
target_domain_entity_0106,state,VARCHAR(30),NO,Target column for domain entity 106 field 4 in modern schema
target_domain_entity_0106,amount,BIGINT,YES,Target column for domain entity 106 field 5 in modern schema
target_domain_entity_0106,count,INTEGER,YES,Target column for domain entity 106 field 6 in modern schema
target_domain_entity_0106,parent_ref,UUID,YES,Target column for domain entity 106 field 7 in modern schema
target_domain_entity_0106,start_time,TIMESTAMPTZ,YES,Target column for domain entity 106 field 8 in modern schema
target_domain_entity_0106,end_time,TIMESTAMPTZ,YES,Target column for domain entity 106 field 9 in modern schema
target_domain_entity_0106,metadata,JSONB,YES,Target column for domain entity 106 field 10 in modern schema
target_domain_entity_0106,created_at,TIMESTAMPTZ,YES,Target column for domain entity 106 field 11 in modern schema
target_domain_entity_0106,updated_at,TIMESTAMPTZ,YES,Target column for domain entity 106 field 12 in modern schema
target_domain_entity_0107,id,UUID,NO,Target column for domain entity 107 field 1 in modern schema
target_domain_entity_0107,name,VARCHAR(255),NO,Target column for domain entity 107 field 2 in modern schema
target_domain_entity_0107,external_ref,VARCHAR(100),NO,Target column for domain entity 107 field 3 in modern schema
target_domain_entity_0107,state,VARCHAR(30),NO,Target column for domain entity 107 field 4 in modern schema
target_domain_entity_0107,amount,BIGINT,YES,Target column for domain entity 107 field 5 in modern schema
target_domain_entity_0107,count,INTEGER,YES,Target column for domain entity 107 field 6 in modern schema
target_domain_entity_0107,parent_ref,UUID,YES,Target column for domain entity 107 field 7 in modern schema
target_domain_entity_0107,start_time,TIMESTAMPTZ,YES,Target column for domain entity 107 field 8 in modern schema
target_domain_entity_0107,end_time,TIMESTAMPTZ,YES,Target column for domain entity 107 field 9 in modern schema
target_domain_entity_0107,metadata,JSONB,YES,Target column for domain entity 107 field 10 in modern schema
target_domain_entity_0107,created_at,TIMESTAMPTZ,YES,Target column for domain entity 107 field 11 in modern schema
target_domain_entity_0107,updated_at,TIMESTAMPTZ,YES,Target column for domain entity 107 field 12 in modern schema
target_domain_entity_0108,id,UUID,NO,Target column for domain entity 108 field 1 in modern schema
target_domain_entity_0108,name,VARCHAR(255),NO,Target column for domain entity 108 field 2 in modern schema
target_domain_entity_0108,external_ref,VARCHAR(100),NO,Target column for domain entity 108 field 3 in modern schema
target_domain_entity_0108,state,VARCHAR(30),NO,Target column for domain entity 108 field 4 in modern schema
target_domain_entity_0108,amount,BIGINT,YES,Target column for domain entity 108 field 5 in modern schema
target_domain_entity_0108,count,INTEGER,YES,Target column for domain entity 108 field 6 in modern schema
target_domain_entity_0108,parent_ref,UUID,YES,Target column for domain entity 108 field 7 in modern schema
target_domain_entity_0108,start_time,TIMESTAMPTZ,YES,Target column for domain entity 108 field 8 in modern schema
target_domain_entity_0108,end_time,TIMESTAMPTZ,YES,Target column for domain entity 108 field 9 in modern schema
target_domain_entity_0108,metadata,JSONB,YES,Target column for domain entity 108 field 10 in modern schema
target_domain_entity_0108,created_at,TIMESTAMPTZ,YES,Target column for domain entity 108 field 11 in modern schema
target_domain_entity_0108,updated_at,TIMESTAMPTZ,YES,Target column for domain entity 108 field 12 in modern schema
target_domain_entity_0109,id,UUID,NO,Target column for domain entity 109 field 1 in modern schema
target_domain_entity_0109,name,VARCHAR(255),NO,Target column for domain entity 109 field 2 in modern schema
target_domain_entity_0109,external_ref,VARCHAR(100),NO,Target column for domain entity 109 field 3 in modern schema
target_domain_entity_0109,state,VARCHAR(30),NO,Target column for domain entity 109 field 4 in modern schema
target_domain_entity_0109,amount,BIGINT,YES,Target column for domain entity 109 field 5 in modern schema
target_domain_entity_0109,count,INTEGER,YES,Target column for domain entity 109 field 6 in modern schema
target_domain_entity_0109,parent_ref,UUID,YES,Target column for domain entity 109 field 7 in modern schema
target_domain_entity_0109,start_time,TIMESTAMPTZ,YES,Target column for domain entity 109 field 8 in modern schema
target_domain_entity_0109,end_time,TIMESTAMPTZ,YES,Target column for domain entity 109 field 9 in modern schema
target_domain_entity_0109,metadata,JSONB,YES,Target column for domain entity 109 field 10 in modern schema
target_domain_entity_0109,created_at,TIMESTAMPTZ,YES,Target column for domain entity 109 field 11 in modern schema
target_domain_entity_0109,updated_at,TIMESTAMPTZ,YES,Target column for domain entity 109 field 12 in modern schema
target_domain_entity_0110,id,UUID,NO,Target column for domain entity 110 field 1 in modern schema
target_domain_entity_0110,name,VARCHAR(255),NO,Target column for domain entity 110 field 2 in modern schema
target_domain_entity_0110,external_ref,VARCHAR(100),NO,Target column for domain entity 110 field 3 in modern schema
target_domain_entity_0110,state,VARCHAR(30),NO,Target column for domain entity 110 field 4 in modern schema
target_domain_entity_0110,amount,BIGINT,YES,Target column for domain entity 110 field 5 in modern schema
target_domain_entity_0110,count,INTEGER,YES,Target column for domain entity 110 field 6 in modern schema
target_domain_entity_0110,parent_ref,UUID,YES,Target column for domain entity 110 field 7 in modern schema
target_domain_entity_0110,start_time,TIMESTAMPTZ,YES,Target column for domain entity 110 field 8 in modern schema
target_domain_entity_0110,end_time,TIMESTAMPTZ,YES,Target column for domain entity 110 field 9 in modern schema
target_domain_entity_0110,metadata,JSONB,YES,Target column for domain entity 110 field 10 in modern schema
target_domain_entity_0110,created_at,TIMESTAMPTZ,YES,Target column for domain entity 110 field 11 in modern schema
target_domain_entity_0110,updated_at,TIMESTAMPTZ,YES,Target column for domain entity 110 field 12 in modern schema
target_domain_entity_0111,id,UUID,NO,Target column for domain entity 111 field 1 in modern schema
target_domain_entity_0111,name,VARCHAR(255),NO,Target column for domain entity 111 field 2 in modern schema
target_domain_entity_0111,external_ref,VARCHAR(100),NO,Target column for domain entity 111 field 3 in modern schema
target_domain_entity_0111,state,VARCHAR(30),NO,Target column for domain entity 111 field 4 in modern schema
target_domain_entity_0111,amount,BIGINT,YES,Target column for domain entity 111 field 5 in modern schema
target_domain_entity_0111,count,INTEGER,YES,Target column for domain entity 111 field 6 in modern schema
target_domain_entity_0111,parent_ref,UUID,YES,Target column for domain entity 111 field 7 in modern schema
target_domain_entity_0111,start_time,TIMESTAMPTZ,YES,Target column for domain entity 111 field 8 in modern schema
target_domain_entity_0111,end_time,TIMESTAMPTZ,YES,Target column for domain entity 111 field 9 in modern schema
target_domain_entity_0111,metadata,JSONB,YES,Target column for domain entity 111 field 10 in modern schema
target_domain_entity_0111,created_at,TIMESTAMPTZ,YES,Target column for domain entity 111 field 11 in modern schema
target_domain_entity_0111,updated_at,TIMESTAMPTZ,YES,Target column for domain entity 111 field 12 in modern schema
target_domain_entity_0112,id,UUID,NO,Target column for domain entity 112 field 1 in modern schema
target_domain_entity_0112,name,VARCHAR(255),NO,Target column for domain entity 112 field 2 in modern schema
target_domain_entity_0112,external_ref,VARCHAR(100),NO,Target column for domain entity 112 field 3 in modern schema
target_domain_entity_0112,state,VARCHAR(30),NO,Target column for domain entity 112 field 4 in modern schema
target_domain_entity_0112,amount,BIGINT,YES,Target column for domain entity 112 field 5 in modern schema
target_domain_entity_0112,count,INTEGER,YES,Target column for domain entity 112 field 6 in modern schema
target_domain_entity_0112,parent_ref,UUID,YES,Target column for domain entity 112 field 7 in modern schema
target_domain_entity_0112,start_time,TIMESTAMPTZ,YES,Target column for domain entity 112 field 8 in modern schema
target_domain_entity_0112,end_time,TIMESTAMPTZ,YES,Target column for domain entity 112 field 9 in modern schema
target_domain_entity_0112,metadata,JSONB,YES,Target column for domain entity 112 field 10 in modern schema
target_domain_entity_0112,created_at,TIMESTAMPTZ,YES,Target column for domain entity 112 field 11 in modern schema
target_domain_entity_0112,updated_at,TIMESTAMPTZ,YES,Target column for domain entity 112 field 12 in modern schema
target_domain_entity_0113,id,UUID,NO,Target column for domain entity 113 field 1 in modern schema
target_domain_entity_0113,name,VARCHAR(255),NO,Target column for domain entity 113 field 2 in modern schema
target_domain_entity_0113,external_ref,VARCHAR(100),NO,Target column for domain entity 113 field 3 in modern schema
target_domain_entity_0113,state,VARCHAR(30),NO,Target column for domain entity 113 field 4 in modern schema
target_domain_entity_0113,amount,BIGINT,YES,Target column for domain entity 113 field 5 in modern schema
target_domain_entity_0113,count,INTEGER,YES,Target column for domain entity 113 field 6 in modern schema
target_domain_entity_0113,parent_ref,UUID,YES,Target column for domain entity 113 field 7 in modern schema
target_domain_entity_0113,start_time,TIMESTAMPTZ,YES,Target column for domain entity 113 field 8 in modern schema
target_domain_entity_0113,end_time,TIMESTAMPTZ,YES,Target column for domain entity 113 field 9 in modern schema
target_domain_entity_0113,metadata,JSONB,YES,Target column for domain entity 113 field 10 in modern schema
target_domain_entity_0113,created_at,TIMESTAMPTZ,YES,Target column for domain entity 113 field 11 in modern schema
target_domain_entity_0113,updated_at,TIMESTAMPTZ,YES,Target column for domain entity 113 field 12 in modern schema
target_domain_entity_0114,id,UUID,NO,Target column for domain entity 114 field 1 in modern schema
target_domain_entity_0114,name,VARCHAR(255),NO,Target column for domain entity 114 field 2 in modern schema
target_domain_entity_0114,external_ref,VARCHAR(100),NO,Target column for domain entity 114 field 3 in modern schema
target_domain_entity_0114,state,VARCHAR(30),NO,Target column for domain entity 114 field 4 in modern schema
target_domain_entity_0114,amount,BIGINT,YES,Target column for domain entity 114 field 5 in modern schema
target_domain_entity_0114,count,INTEGER,YES,Target column for domain entity 114 field 6 in modern schema
target_domain_entity_0114,parent_ref,UUID,YES,Target column for domain entity 114 field 7 in modern schema
target_domain_entity_0114,start_time,TIMESTAMPTZ,YES,Target column for domain entity 114 field 8 in modern schema
target_domain_entity_0114,end_time,TIMESTAMPTZ,YES,Target column for domain entity 114 field 9 in modern schema
target_domain_entity_0114,metadata,JSONB,YES,Target column for domain entity 114 field 10 in modern schema
target_domain_entity_0114,created_at,TIMESTAMPTZ,YES,Target column for domain entity 114 field 11 in modern schema
target_domain_entity_0114,updated_at,TIMESTAMPTZ,YES,Target column for domain entity 114 field 12 in modern schema
target_domain_entity_0115,id,UUID,NO,Target column for domain entity 115 field 1 in modern schema
target_domain_entity_0115,name,VARCHAR(255),NO,Target column for domain entity 115 field 2 in modern schema
target_domain_entity_0115,external_ref,VARCHAR(100),NO,Target column for domain entity 115 field 3 in modern schema
target_domain_entity_0115,state,VARCHAR(30),NO,Target column for domain entity 115 field 4 in modern schema
target_domain_entity_0115,amount,BIGINT,YES,Target column for domain entity 115 field 5 in modern schema
target_domain_entity_0115,count,INTEGER,YES,Target column for domain entity 115 field 6 in modern schema
target_domain_entity_0115,parent_ref,UUID,YES,Target column for domain entity 115 field 7 in modern schema
target_domain_entity_0115,start_time,TIMESTAMPTZ,YES,Target column for domain entity 115 field 8 in modern schema
target_domain_entity_0115,end_time,TIMESTAMPTZ,YES,Target column for domain entity 115 field 9 in modern schema
target_domain_entity_0115,metadata,JSONB,YES,Target column for domain entity 115 field 10 in modern schema
target_domain_entity_0115,created_at,TIMESTAMPTZ,YES,Target column for domain entity 115 field 11 in modern schema
target_domain_entity_0115,updated_at,TIMESTAMPTZ,YES,Target column for domain entity 115 field 12 in modern schema
target_domain_entity_0116,id,UUID,NO,Target column for domain entity 116 field 1 in modern schema
target_domain_entity_0116,name,VARCHAR(255),NO,Target column for domain entity 116 field 2 in modern schema
target_domain_entity_0116,external_ref,VARCHAR(100),NO,Target column for domain entity 116 field 3 in modern schema
target_domain_entity_0116,state,VARCHAR(30),NO,Target column for domain entity 116 field 4 in modern schema
target_domain_entity_0116,amount,BIGINT,YES,Target column for domain entity 116 field 5 in modern schema
target_domain_entity_0116,count,INTEGER,YES,Target column for domain entity 116 field 6 in modern schema
target_domain_entity_0116,parent_ref,UUID,YES,Target column for domain entity 116 field 7 in modern schema
target_domain_entity_0116,start_time,TIMESTAMPTZ,YES,Target column for domain entity 116 field 8 in modern schema
target_domain_entity_0116,end_time,TIMESTAMPTZ,YES,Target column for domain entity 116 field 9 in modern schema
target_domain_entity_0116,metadata,JSONB,YES,Target column for domain entity 116 field 10 in modern schema
target_domain_entity_0116,created_at,TIMESTAMPTZ,YES,Target column for domain entity 116 field 11 in modern schema
target_domain_entity_0116,updated_at,TIMESTAMPTZ,YES,Target column for domain entity 116 field 12 in modern schema
target_domain_entity_0117,id,UUID,NO,Target column for domain entity 117 field 1 in modern schema
target_domain_entity_0117,name,VARCHAR(255),NO,Target column for domain entity 117 field 2 in modern schema
target_domain_entity_0117,external_ref,VARCHAR(100),NO,Target column for domain entity 117 field 3 in modern schema
target_domain_entity_0117,state,VARCHAR(30),NO,Target column for domain entity 117 field 4 in modern schema
target_domain_entity_0117,amount,BIGINT,YES,Target column for domain entity 117 field 5 in modern schema
target_domain_entity_0117,count,INTEGER,YES,Target column for domain entity 117 field 6 in modern schema
target_domain_entity_0117,parent_ref,UUID,YES,Target column for domain entity 117 field 7 in modern schema
target_domain_entity_0117,start_time,TIMESTAMPTZ,YES,Target column for domain entity 117 field 8 in modern schema
target_domain_entity_0117,end_time,TIMESTAMPTZ,YES,Target column for domain entity 117 field 9 in modern schema
target_domain_entity_0117,metadata,JSONB,YES,Target column for domain entity 117 field 10 in modern schema
target_domain_entity_0117,created_at,TIMESTAMPTZ,YES,Target column for domain entity 117 field 11 in modern schema
target_domain_entity_0117,updated_at,TIMESTAMPTZ,YES,Target column for domain entity 117 field 12 in modern schema
target_domain_entity_0118,id,UUID,NO,Target column for domain entity 118 field 1 in modern schema
target_domain_entity_0118,name,VARCHAR(255),NO,Target column for domain entity 118 field 2 in modern schema
target_domain_entity_0118,external_ref,VARCHAR(100),NO,Target column for domain entity 118 field 3 in modern schema
target_domain_entity_0118,state,VARCHAR(30),NO,Target column for domain entity 118 field 4 in modern schema
target_domain_entity_0118,amount,BIGINT,YES,Target column for domain entity 118 field 5 in modern schema
target_domain_entity_0118,count,INTEGER,YES,Target column for domain entity 118 field 6 in modern schema
target_domain_entity_0118,parent_ref,UUID,YES,Target column for domain entity 118 field 7 in modern schema
target_domain_entity_0118,start_time,TIMESTAMPTZ,YES,Target column for domain entity 118 field 8 in modern schema
target_domain_entity_0118,end_time,TIMESTAMPTZ,YES,Target column for domain entity 118 field 9 in modern schema
target_domain_entity_0118,metadata,JSONB,YES,Target column for domain entity 118 field 10 in modern schema
target_domain_entity_0118,created_at,TIMESTAMPTZ,YES,Target column for domain entity 118 field 11 in modern schema
target_domain_entity_0118,updated_at,TIMESTAMPTZ,YES,Target column for domain entity 118 field 12 in modern schema
target_domain_entity_0119,id,UUID,NO,Target column for domain entity 119 field 1 in modern schema
target_domain_entity_0119,name,VARCHAR(255),NO,Target column for domain entity 119 field 2 in modern schema
target_domain_entity_0119,external_ref,VARCHAR(100),NO,Target column for domain entity 119 field 3 in modern schema
target_domain_entity_0119,state,VARCHAR(30),NO,Target column for domain entity 119 field 4 in modern schema
target_domain_entity_0119,amount,BIGINT,YES,Target column for domain entity 119 field 5 in modern schema
target_domain_entity_0119,count,INTEGER,YES,Target column for domain entity 119 field 6 in modern schema
target_domain_entity_0119,parent_ref,UUID,YES,Target column for domain entity 119 field 7 in modern schema
target_domain_entity_0119,start_time,TIMESTAMPTZ,YES,Target column for domain entity 119 field 8 in modern schema
target_domain_entity_0119,end_time,TIMESTAMPTZ,YES,Target column for domain entity 119 field 9 in modern schema
target_domain_entity_0119,metadata,JSONB,YES,Target column for domain entity 119 field 10 in modern schema
target_domain_entity_0119,created_at,TIMESTAMPTZ,YES,Target column for domain entity 119 field 11 in modern schema
target_domain_entity_0119,updated_at,TIMESTAMPTZ,YES,Target column for domain entity 119 field 12 in modern schema
target_domain_entity_0120,id,UUID,NO,Target column for domain entity 120 field 1 in modern schema
target_domain_entity_0120,name,VARCHAR(255),NO,Target column for domain entity 120 field 2 in modern schema
target_domain_entity_0120,external_ref,VARCHAR(100),NO,Target column for domain entity 120 field 3 in modern schema
target_domain_entity_0120,state,VARCHAR(30),NO,Target column for domain entity 120 field 4 in modern schema
target_domain_entity_0120,amount,BIGINT,YES,Target column for domain entity 120 field 5 in modern schema
target_domain_entity_0120,count,INTEGER,YES,Target column for domain entity 120 field 6 in modern schema
target_domain_entity_0120,parent_ref,UUID,YES,Target column for domain entity 120 field 7 in modern schema
target_domain_entity_0120,start_time,TIMESTAMPTZ,YES,Target column for domain entity 120 field 8 in modern schema
target_domain_entity_0120,end_time,TIMESTAMPTZ,YES,Target column for domain entity 120 field 9 in modern schema
target_domain_entity_0120,metadata,JSONB,YES,Target column for domain entity 120 field 10 in modern schema
target_domain_entity_0120,created_at,TIMESTAMPTZ,YES,Target column for domain entity 120 field 11 in modern schema
target_domain_entity_0120,updated_at,TIMESTAMPTZ,YES,Target column for domain entity 120 field 12 in modern schema
target_domain_entity_0121,id,UUID,NO,Target column for domain entity 121 field 1 in modern schema
target_domain_entity_0121,name,VARCHAR(255),NO,Target column for domain entity 121 field 2 in modern schema
target_domain_entity_0121,external_ref,VARCHAR(100),NO,Target column for domain entity 121 field 3 in modern schema
target_domain_entity_0121,state,VARCHAR(30),NO,Target column for domain entity 121 field 4 in modern schema
target_domain_entity_0121,amount,BIGINT,YES,Target column for domain entity 121 field 5 in modern schema
target_domain_entity_0121,count,INTEGER,YES,Target column for domain entity 121 field 6 in modern schema
target_domain_entity_0121,parent_ref,UUID,YES,Target column for domain entity 121 field 7 in modern schema
target_domain_entity_0121,start_time,TIMESTAMPTZ,YES,Target column for domain entity 121 field 8 in modern schema
target_domain_entity_0121,end_time,TIMESTAMPTZ,YES,Target column for domain entity 121 field 9 in modern schema
target_domain_entity_0121,metadata,JSONB,YES,Target column for domain entity 121 field 10 in modern schema
target_domain_entity_0121,created_at,TIMESTAMPTZ,YES,Target column for domain entity 121 field 11 in modern schema
target_domain_entity_0121,updated_at,TIMESTAMPTZ,YES,Target column for domain entity 121 field 12 in modern schema
target_domain_entity_0122,id,UUID,NO,Target column for domain entity 122 field 1 in modern schema
target_domain_entity_0122,name,VARCHAR(255),NO,Target column for domain entity 122 field 2 in modern schema
target_domain_entity_0122,external_ref,VARCHAR(100),NO,Target column for domain entity 122 field 3 in modern schema
target_domain_entity_0122,state,VARCHAR(30),NO,Target column for domain entity 122 field 4 in modern schema
target_domain_entity_0122,amount,BIGINT,YES,Target column for domain entity 122 field 5 in modern schema
target_domain_entity_0122,count,INTEGER,YES,Target column for domain entity 122 field 6 in modern schema
target_domain_entity_0122,parent_ref,UUID,YES,Target column for domain entity 122 field 7 in modern schema
target_domain_entity_0122,start_time,TIMESTAMPTZ,YES,Target column for domain entity 122 field 8 in modern schema
target_domain_entity_0122,end_time,TIMESTAMPTZ,YES,Target column for domain entity 122 field 9 in modern schema
target_domain_entity_0122,metadata,JSONB,YES,Target column for domain entity 122 field 10 in modern schema
target_domain_entity_0122,created_at,TIMESTAMPTZ,YES,Target column for domain entity 122 field 11 in modern schema
target_domain_entity_0122,updated_at,TIMESTAMPTZ,YES,Target column for domain entity 122 field 12 in modern schema
target_domain_entity_0123,id,UUID,NO,Target column for domain entity 123 field 1 in modern schema
target_domain_entity_0123,name,VARCHAR(255),NO,Target column for domain entity 123 field 2 in modern schema
target_domain_entity_0123,external_ref,VARCHAR(100),NO,Target column for domain entity 123 field 3 in modern schema
target_domain_entity_0123,state,VARCHAR(30),NO,Target column for domain entity 123 field 4 in modern schema
target_domain_entity_0123,amount,BIGINT,YES,Target column for domain entity 123 field 5 in modern schema
target_domain_entity_0123,count,INTEGER,YES,Target column for domain entity 123 field 6 in modern schema
target_domain_entity_0123,parent_ref,UUID,YES,Target column for domain entity 123 field 7 in modern schema
target_domain_entity_0123,start_time,TIMESTAMPTZ,YES,Target column for domain entity 123 field 8 in modern schema
target_domain_entity_0123,end_time,TIMESTAMPTZ,YES,Target column for domain entity 123 field 9 in modern schema
target_domain_entity_0123,metadata,JSONB,YES,Target column for domain entity 123 field 10 in modern schema
target_domain_entity_0123,created_at,TIMESTAMPTZ,YES,Target column for domain entity 123 field 11 in modern schema
target_domain_entity_0123,updated_at,TIMESTAMPTZ,YES,Target column for domain entity 123 field 12 in modern schema
target_domain_entity_0124,id,UUID,NO,Target column for domain entity 124 field 1 in modern schema
target_domain_entity_0124,name,VARCHAR(255),NO,Target column for domain entity 124 field 2 in modern schema
target_domain_entity_0124,external_ref,VARCHAR(100),NO,Target column for domain entity 124 field 3 in modern schema
target_domain_entity_0124,state,VARCHAR(30),NO,Target column for domain entity 124 field 4 in modern schema
target_domain_entity_0124,amount,BIGINT,YES,Target column for domain entity 124 field 5 in modern schema
target_domain_entity_0124,count,INTEGER,YES,Target column for domain entity 124 field 6 in modern schema
target_domain_entity_0124,parent_ref,UUID,YES,Target column for domain entity 124 field 7 in modern schema
target_domain_entity_0124,start_time,TIMESTAMPTZ,YES,Target column for domain entity 124 field 8 in modern schema
target_domain_entity_0124,end_time,TIMESTAMPTZ,YES,Target column for domain entity 124 field 9 in modern schema
target_domain_entity_0124,metadata,JSONB,YES,Target column for domain entity 124 field 10 in modern schema
target_domain_entity_0124,created_at,TIMESTAMPTZ,YES,Target column for domain entity 124 field 11 in modern schema
target_domain_entity_0124,updated_at,TIMESTAMPTZ,YES,Target column for domain entity 124 field 12 in modern schema
target_domain_entity_0125,id,UUID,NO,Target column for domain entity 125 field 1 in modern schema
target_domain_entity_0125,name,VARCHAR(255),NO,Target column for domain entity 125 field 2 in modern schema
target_domain_entity_0125,external_ref,VARCHAR(100),NO,Target column for domain entity 125 field 3 in modern schema
target_domain_entity_0125,state,VARCHAR(30),NO,Target column for domain entity 125 field 4 in modern schema
target_domain_entity_0125,amount,BIGINT,YES,Target column for domain entity 125 field 5 in modern schema
target_domain_entity_0125,count,INTEGER,YES,Target column for domain entity 125 field 6 in modern schema
target_domain_entity_0125,parent_ref,UUID,YES,Target column for domain entity 125 field 7 in modern schema
target_domain_entity_0125,start_time,TIMESTAMPTZ,YES,Target column for domain entity 125 field 8 in modern schema
target_domain_entity_0125,end_time,TIMESTAMPTZ,YES,Target column for domain entity 125 field 9 in modern schema
target_domain_entity_0125,metadata,JSONB,YES,Target column for domain entity 125 field 10 in modern schema
target_domain_entity_0125,created_at,TIMESTAMPTZ,YES,Target column for domain entity 125 field 11 in modern schema
target_domain_entity_0125,updated_at,TIMESTAMPTZ,YES,Target column for domain entity 125 field 12 in modern schema
target_domain_entity_0126,id,UUID,NO,Target column for domain entity 126 field 1 in modern schema
target_domain_entity_0126,name,VARCHAR(255),NO,Target column for domain entity 126 field 2 in modern schema
target_domain_entity_0126,external_ref,VARCHAR(100),NO,Target column for domain entity 126 field 3 in modern schema
target_domain_entity_0126,state,VARCHAR(30),NO,Target column for domain entity 126 field 4 in modern schema
target_domain_entity_0126,amount,BIGINT,YES,Target column for domain entity 126 field 5 in modern schema
target_domain_entity_0126,count,INTEGER,YES,Target column for domain entity 126 field 6 in modern schema
target_domain_entity_0126,parent_ref,UUID,YES,Target column for domain entity 126 field 7 in modern schema
target_domain_entity_0126,start_time,TIMESTAMPTZ,YES,Target column for domain entity 126 field 8 in modern schema
target_domain_entity_0126,end_time,TIMESTAMPTZ,YES,Target column for domain entity 126 field 9 in modern schema
target_domain_entity_0126,metadata,JSONB,YES,Target column for domain entity 126 field 10 in modern schema
target_domain_entity_0126,created_at,TIMESTAMPTZ,YES,Target column for domain entity 126 field 11 in modern schema
target_domain_entity_0126,updated_at,TIMESTAMPTZ,YES,Target column for domain entity 126 field 12 in modern schema
target_domain_entity_0127,id,UUID,NO,Target column for domain entity 127 field 1 in modern schema
target_domain_entity_0127,name,VARCHAR(255),NO,Target column for domain entity 127 field 2 in modern schema
target_domain_entity_0127,external_ref,VARCHAR(100),NO,Target column for domain entity 127 field 3 in modern schema
target_domain_entity_0127,state,VARCHAR(30),NO,Target column for domain entity 127 field 4 in modern schema
target_domain_entity_0127,amount,BIGINT,YES,Target column for domain entity 127 field 5 in modern schema
target_domain_entity_0127,count,INTEGER,YES,Target column for domain entity 127 field 6 in modern schema
target_domain_entity_0127,parent_ref,UUID,YES,Target column for domain entity 127 field 7 in modern schema
target_domain_entity_0127,start_time,TIMESTAMPTZ,YES,Target column for domain entity 127 field 8 in modern schema
target_domain_entity_0127,end_time,TIMESTAMPTZ,YES,Target column for domain entity 127 field 9 in modern schema
target_domain_entity_0127,metadata,JSONB,YES,Target column for domain entity 127 field 10 in modern schema
target_domain_entity_0127,created_at,TIMESTAMPTZ,YES,Target column for domain entity 127 field 11 in modern schema
target_domain_entity_0127,updated_at,TIMESTAMPTZ,YES,Target column for domain entity 127 field 12 in modern schema
target_domain_entity_0128,id,UUID,NO,Target column for domain entity 128 field 1 in modern schema
target_domain_entity_0128,name,VARCHAR(255),NO,Target column for domain entity 128 field 2 in modern schema
target_domain_entity_0128,external_ref,VARCHAR(100),NO,Target column for domain entity 128 field 3 in modern schema
target_domain_entity_0128,state,VARCHAR(30),NO,Target column for domain entity 128 field 4 in modern schema
target_domain_entity_0128,amount,BIGINT,YES,Target column for domain entity 128 field 5 in modern schema
target_domain_entity_0128,count,INTEGER,YES,Target column for domain entity 128 field 6 in modern schema
target_domain_entity_0128,parent_ref,UUID,YES,Target column for domain entity 128 field 7 in modern schema
target_domain_entity_0128,start_time,TIMESTAMPTZ,YES,Target column for domain entity 128 field 8 in modern schema
target_domain_entity_0128,end_time,TIMESTAMPTZ,YES,Target column for domain entity 128 field 9 in modern schema
target_domain_entity_0128,metadata,JSONB,YES,Target column for domain entity 128 field 10 in modern schema
target_domain_entity_0128,created_at,TIMESTAMPTZ,YES,Target column for domain entity 128 field 11 in modern schema
target_domain_entity_0128,updated_at,TIMESTAMPTZ,YES,Target column for domain entity 128 field 12 in modern schema
target_domain_entity_0129,id,UUID,NO,Target column for domain entity 129 field 1 in modern schema
target_domain_entity_0129,name,VARCHAR(255),NO,Target column for domain entity 129 field 2 in modern schema
target_domain_entity_0129,external_ref,VARCHAR(100),NO,Target column for domain entity 129 field 3 in modern schema
target_domain_entity_0129,state,VARCHAR(30),NO,Target column for domain entity 129 field 4 in modern schema
target_domain_entity_0129,amount,BIGINT,YES,Target column for domain entity 129 field 5 in modern schema
target_domain_entity_0129,count,INTEGER,YES,Target column for domain entity 129 field 6 in modern schema
target_domain_entity_0129,parent_ref,UUID,YES,Target column for domain entity 129 field 7 in modern schema
target_domain_entity_0129,start_time,TIMESTAMPTZ,YES,Target column for domain entity 129 field 8 in modern schema
target_domain_entity_0129,end_time,TIMESTAMPTZ,YES,Target column for domain entity 129 field 9 in modern schema
target_domain_entity_0129,metadata,JSONB,YES,Target column for domain entity 129 field 10 in modern schema
target_domain_entity_0129,created_at,TIMESTAMPTZ,YES,Target column for domain entity 129 field 11 in modern schema
target_domain_entity_0129,updated_at,TIMESTAMPTZ,YES,Target column for domain entity 129 field 12 in modern schema
target_domain_entity_0130,id,UUID,NO,Target column for domain entity 130 field 1 in modern schema
target_domain_entity_0130,name,VARCHAR(255),NO,Target column for domain entity 130 field 2 in modern schema
target_domain_entity_0130,external_ref,VARCHAR(100),NO,Target column for domain entity 130 field 3 in modern schema
target_domain_entity_0130,state,VARCHAR(30),NO,Target column for domain entity 130 field 4 in modern schema
target_domain_entity_0130,amount,BIGINT,YES,Target column for domain entity 130 field 5 in modern schema
target_domain_entity_0130,count,INTEGER,YES,Target column for domain entity 130 field 6 in modern schema
target_domain_entity_0130,parent_ref,UUID,YES,Target column for domain entity 130 field 7 in modern schema
target_domain_entity_0130,start_time,TIMESTAMPTZ,YES,Target column for domain entity 130 field 8 in modern schema
target_domain_entity_0130,end_time,TIMESTAMPTZ,YES,Target column for domain entity 130 field 9 in modern schema
target_domain_entity_0130,metadata,JSONB,YES,Target column for domain entity 130 field 10 in modern schema
target_domain_entity_0130,created_at,TIMESTAMPTZ,YES,Target column for domain entity 130 field 11 in modern schema
target_domain_entity_0130,updated_at,TIMESTAMPTZ,YES,Target column for domain entity 130 field 12 in modern schema
target_domain_entity_0131,id,UUID,NO,Target column for domain entity 131 field 1 in modern schema
target_domain_entity_0131,name,VARCHAR(255),NO,Target column for domain entity 131 field 2 in modern schema
target_domain_entity_0131,external_ref,VARCHAR(100),NO,Target column for domain entity 131 field 3 in modern schema
target_domain_entity_0131,state,VARCHAR(30),NO,Target column for domain entity 131 field 4 in modern schema
target_domain_entity_0131,amount,BIGINT,YES,Target column for domain entity 131 field 5 in modern schema
target_domain_entity_0131,count,INTEGER,YES,Target column for domain entity 131 field 6 in modern schema
target_domain_entity_0131,parent_ref,UUID,YES,Target column for domain entity 131 field 7 in modern schema
target_domain_entity_0131,start_time,TIMESTAMPTZ,YES,Target column for domain entity 131 field 8 in modern schema
target_domain_entity_0131,end_time,TIMESTAMPTZ,YES,Target column for domain entity 131 field 9 in modern schema
target_domain_entity_0131,metadata,JSONB,YES,Target column for domain entity 131 field 10 in modern schema
target_domain_entity_0131,created_at,TIMESTAMPTZ,YES,Target column for domain entity 131 field 11 in modern schema
target_domain_entity_0131,updated_at,TIMESTAMPTZ,YES,Target column for domain entity 131 field 12 in modern schema
target_domain_entity_0132,id,UUID,NO,Target column for domain entity 132 field 1 in modern schema
target_domain_entity_0132,name,VARCHAR(255),NO,Target column for domain entity 132 field 2 in modern schema
target_domain_entity_0132,external_ref,VARCHAR(100),NO,Target column for domain entity 132 field 3 in modern schema
target_domain_entity_0132,state,VARCHAR(30),NO,Target column for domain entity 132 field 4 in modern schema
target_domain_entity_0132,amount,BIGINT,YES,Target column for domain entity 132 field 5 in modern schema
target_domain_entity_0132,count,INTEGER,YES,Target column for domain entity 132 field 6 in modern schema
target_domain_entity_0132,parent_ref,UUID,YES,Target column for domain entity 132 field 7 in modern schema
target_domain_entity_0132,start_time,TIMESTAMPTZ,YES,Target column for domain entity 132 field 8 in modern schema
target_domain_entity_0132,end_time,TIMESTAMPTZ,YES,Target column for domain entity 132 field 9 in modern schema
target_domain_entity_0132,metadata,JSONB,YES,Target column for domain entity 132 field 10 in modern schema
target_domain_entity_0132,created_at,TIMESTAMPTZ,YES,Target column for domain entity 132 field 11 in modern schema
target_domain_entity_0132,updated_at,TIMESTAMPTZ,YES,Target column for domain entity 132 field 12 in modern schema
target_domain_entity_0133,id,UUID,NO,Target column for domain entity 133 field 1 in modern schema
target_domain_entity_0133,name,VARCHAR(255),NO,Target column for domain entity 133 field 2 in modern schema
target_domain_entity_0133,external_ref,VARCHAR(100),NO,Target column for domain entity 133 field 3 in modern schema
target_domain_entity_0133,state,VARCHAR(30),NO,Target column for domain entity 133 field 4 in modern schema
target_domain_entity_0133,amount,BIGINT,YES,Target column for domain entity 133 field 5 in modern schema
target_domain_entity_0133,count,INTEGER,YES,Target column for domain entity 133 field 6 in modern schema
target_domain_entity_0133,parent_ref,UUID,YES,Target column for domain entity 133 field 7 in modern schema
target_domain_entity_0133,start_time,TIMESTAMPTZ,YES,Target column for domain entity 133 field 8 in modern schema
target_domain_entity_0133,end_time,TIMESTAMPTZ,YES,Target column for domain entity 133 field 9 in modern schema
target_domain_entity_0133,metadata,JSONB,YES,Target column for domain entity 133 field 10 in modern schema
target_domain_entity_0133,created_at,TIMESTAMPTZ,YES,Target column for domain entity 133 field 11 in modern schema
target_domain_entity_0133,updated_at,TIMESTAMPTZ,YES,Target column for domain entity 133 field 12 in modern schema
target_domain_entity_0134,id,UUID,NO,Target column for domain entity 134 field 1 in modern schema
target_domain_entity_0134,name,VARCHAR(255),NO,Target column for domain entity 134 field 2 in modern schema
target_domain_entity_0134,external_ref,VARCHAR(100),NO,Target column for domain entity 134 field 3 in modern schema
target_domain_entity_0134,state,VARCHAR(30),NO,Target column for domain entity 134 field 4 in modern schema
target_domain_entity_0134,amount,BIGINT,YES,Target column for domain entity 134 field 5 in modern schema
target_domain_entity_0134,count,INTEGER,YES,Target column for domain entity 134 field 6 in modern schema
target_domain_entity_0134,parent_ref,UUID,YES,Target column for domain entity 134 field 7 in modern schema
target_domain_entity_0134,start_time,TIMESTAMPTZ,YES,Target column for domain entity 134 field 8 in modern schema
target_domain_entity_0134,end_time,TIMESTAMPTZ,YES,Target column for domain entity 134 field 9 in modern schema
target_domain_entity_0134,metadata,JSONB,YES,Target column for domain entity 134 field 10 in modern schema
target_domain_entity_0134,created_at,TIMESTAMPTZ,YES,Target column for domain entity 134 field 11 in modern schema
target_domain_entity_0134,updated_at,TIMESTAMPTZ,YES,Target column for domain entity 134 field 12 in modern schema
target_domain_entity_0135,id,UUID,NO,Target column for domain entity 135 field 1 in modern schema
target_domain_entity_0135,name,VARCHAR(255),NO,Target column for domain entity 135 field 2 in modern schema
target_domain_entity_0135,external_ref,VARCHAR(100),NO,Target column for domain entity 135 field 3 in modern schema
target_domain_entity_0135,state,VARCHAR(30),NO,Target column for domain entity 135 field 4 in modern schema
target_domain_entity_0135,amount,BIGINT,YES,Target column for domain entity 135 field 5 in modern schema
target_domain_entity_0135,count,INTEGER,YES,Target column for domain entity 135 field 6 in modern schema
target_domain_entity_0135,parent_ref,UUID,YES,Target column for domain entity 135 field 7 in modern schema
target_domain_entity_0135,start_time,TIMESTAMPTZ,YES,Target column for domain entity 135 field 8 in modern schema
target_domain_entity_0135,end_time,TIMESTAMPTZ,YES,Target column for domain entity 135 field 9 in modern schema
target_domain_entity_0135,metadata,JSONB,YES,Target column for domain entity 135 field 10 in modern schema
target_domain_entity_0135,created_at,TIMESTAMPTZ,YES,Target column for domain entity 135 field 11 in modern schema
target_domain_entity_0135,updated_at,TIMESTAMPTZ,YES,Target column for domain entity 135 field 12 in modern schema
target_domain_entity_0136,id,UUID,NO,Target column for domain entity 136 field 1 in modern schema
target_domain_entity_0136,name,VARCHAR(255),NO,Target column for domain entity 136 field 2 in modern schema
target_domain_entity_0136,external_ref,VARCHAR(100),NO,Target column for domain entity 136 field 3 in modern schema
target_domain_entity_0136,state,VARCHAR(30),NO,Target column for domain entity 136 field 4 in modern schema
target_domain_entity_0136,amount,BIGINT,YES,Target column for domain entity 136 field 5 in modern schema
target_domain_entity_0136,count,INTEGER,YES,Target column for domain entity 136 field 6 in modern schema
target_domain_entity_0136,parent_ref,UUID,YES,Target column for domain entity 136 field 7 in modern schema
target_domain_entity_0136,start_time,TIMESTAMPTZ,YES,Target column for domain entity 136 field 8 in modern schema
target_domain_entity_0136,end_time,TIMESTAMPTZ,YES,Target column for domain entity 136 field 9 in modern schema
target_domain_entity_0136,metadata,JSONB,YES,Target column for domain entity 136 field 10 in modern schema
target_domain_entity_0136,created_at,TIMESTAMPTZ,YES,Target column for domain entity 136 field 11 in modern schema
target_domain_entity_0136,updated_at,TIMESTAMPTZ,YES,Target column for domain entity 136 field 12 in modern schema
target_domain_entity_0137,id,UUID,NO,Target column for domain entity 137 field 1 in modern schema
target_domain_entity_0137,name,VARCHAR(255),NO,Target column for domain entity 137 field 2 in modern schema
target_domain_entity_0137,external_ref,VARCHAR(100),NO,Target column for domain entity 137 field 3 in modern schema
target_domain_entity_0137,state,VARCHAR(30),NO,Target column for domain entity 137 field 4 in modern schema
target_domain_entity_0137,amount,BIGINT,YES,Target column for domain entity 137 field 5 in modern schema
target_domain_entity_0137,count,INTEGER,YES,Target column for domain entity 137 field 6 in modern schema
target_domain_entity_0137,parent_ref,UUID,YES,Target column for domain entity 137 field 7 in modern schema
target_domain_entity_0137,start_time,TIMESTAMPTZ,YES,Target column for domain entity 137 field 8 in modern schema
target_domain_entity_0137,end_time,TIMESTAMPTZ,YES,Target column for domain entity 137 field 9 in modern schema
target_domain_entity_0137,metadata,JSONB,YES,Target column for domain entity 137 field 10 in modern schema
target_domain_entity_0137,created_at,TIMESTAMPTZ,YES,Target column for domain entity 137 field 11 in modern schema
target_domain_entity_0137,updated_at,TIMESTAMPTZ,YES,Target column for domain entity 137 field 12 in modern schema
target_domain_entity_0138,id,UUID,NO,Target column for domain entity 138 field 1 in modern schema
target_domain_entity_0138,name,VARCHAR(255),NO,Target column for domain entity 138 field 2 in modern schema
target_domain_entity_0138,external_ref,VARCHAR(100),NO,Target column for domain entity 138 field 3 in modern schema
target_domain_entity_0138,state,VARCHAR(30),NO,Target column for domain entity 138 field 4 in modern schema
target_domain_entity_0138,amount,BIGINT,YES,Target column for domain entity 138 field 5 in modern schema
target_domain_entity_0138,count,INTEGER,YES,Target column for domain entity 138 field 6 in modern schema
target_domain_entity_0138,parent_ref,UUID,YES,Target column for domain entity 138 field 7 in modern schema
target_domain_entity_0138,start_time,TIMESTAMPTZ,YES,Target column for domain entity 138 field 8 in modern schema
target_domain_entity_0138,end_time,TIMESTAMPTZ,YES,Target column for domain entity 138 field 9 in modern schema
target_domain_entity_0138,metadata,JSONB,YES,Target column for domain entity 138 field 10 in modern schema
target_domain_entity_0138,created_at,TIMESTAMPTZ,YES,Target column for domain entity 138 field 11 in modern schema
target_domain_entity_0138,updated_at,TIMESTAMPTZ,YES,Target column for domain entity 138 field 12 in modern schema
target_domain_entity_0139,id,UUID,NO,Target column for domain entity 139 field 1 in modern schema
target_domain_entity_0139,name,VARCHAR(255),NO,Target column for domain entity 139 field 2 in modern schema
target_domain_entity_0139,external_ref,VARCHAR(100),NO,Target column for domain entity 139 field 3 in modern schema
target_domain_entity_0139,state,VARCHAR(30),NO,Target column for domain entity 139 field 4 in modern schema
target_domain_entity_0139,amount,BIGINT,YES,Target column for domain entity 139 field 5 in modern schema
target_domain_entity_0139,count,INTEGER,YES,Target column for domain entity 139 field 6 in modern schema
target_domain_entity_0139,parent_ref,UUID,YES,Target column for domain entity 139 field 7 in modern schema
target_domain_entity_0139,start_time,TIMESTAMPTZ,YES,Target column for domain entity 139 field 8 in modern schema
target_domain_entity_0139,end_time,TIMESTAMPTZ,YES,Target column for domain entity 139 field 9 in modern schema
target_domain_entity_0139,metadata,JSONB,YES,Target column for domain entity 139 field 10 in modern schema
target_domain_entity_0139,created_at,TIMESTAMPTZ,YES,Target column for domain entity 139 field 11 in modern schema
target_domain_entity_0139,updated_at,TIMESTAMPTZ,YES,Target column for domain entity 139 field 12 in modern schema
target_domain_entity_0140,id,UUID,NO,Target column for domain entity 140 field 1 in modern schema
target_domain_entity_0140,name,VARCHAR(255),NO,Target column for domain entity 140 field 2 in modern schema
target_domain_entity_0140,external_ref,VARCHAR(100),NO,Target column for domain entity 140 field 3 in modern schema
target_domain_entity_0140,state,VARCHAR(30),NO,Target column for domain entity 140 field 4 in modern schema
target_domain_entity_0140,amount,BIGINT,YES,Target column for domain entity 140 field 5 in modern schema
target_domain_entity_0140,count,INTEGER,YES,Target column for domain entity 140 field 6 in modern schema
target_domain_entity_0140,parent_ref,UUID,YES,Target column for domain entity 140 field 7 in modern schema
target_domain_entity_0140,start_time,TIMESTAMPTZ,YES,Target column for domain entity 140 field 8 in modern schema
target_domain_entity_0140,end_time,TIMESTAMPTZ,YES,Target column for domain entity 140 field 9 in modern schema
target_domain_entity_0140,metadata,JSONB,YES,Target column for domain entity 140 field 10 in modern schema
target_domain_entity_0140,created_at,TIMESTAMPTZ,YES,Target column for domain entity 140 field 11 in modern schema
target_domain_entity_0140,updated_at,TIMESTAMPTZ,YES,Target column for domain entity 140 field 12 in modern schema
target_domain_entity_0141,id,UUID,NO,Target column for domain entity 141 field 1 in modern schema
target_domain_entity_0141,name,VARCHAR(255),NO,Target column for domain entity 141 field 2 in modern schema
target_domain_entity_0141,external_ref,VARCHAR(100),NO,Target column for domain entity 141 field 3 in modern schema
target_domain_entity_0141,state,VARCHAR(30),NO,Target column for domain entity 141 field 4 in modern schema
target_domain_entity_0141,amount,BIGINT,YES,Target column for domain entity 141 field 5 in modern schema
target_domain_entity_0141,count,INTEGER,YES,Target column for domain entity 141 field 6 in modern schema
target_domain_entity_0141,parent_ref,UUID,YES,Target column for domain entity 141 field 7 in modern schema
target_domain_entity_0141,start_time,TIMESTAMPTZ,YES,Target column for domain entity 141 field 8 in modern schema
target_domain_entity_0141,end_time,TIMESTAMPTZ,YES,Target column for domain entity 141 field 9 in modern schema
target_domain_entity_0141,metadata,JSONB,YES,Target column for domain entity 141 field 10 in modern schema
target_domain_entity_0141,created_at,TIMESTAMPTZ,YES,Target column for domain entity 141 field 11 in modern schema
target_domain_entity_0141,updated_at,TIMESTAMPTZ,YES,Target column for domain entity 141 field 12 in modern schema
target_domain_entity_0142,id,UUID,NO,Target column for domain entity 142 field 1 in modern schema
target_domain_entity_0142,name,VARCHAR(255),NO,Target column for domain entity 142 field 2 in modern schema
target_domain_entity_0142,external_ref,VARCHAR(100),NO,Target column for domain entity 142 field 3 in modern schema
target_domain_entity_0142,state,VARCHAR(30),NO,Target column for domain entity 142 field 4 in modern schema
target_domain_entity_0142,amount,BIGINT,YES,Target column for domain entity 142 field 5 in modern schema
target_domain_entity_0142,count,INTEGER,YES,Target column for domain entity 142 field 6 in modern schema
target_domain_entity_0142,parent_ref,UUID,YES,Target column for domain entity 142 field 7 in modern schema
target_domain_entity_0142,start_time,TIMESTAMPTZ,YES,Target column for domain entity 142 field 8 in modern schema
target_domain_entity_0142,end_time,TIMESTAMPTZ,YES,Target column for domain entity 142 field 9 in modern schema
target_domain_entity_0142,metadata,JSONB,YES,Target column for domain entity 142 field 10 in modern schema
target_domain_entity_0142,created_at,TIMESTAMPTZ,YES,Target column for domain entity 142 field 11 in modern schema
target_domain_entity_0142,updated_at,TIMESTAMPTZ,YES,Target column for domain entity 142 field 12 in modern schema
target_domain_entity_0143,id,UUID,NO,Target column for domain entity 143 field 1 in modern schema
target_domain_entity_0143,name,VARCHAR(255),NO,Target column for domain entity 143 field 2 in modern schema
target_domain_entity_0143,external_ref,VARCHAR(100),NO,Target column for domain entity 143 field 3 in modern schema
target_domain_entity_0143,state,VARCHAR(30),NO,Target column for domain entity 143 field 4 in modern schema
target_domain_entity_0143,amount,BIGINT,YES,Target column for domain entity 143 field 5 in modern schema
target_domain_entity_0143,count,INTEGER,YES,Target column for domain entity 143 field 6 in modern schema
target_domain_entity_0143,parent_ref,UUID,YES,Target column for domain entity 143 field 7 in modern schema
target_domain_entity_0143,start_time,TIMESTAMPTZ,YES,Target column for domain entity 143 field 8 in modern schema
target_domain_entity_0143,end_time,TIMESTAMPTZ,YES,Target column for domain entity 143 field 9 in modern schema
target_domain_entity_0143,metadata,JSONB,YES,Target column for domain entity 143 field 10 in modern schema
target_domain_entity_0143,created_at,TIMESTAMPTZ,YES,Target column for domain entity 143 field 11 in modern schema
target_domain_entity_0143,updated_at,TIMESTAMPTZ,YES,Target column for domain entity 143 field 12 in modern schema
target_domain_entity_0144,id,UUID,NO,Target column for domain entity 144 field 1 in modern schema
target_domain_entity_0144,name,VARCHAR(255),NO,Target column for domain entity 144 field 2 in modern schema
target_domain_entity_0144,external_ref,VARCHAR(100),NO,Target column for domain entity 144 field 3 in modern schema
target_domain_entity_0144,state,VARCHAR(30),NO,Target column for domain entity 144 field 4 in modern schema
target_domain_entity_0144,amount,BIGINT,YES,Target column for domain entity 144 field 5 in modern schema
target_domain_entity_0144,count,INTEGER,YES,Target column for domain entity 144 field 6 in modern schema
target_domain_entity_0144,parent_ref,UUID,YES,Target column for domain entity 144 field 7 in modern schema
target_domain_entity_0144,start_time,TIMESTAMPTZ,YES,Target column for domain entity 144 field 8 in modern schema
target_domain_entity_0144,end_time,TIMESTAMPTZ,YES,Target column for domain entity 144 field 9 in modern schema
target_domain_entity_0144,metadata,JSONB,YES,Target column for domain entity 144 field 10 in modern schema
target_domain_entity_0144,created_at,TIMESTAMPTZ,YES,Target column for domain entity 144 field 11 in modern schema
target_domain_entity_0144,updated_at,TIMESTAMPTZ,YES,Target column for domain entity 144 field 12 in modern schema
target_domain_entity_0145,id,UUID,NO,Target column for domain entity 145 field 1 in modern schema
target_domain_entity_0145,name,VARCHAR(255),NO,Target column for domain entity 145 field 2 in modern schema
target_domain_entity_0145,external_ref,VARCHAR(100),NO,Target column for domain entity 145 field 3 in modern schema
target_domain_entity_0145,state,VARCHAR(30),NO,Target column for domain entity 145 field 4 in modern schema
target_domain_entity_0145,amount,BIGINT,YES,Target column for domain entity 145 field 5 in modern schema
target_domain_entity_0145,count,INTEGER,YES,Target column for domain entity 145 field 6 in modern schema
target_domain_entity_0145,parent_ref,UUID,YES,Target column for domain entity 145 field 7 in modern schema
target_domain_entity_0145,start_time,TIMESTAMPTZ,YES,Target column for domain entity 145 field 8 in modern schema
target_domain_entity_0145,end_time,TIMESTAMPTZ,YES,Target column for domain entity 145 field 9 in modern schema
target_domain_entity_0145,metadata,JSONB,YES,Target column for domain entity 145 field 10 in modern schema
target_domain_entity_0145,created_at,TIMESTAMPTZ,YES,Target column for domain entity 145 field 11 in modern schema
target_domain_entity_0145,updated_at,TIMESTAMPTZ,YES,Target column for domain entity 145 field 12 in modern schema
target_domain_entity_0146,id,UUID,NO,Target column for domain entity 146 field 1 in modern schema
target_domain_entity_0146,name,VARCHAR(255),NO,Target column for domain entity 146 field 2 in modern schema
target_domain_entity_0146,external_ref,VARCHAR(100),NO,Target column for domain entity 146 field 3 in modern schema
target_domain_entity_0146,state,VARCHAR(30),NO,Target column for domain entity 146 field 4 in modern schema
target_domain_entity_0146,amount,BIGINT,YES,Target column for domain entity 146 field 5 in modern schema
target_domain_entity_0146,count,INTEGER,YES,Target column for domain entity 146 field 6 in modern schema
target_domain_entity_0146,parent_ref,UUID,YES,Target column for domain entity 146 field 7 in modern schema
target_domain_entity_0146,start_time,TIMESTAMPTZ,YES,Target column for domain entity 146 field 8 in modern schema
target_domain_entity_0146,end_time,TIMESTAMPTZ,YES,Target column for domain entity 146 field 9 in modern schema
target_domain_entity_0146,metadata,JSONB,YES,Target column for domain entity 146 field 10 in modern schema
target_domain_entity_0146,created_at,TIMESTAMPTZ,YES,Target column for domain entity 146 field 11 in modern schema
target_domain_entity_0146,updated_at,TIMESTAMPTZ,YES,Target column for domain entity 146 field 12 in modern schema
target_domain_entity_0147,id,UUID,NO,Target column for domain entity 147 field 1 in modern schema
target_domain_entity_0147,name,VARCHAR(255),NO,Target column for domain entity 147 field 2 in modern schema
target_domain_entity_0147,external_ref,VARCHAR(100),NO,Target column for domain entity 147 field 3 in modern schema
target_domain_entity_0147,state,VARCHAR(30),NO,Target column for domain entity 147 field 4 in modern schema
target_domain_entity_0147,amount,BIGINT,YES,Target column for domain entity 147 field 5 in modern schema
target_domain_entity_0147,count,INTEGER,YES,Target column for domain entity 147 field 6 in modern schema
target_domain_entity_0147,parent_ref,UUID,YES,Target column for domain entity 147 field 7 in modern schema
target_domain_entity_0147,start_time,TIMESTAMPTZ,YES,Target column for domain entity 147 field 8 in modern schema
target_domain_entity_0147,end_time,TIMESTAMPTZ,YES,Target column for domain entity 147 field 9 in modern schema
target_domain_entity_0147,metadata,JSONB,YES,Target column for domain entity 147 field 10 in modern schema
target_domain_entity_0147,created_at,TIMESTAMPTZ,YES,Target column for domain entity 147 field 11 in modern schema
target_domain_entity_0147,updated_at,TIMESTAMPTZ,YES,Target column for domain entity 147 field 12 in modern schema
target_domain_entity_0148,id,UUID,NO,Target column for domain entity 148 field 1 in modern schema
target_domain_entity_0148,name,VARCHAR(255),NO,Target column for domain entity 148 field 2 in modern schema
target_domain_entity_0148,external_ref,VARCHAR(100),NO,Target column for domain entity 148 field 3 in modern schema
target_domain_entity_0148,state,VARCHAR(30),NO,Target column for domain entity 148 field 4 in modern schema
target_domain_entity_0148,amount,BIGINT,YES,Target column for domain entity 148 field 5 in modern schema
target_domain_entity_0148,count,INTEGER,YES,Target column for domain entity 148 field 6 in modern schema
target_domain_entity_0148,parent_ref,UUID,YES,Target column for domain entity 148 field 7 in modern schema
target_domain_entity_0148,start_time,TIMESTAMPTZ,YES,Target column for domain entity 148 field 8 in modern schema
target_domain_entity_0148,end_time,TIMESTAMPTZ,YES,Target column for domain entity 148 field 9 in modern schema
target_domain_entity_0148,metadata,JSONB,YES,Target column for domain entity 148 field 10 in modern schema
target_domain_entity_0148,created_at,TIMESTAMPTZ,YES,Target column for domain entity 148 field 11 in modern schema
target_domain_entity_0148,updated_at,TIMESTAMPTZ,YES,Target column for domain entity 148 field 12 in modern schema
target_domain_entity_0149,id,UUID,NO,Target column for domain entity 149 field 1 in modern schema
target_domain_entity_0149,name,VARCHAR(255),NO,Target column for domain entity 149 field 2 in modern schema
target_domain_entity_0149,external_ref,VARCHAR(100),NO,Target column for domain entity 149 field 3 in modern schema
target_domain_entity_0149,state,VARCHAR(30),NO,Target column for domain entity 149 field 4 in modern schema
target_domain_entity_0149,amount,BIGINT,YES,Target column for domain entity 149 field 5 in modern schema
target_domain_entity_0149,count,INTEGER,YES,Target column for domain entity 149 field 6 in modern schema
target_domain_entity_0149,parent_ref,UUID,YES,Target column for domain entity 149 field 7 in modern schema
target_domain_entity_0149,start_time,TIMESTAMPTZ,YES,Target column for domain entity 149 field 8 in modern schema
target_domain_entity_0149,end_time,TIMESTAMPTZ,YES,Target column for domain entity 149 field 9 in modern schema
target_domain_entity_0149,metadata,JSONB,YES,Target column for domain entity 149 field 10 in modern schema
target_domain_entity_0149,created_at,TIMESTAMPTZ,YES,Target column for domain entity 149 field 11 in modern schema
target_domain_entity_0149,updated_at,TIMESTAMPTZ,YES,Target column for domain entity 149 field 12 in modern schema
target_domain_entity_0150,id,UUID,NO,Target column for domain entity 150 field 1 in modern schema
target_domain_entity_0150,name,VARCHAR(255),NO,Target column for domain entity 150 field 2 in modern schema
target_domain_entity_0150,external_ref,VARCHAR(100),NO,Target column for domain entity 150 field 3 in modern schema
target_domain_entity_0150,state,VARCHAR(30),NO,Target column for domain entity 150 field 4 in modern schema
target_domain_entity_0150,amount,BIGINT,YES,Target column for domain entity 150 field 5 in modern schema
target_domain_entity_0150,count,INTEGER,YES,Target column for domain entity 150 field 6 in modern schema
target_domain_entity_0150,parent_ref,UUID,YES,Target column for domain entity 150 field 7 in modern schema
target_domain_entity_0150,start_time,TIMESTAMPTZ,YES,Target column for domain entity 150 field 8 in modern schema
target_domain_entity_0150,end_time,TIMESTAMPTZ,YES,Target column for domain entity 150 field 9 in modern schema
target_domain_entity_0150,metadata,JSONB,YES,Target column for domain entity 150 field 10 in modern schema
target_domain_entity_0150,created_at,TIMESTAMPTZ,YES,Target column for domain entity 150 field 11 in modern schema
target_domain_entity_0150,updated_at,TIMESTAMPTZ,YES,Target column for domain entity 150 field 12 in modern schema
target_domain_entity_0151,id,UUID,NO,Target column for domain entity 151 field 1 in modern schema
target_domain_entity_0151,name,VARCHAR(255),NO,Target column for domain entity 151 field 2 in modern schema
target_domain_entity_0151,external_ref,VARCHAR(100),NO,Target column for domain entity 151 field 3 in modern schema
target_domain_entity_0151,state,VARCHAR(30),NO,Target column for domain entity 151 field 4 in modern schema
target_domain_entity_0151,amount,BIGINT,YES,Target column for domain entity 151 field 5 in modern schema
target_domain_entity_0151,count,INTEGER,YES,Target column for domain entity 151 field 6 in modern schema
target_domain_entity_0151,parent_ref,UUID,YES,Target column for domain entity 151 field 7 in modern schema
target_domain_entity_0151,start_time,TIMESTAMPTZ,YES,Target column for domain entity 151 field 8 in modern schema
target_domain_entity_0151,end_time,TIMESTAMPTZ,YES,Target column for domain entity 151 field 9 in modern schema
target_domain_entity_0151,metadata,JSONB,YES,Target column for domain entity 151 field 10 in modern schema
target_domain_entity_0151,created_at,TIMESTAMPTZ,YES,Target column for domain entity 151 field 11 in modern schema
target_domain_entity_0151,updated_at,TIMESTAMPTZ,YES,Target column for domain entity 151 field 12 in modern schema
target_domain_entity_0152,id,UUID,NO,Target column for domain entity 152 field 1 in modern schema
target_domain_entity_0152,name,VARCHAR(255),NO,Target column for domain entity 152 field 2 in modern schema
target_domain_entity_0152,external_ref,VARCHAR(100),NO,Target column for domain entity 152 field 3 in modern schema
target_domain_entity_0152,state,VARCHAR(30),NO,Target column for domain entity 152 field 4 in modern schema
target_domain_entity_0152,amount,BIGINT,YES,Target column for domain entity 152 field 5 in modern schema
target_domain_entity_0152,count,INTEGER,YES,Target column for domain entity 152 field 6 in modern schema
target_domain_entity_0152,parent_ref,UUID,YES,Target column for domain entity 152 field 7 in modern schema
target_domain_entity_0152,start_time,TIMESTAMPTZ,YES,Target column for domain entity 152 field 8 in modern schema
target_domain_entity_0152,end_time,TIMESTAMPTZ,YES,Target column for domain entity 152 field 9 in modern schema
target_domain_entity_0152,metadata,JSONB,YES,Target column for domain entity 152 field 10 in modern schema
target_domain_entity_0152,created_at,TIMESTAMPTZ,YES,Target column for domain entity 152 field 11 in modern schema
target_domain_entity_0152,updated_at,TIMESTAMPTZ,YES,Target column for domain entity 152 field 12 in modern schema
target_domain_entity_0153,id,UUID,NO,Target column for domain entity 153 field 1 in modern schema
target_domain_entity_0153,name,VARCHAR(255),NO,Target column for domain entity 153 field 2 in modern schema
target_domain_entity_0153,external_ref,VARCHAR(100),NO,Target column for domain entity 153 field 3 in modern schema
target_domain_entity_0153,state,VARCHAR(30),NO,Target column for domain entity 153 field 4 in modern schema
target_domain_entity_0153,amount,BIGINT,YES,Target column for domain entity 153 field 5 in modern schema
target_domain_entity_0153,count,INTEGER,YES,Target column for domain entity 153 field 6 in modern schema
target_domain_entity_0153,parent_ref,UUID,YES,Target column for domain entity 153 field 7 in modern schema
target_domain_entity_0153,start_time,TIMESTAMPTZ,YES,Target column for domain entity 153 field 8 in modern schema
target_domain_entity_0153,end_time,TIMESTAMPTZ,YES,Target column for domain entity 153 field 9 in modern schema
target_domain_entity_0153,metadata,JSONB,YES,Target column for domain entity 153 field 10 in modern schema
target_domain_entity_0153,created_at,TIMESTAMPTZ,YES,Target column for domain entity 153 field 11 in modern schema
target_domain_entity_0153,updated_at,TIMESTAMPTZ,YES,Target column for domain entity 153 field 12 in modern schema
target_domain_entity_0154,id,UUID,NO,Target column for domain entity 154 field 1 in modern schema
target_domain_entity_0154,name,VARCHAR(255),NO,Target column for domain entity 154 field 2 in modern schema
target_domain_entity_0154,external_ref,VARCHAR(100),NO,Target column for domain entity 154 field 3 in modern schema
target_domain_entity_0154,state,VARCHAR(30),NO,Target column for domain entity 154 field 4 in modern schema
target_domain_entity_0154,amount,BIGINT,YES,Target column for domain entity 154 field 5 in modern schema
target_domain_entity_0154,count,INTEGER,YES,Target column for domain entity 154 field 6 in modern schema
target_domain_entity_0154,parent_ref,UUID,YES,Target column for domain entity 154 field 7 in modern schema
target_domain_entity_0154,start_time,TIMESTAMPTZ,YES,Target column for domain entity 154 field 8 in modern schema
target_domain_entity_0154,end_time,TIMESTAMPTZ,YES,Target column for domain entity 154 field 9 in modern schema
target_domain_entity_0154,metadata,JSONB,YES,Target column for domain entity 154 field 10 in modern schema
target_domain_entity_0154,created_at,TIMESTAMPTZ,YES,Target column for domain entity 154 field 11 in modern schema
target_domain_entity_0154,updated_at,TIMESTAMPTZ,YES,Target column for domain entity 154 field 12 in modern schema
target_domain_entity_0155,id,UUID,NO,Target column for domain entity 155 field 1 in modern schema
target_domain_entity_0155,name,VARCHAR(255),NO,Target column for domain entity 155 field 2 in modern schema
target_domain_entity_0155,external_ref,VARCHAR(100),NO,Target column for domain entity 155 field 3 in modern schema
target_domain_entity_0155,state,VARCHAR(30),NO,Target column for domain entity 155 field 4 in modern schema
target_domain_entity_0155,amount,BIGINT,YES,Target column for domain entity 155 field 5 in modern schema
target_domain_entity_0155,count,INTEGER,YES,Target column for domain entity 155 field 6 in modern schema
target_domain_entity_0155,parent_ref,UUID,YES,Target column for domain entity 155 field 7 in modern schema
target_domain_entity_0155,start_time,TIMESTAMPTZ,YES,Target column for domain entity 155 field 8 in modern schema
target_domain_entity_0155,end_time,TIMESTAMPTZ,YES,Target column for domain entity 155 field 9 in modern schema
target_domain_entity_0155,metadata,JSONB,YES,Target column for domain entity 155 field 10 in modern schema
target_domain_entity_0155,created_at,TIMESTAMPTZ,YES,Target column for domain entity 155 field 11 in modern schema
target_domain_entity_0155,updated_at,TIMESTAMPTZ,YES,Target column for domain entity 155 field 12 in modern schema
target_domain_entity_0156,id,UUID,NO,Target column for domain entity 156 field 1 in modern schema
target_domain_entity_0156,name,VARCHAR(255),NO,Target column for domain entity 156 field 2 in modern schema
target_domain_entity_0156,external_ref,VARCHAR(100),NO,Target column for domain entity 156 field 3 in modern schema
target_domain_entity_0156,state,VARCHAR(30),NO,Target column for domain entity 156 field 4 in modern schema
target_domain_entity_0156,amount,BIGINT,YES,Target column for domain entity 156 field 5 in modern schema
target_domain_entity_0156,count,INTEGER,YES,Target column for domain entity 156 field 6 in modern schema
target_domain_entity_0156,parent_ref,UUID,YES,Target column for domain entity 156 field 7 in modern schema
target_domain_entity_0156,start_time,TIMESTAMPTZ,YES,Target column for domain entity 156 field 8 in modern schema
target_domain_entity_0156,end_time,TIMESTAMPTZ,YES,Target column for domain entity 156 field 9 in modern schema
target_domain_entity_0156,metadata,JSONB,YES,Target column for domain entity 156 field 10 in modern schema
target_domain_entity_0156,created_at,TIMESTAMPTZ,YES,Target column for domain entity 156 field 11 in modern schema
target_domain_entity_0156,updated_at,TIMESTAMPTZ,YES,Target column for domain entity 156 field 12 in modern schema
target_domain_entity_0157,id,UUID,NO,Target column for domain entity 157 field 1 in modern schema
target_domain_entity_0157,name,VARCHAR(255),NO,Target column for domain entity 157 field 2 in modern schema
target_domain_entity_0157,external_ref,VARCHAR(100),NO,Target column for domain entity 157 field 3 in modern schema
target_domain_entity_0157,state,VARCHAR(30),NO,Target column for domain entity 157 field 4 in modern schema
target_domain_entity_0157,amount,BIGINT,YES,Target column for domain entity 157 field 5 in modern schema
target_domain_entity_0157,count,INTEGER,YES,Target column for domain entity 157 field 6 in modern schema
target_domain_entity_0157,parent_ref,UUID,YES,Target column for domain entity 157 field 7 in modern schema
target_domain_entity_0157,start_time,TIMESTAMPTZ,YES,Target column for domain entity 157 field 8 in modern schema
target_domain_entity_0157,end_time,TIMESTAMPTZ,YES,Target column for domain entity 157 field 9 in modern schema
target_domain_entity_0157,metadata,JSONB,YES,Target column for domain entity 157 field 10 in modern schema
target_domain_entity_0157,created_at,TIMESTAMPTZ,YES,Target column for domain entity 157 field 11 in modern schema
target_domain_entity_0157,updated_at,TIMESTAMPTZ,YES,Target column for domain entity 157 field 12 in modern schema
target_domain_entity_0158,id,UUID,NO,Target column for domain entity 158 field 1 in modern schema
target_domain_entity_0158,name,VARCHAR(255),NO,Target column for domain entity 158 field 2 in modern schema
target_domain_entity_0158,external_ref,VARCHAR(100),NO,Target column for domain entity 158 field 3 in modern schema
target_domain_entity_0158,state,VARCHAR(30),NO,Target column for domain entity 158 field 4 in modern schema
target_domain_entity_0158,amount,BIGINT,YES,Target column for domain entity 158 field 5 in modern schema
target_domain_entity_0158,count,INTEGER,YES,Target column for domain entity 158 field 6 in modern schema
target_domain_entity_0158,parent_ref,UUID,YES,Target column for domain entity 158 field 7 in modern schema
target_domain_entity_0158,start_time,TIMESTAMPTZ,YES,Target column for domain entity 158 field 8 in modern schema
target_domain_entity_0158,end_time,TIMESTAMPTZ,YES,Target column for domain entity 158 field 9 in modern schema
target_domain_entity_0158,metadata,JSONB,YES,Target column for domain entity 158 field 10 in modern schema
target_domain_entity_0158,created_at,TIMESTAMPTZ,YES,Target column for domain entity 158 field 11 in modern schema
target_domain_entity_0158,updated_at,TIMESTAMPTZ,YES,Target column for domain entity 158 field 12 in modern schema
target_domain_entity_0159,id,UUID,NO,Target column for domain entity 159 field 1 in modern schema
target_domain_entity_0159,name,VARCHAR(255),NO,Target column for domain entity 159 field 2 in modern schema
target_domain_entity_0159,external_ref,VARCHAR(100),NO,Target column for domain entity 159 field 3 in modern schema
target_domain_entity_0159,state,VARCHAR(30),NO,Target column for domain entity 159 field 4 in modern schema
target_domain_entity_0159,amount,BIGINT,YES,Target column for domain entity 159 field 5 in modern schema
target_domain_entity_0159,count,INTEGER,YES,Target column for domain entity 159 field 6 in modern schema
target_domain_entity_0159,parent_ref,UUID,YES,Target column for domain entity 159 field 7 in modern schema
target_domain_entity_0159,start_time,TIMESTAMPTZ,YES,Target column for domain entity 159 field 8 in modern schema
target_domain_entity_0159,end_time,TIMESTAMPTZ,YES,Target column for domain entity 159 field 9 in modern schema
target_domain_entity_0159,metadata,JSONB,YES,Target column for domain entity 159 field 10 in modern schema
target_domain_entity_0159,created_at,TIMESTAMPTZ,YES,Target column for domain entity 159 field 11 in modern schema
target_domain_entity_0159,updated_at,TIMESTAMPTZ,YES,Target column for domain entity 159 field 12 in modern schema
target_domain_entity_0160,id,UUID,NO,Target column for domain entity 160 field 1 in modern schema
target_domain_entity_0160,name,VARCHAR(255),NO,Target column for domain entity 160 field 2 in modern schema
target_domain_entity_0160,external_ref,VARCHAR(100),NO,Target column for domain entity 160 field 3 in modern schema
target_domain_entity_0160,state,VARCHAR(30),NO,Target column for domain entity 160 field 4 in modern schema
target_domain_entity_0160,amount,BIGINT,YES,Target column for domain entity 160 field 5 in modern schema
target_domain_entity_0160,count,INTEGER,YES,Target column for domain entity 160 field 6 in modern schema
target_domain_entity_0160,parent_ref,UUID,YES,Target column for domain entity 160 field 7 in modern schema
target_domain_entity_0160,start_time,TIMESTAMPTZ,YES,Target column for domain entity 160 field 8 in modern schema
target_domain_entity_0160,end_time,TIMESTAMPTZ,YES,Target column for domain entity 160 field 9 in modern schema
target_domain_entity_0160,metadata,JSONB,YES,Target column for domain entity 160 field 10 in modern schema
target_domain_entity_0160,created_at,TIMESTAMPTZ,YES,Target column for domain entity 160 field 11 in modern schema
target_domain_entity_0160,updated_at,TIMESTAMPTZ,YES,Target column for domain entity 160 field 12 in modern schema
target_domain_entity_0161,id,UUID,NO,Target column for domain entity 161 field 1 in modern schema
target_domain_entity_0161,name,VARCHAR(255),NO,Target column for domain entity 161 field 2 in modern schema
target_domain_entity_0161,external_ref,VARCHAR(100),NO,Target column for domain entity 161 field 3 in modern schema
target_domain_entity_0161,state,VARCHAR(30),NO,Target column for domain entity 161 field 4 in modern schema
target_domain_entity_0161,amount,BIGINT,YES,Target column for domain entity 161 field 5 in modern schema
target_domain_entity_0161,count,INTEGER,YES,Target column for domain entity 161 field 6 in modern schema
target_domain_entity_0161,parent_ref,UUID,YES,Target column for domain entity 161 field 7 in modern schema
target_domain_entity_0161,start_time,TIMESTAMPTZ,YES,Target column for domain entity 161 field 8 in modern schema
target_domain_entity_0161,end_time,TIMESTAMPTZ,YES,Target column for domain entity 161 field 9 in modern schema
target_domain_entity_0161,metadata,JSONB,YES,Target column for domain entity 161 field 10 in modern schema
target_domain_entity_0161,created_at,TIMESTAMPTZ,YES,Target column for domain entity 161 field 11 in modern schema
target_domain_entity_0161,updated_at,TIMESTAMPTZ,YES,Target column for domain entity 161 field 12 in modern schema
target_domain_entity_0162,id,UUID,NO,Target column for domain entity 162 field 1 in modern schema
target_domain_entity_0162,name,VARCHAR(255),NO,Target column for domain entity 162 field 2 in modern schema
target_domain_entity_0162,external_ref,VARCHAR(100),NO,Target column for domain entity 162 field 3 in modern schema
target_domain_entity_0162,state,VARCHAR(30),NO,Target column for domain entity 162 field 4 in modern schema
target_domain_entity_0162,amount,BIGINT,YES,Target column for domain entity 162 field 5 in modern schema
target_domain_entity_0162,count,INTEGER,YES,Target column for domain entity 162 field 6 in modern schema
target_domain_entity_0162,parent_ref,UUID,YES,Target column for domain entity 162 field 7 in modern schema
target_domain_entity_0162,start_time,TIMESTAMPTZ,YES,Target column for domain entity 162 field 8 in modern schema
target_domain_entity_0162,end_time,TIMESTAMPTZ,YES,Target column for domain entity 162 field 9 in modern schema
target_domain_entity_0162,metadata,JSONB,YES,Target column for domain entity 162 field 10 in modern schema
target_domain_entity_0162,created_at,TIMESTAMPTZ,YES,Target column for domain entity 162 field 11 in modern schema
target_domain_entity_0162,updated_at,TIMESTAMPTZ,YES,Target column for domain entity 162 field 12 in modern schema
target_domain_entity_0163,id,UUID,NO,Target column for domain entity 163 field 1 in modern schema
target_domain_entity_0163,name,VARCHAR(255),NO,Target column for domain entity 163 field 2 in modern schema
target_domain_entity_0163,external_ref,VARCHAR(100),NO,Target column for domain entity 163 field 3 in modern schema
target_domain_entity_0163,state,VARCHAR(30),NO,Target column for domain entity 163 field 4 in modern schema
target_domain_entity_0163,amount,BIGINT,YES,Target column for domain entity 163 field 5 in modern schema
target_domain_entity_0163,count,INTEGER,YES,Target column for domain entity 163 field 6 in modern schema
target_domain_entity_0163,parent_ref,UUID,YES,Target column for domain entity 163 field 7 in modern schema
target_domain_entity_0163,start_time,TIMESTAMPTZ,YES,Target column for domain entity 163 field 8 in modern schema
target_domain_entity_0163,end_time,TIMESTAMPTZ,YES,Target column for domain entity 163 field 9 in modern schema
target_domain_entity_0163,metadata,JSONB,YES,Target column for domain entity 163 field 10 in modern schema
target_domain_entity_0163,created_at,TIMESTAMPTZ,YES,Target column for domain entity 163 field 11 in modern schema
target_domain_entity_0163,updated_at,TIMESTAMPTZ,YES,Target column for domain entity 163 field 12 in modern schema
target_domain_entity_0164,id,UUID,NO,Target column for domain entity 164 field 1 in modern schema
target_domain_entity_0164,name,VARCHAR(255),NO,Target column for domain entity 164 field 2 in modern schema
target_domain_entity_0164,external_ref,VARCHAR(100),NO,Target column for domain entity 164 field 3 in modern schema
target_domain_entity_0164,state,VARCHAR(30),NO,Target column for domain entity 164 field 4 in modern schema
target_domain_entity_0164,amount,BIGINT,YES,Target column for domain entity 164 field 5 in modern schema
target_domain_entity_0164,count,INTEGER,YES,Target column for domain entity 164 field 6 in modern schema
target_domain_entity_0164,parent_ref,UUID,YES,Target column for domain entity 164 field 7 in modern schema
target_domain_entity_0164,start_time,TIMESTAMPTZ,YES,Target column for domain entity 164 field 8 in modern schema
target_domain_entity_0164,end_time,TIMESTAMPTZ,YES,Target column for domain entity 164 field 9 in modern schema
target_domain_entity_0164,metadata,JSONB,YES,Target column for domain entity 164 field 10 in modern schema
target_domain_entity_0164,created_at,TIMESTAMPTZ,YES,Target column for domain entity 164 field 11 in modern schema
target_domain_entity_0164,updated_at,TIMESTAMPTZ,YES,Target column for domain entity 164 field 12 in modern schema
target_domain_entity_0165,id,UUID,NO,Target column for domain entity 165 field 1 in modern schema
target_domain_entity_0165,name,VARCHAR(255),NO,Target column for domain entity 165 field 2 in modern schema
target_domain_entity_0165,external_ref,VARCHAR(100),NO,Target column for domain entity 165 field 3 in modern schema
target_domain_entity_0165,state,VARCHAR(30),NO,Target column for domain entity 165 field 4 in modern schema
target_domain_entity_0165,amount,BIGINT,YES,Target column for domain entity 165 field 5 in modern schema
target_domain_entity_0165,count,INTEGER,YES,Target column for domain entity 165 field 6 in modern schema
target_domain_entity_0165,parent_ref,UUID,YES,Target column for domain entity 165 field 7 in modern schema
target_domain_entity_0165,start_time,TIMESTAMPTZ,YES,Target column for domain entity 165 field 8 in modern schema
target_domain_entity_0165,end_time,TIMESTAMPTZ,YES,Target column for domain entity 165 field 9 in modern schema
target_domain_entity_0165,metadata,JSONB,YES,Target column for domain entity 165 field 10 in modern schema
target_domain_entity_0165,created_at,TIMESTAMPTZ,YES,Target column for domain entity 165 field 11 in modern schema
target_domain_entity_0165,updated_at,TIMESTAMPTZ,YES,Target column for domain entity 165 field 12 in modern schema
target_domain_entity_0166,id,UUID,NO,Target column for domain entity 166 field 1 in modern schema
target_domain_entity_0166,name,VARCHAR(255),NO,Target column for domain entity 166 field 2 in modern schema
target_domain_entity_0166,external_ref,VARCHAR(100),NO,Target column for domain entity 166 field 3 in modern schema
target_domain_entity_0166,state,VARCHAR(30),NO,Target column for domain entity 166 field 4 in modern schema
target_domain_entity_0166,amount,BIGINT,YES,Target column for domain entity 166 field 5 in modern schema
target_domain_entity_0166,count,INTEGER,YES,Target column for domain entity 166 field 6 in modern schema
target_domain_entity_0166,parent_ref,UUID,YES,Target column for domain entity 166 field 7 in modern schema
target_domain_entity_0166,start_time,TIMESTAMPTZ,YES,Target column for domain entity 166 field 8 in modern schema
target_domain_entity_0166,end_time,TIMESTAMPTZ,YES,Target column for domain entity 166 field 9 in modern schema
target_domain_entity_0166,metadata,JSONB,YES,Target column for domain entity 166 field 10 in modern schema
target_domain_entity_0166,created_at,TIMESTAMPTZ,YES,Target column for domain entity 166 field 11 in modern schema
target_domain_entity_0166,updated_at,TIMESTAMPTZ,YES,Target column for domain entity 166 field 12 in modern schema
target_domain_entity_0167,id,UUID,NO,Target column for domain entity 167 field 1 in modern schema
target_domain_entity_0167,name,VARCHAR(255),NO,Target column for domain entity 167 field 2 in modern schema
target_domain_entity_0167,external_ref,VARCHAR(100),NO,Target column for domain entity 167 field 3 in modern schema
target_domain_entity_0167,state,VARCHAR(30),NO,Target column for domain entity 167 field 4 in modern schema
target_domain_entity_0167,amount,BIGINT,YES,Target column for domain entity 167 field 5 in modern schema
target_domain_entity_0167,count,INTEGER,YES,Target column for domain entity 167 field 6 in modern schema
target_domain_entity_0167,parent_ref,UUID,YES,Target column for domain entity 167 field 7 in modern schema
target_domain_entity_0167,start_time,TIMESTAMPTZ,YES,Target column for domain entity 167 field 8 in modern schema
target_domain_entity_0167,end_time,TIMESTAMPTZ,YES,Target column for domain entity 167 field 9 in modern schema
target_domain_entity_0167,metadata,JSONB,YES,Target column for domain entity 167 field 10 in modern schema
target_domain_entity_0167,created_at,TIMESTAMPTZ,YES,Target column for domain entity 167 field 11 in modern schema
target_domain_entity_0167,updated_at,TIMESTAMPTZ,YES,Target column for domain entity 167 field 12 in modern schema
target_domain_entity_0168,id,UUID,NO,Target column for domain entity 168 field 1 in modern schema
target_domain_entity_0168,name,VARCHAR(255),NO,Target column for domain entity 168 field 2 in modern schema
target_domain_entity_0168,external_ref,VARCHAR(100),NO,Target column for domain entity 168 field 3 in modern schema
target_domain_entity_0168,state,VARCHAR(30),NO,Target column for domain entity 168 field 4 in modern schema
target_domain_entity_0168,amount,BIGINT,YES,Target column for domain entity 168 field 5 in modern schema
target_domain_entity_0168,count,INTEGER,YES,Target column for domain entity 168 field 6 in modern schema
target_domain_entity_0168,parent_ref,UUID,YES,Target column for domain entity 168 field 7 in modern schema
target_domain_entity_0168,start_time,TIMESTAMPTZ,YES,Target column for domain entity 168 field 8 in modern schema
target_domain_entity_0168,end_time,TIMESTAMPTZ,YES,Target column for domain entity 168 field 9 in modern schema
target_domain_entity_0168,metadata,JSONB,YES,Target column for domain entity 168 field 10 in modern schema
target_domain_entity_0168,created_at,TIMESTAMPTZ,YES,Target column for domain entity 168 field 11 in modern schema
target_domain_entity_0168,updated_at,TIMESTAMPTZ,YES,Target column for domain entity 168 field 12 in modern schema
target_domain_entity_0169,id,UUID,NO,Target column for domain entity 169 field 1 in modern schema
target_domain_entity_0169,name,VARCHAR(255),NO,Target column for domain entity 169 field 2 in modern schema
target_domain_entity_0169,external_ref,VARCHAR(100),NO,Target column for domain entity 169 field 3 in modern schema
target_domain_entity_0169,state,VARCHAR(30),NO,Target column for domain entity 169 field 4 in modern schema
target_domain_entity_0169,amount,BIGINT,YES,Target column for domain entity 169 field 5 in modern schema
target_domain_entity_0169,count,INTEGER,YES,Target column for domain entity 169 field 6 in modern schema
target_domain_entity_0169,parent_ref,UUID,YES,Target column for domain entity 169 field 7 in modern schema
target_domain_entity_0169,start_time,TIMESTAMPTZ,YES,Target column for domain entity 169 field 8 in modern schema
target_domain_entity_0169,end_time,TIMESTAMPTZ,YES,Target column for domain entity 169 field 9 in modern schema
target_domain_entity_0169,metadata,JSONB,YES,Target column for domain entity 169 field 10 in modern schema
target_domain_entity_0169,created_at,TIMESTAMPTZ,YES,Target column for domain entity 169 field 11 in modern schema
target_domain_entity_0169,updated_at,TIMESTAMPTZ,YES,Target column for domain entity 169 field 12 in modern schema
target_domain_entity_0170,id,UUID,NO,Target column for domain entity 170 field 1 in modern schema
target_domain_entity_0170,name,VARCHAR(255),NO,Target column for domain entity 170 field 2 in modern schema
target_domain_entity_0170,external_ref,VARCHAR(100),NO,Target column for domain entity 170 field 3 in modern schema
target_domain_entity_0170,state,VARCHAR(30),NO,Target column for domain entity 170 field 4 in modern schema
target_domain_entity_0170,amount,BIGINT,YES,Target column for domain entity 170 field 5 in modern schema
target_domain_entity_0170,count,INTEGER,YES,Target column for domain entity 170 field 6 in modern schema
target_domain_entity_0170,parent_ref,UUID,YES,Target column for domain entity 170 field 7 in modern schema
target_domain_entity_0170,start_time,TIMESTAMPTZ,YES,Target column for domain entity 170 field 8 in modern schema
target_domain_entity_0170,end_time,TIMESTAMPTZ,YES,Target column for domain entity 170 field 9 in modern schema
target_domain_entity_0170,metadata,JSONB,YES,Target column for domain entity 170 field 10 in modern schema
target_domain_entity_0170,created_at,TIMESTAMPTZ,YES,Target column for domain entity 170 field 11 in modern schema
target_domain_entity_0170,updated_at,TIMESTAMPTZ,YES,Target column for domain entity 170 field 12 in modern schema
target_domain_entity_0171,id,UUID,NO,Target column for domain entity 171 field 1 in modern schema
target_domain_entity_0171,name,VARCHAR(255),NO,Target column for domain entity 171 field 2 in modern schema
target_domain_entity_0171,external_ref,VARCHAR(100),NO,Target column for domain entity 171 field 3 in modern schema
target_domain_entity_0171,state,VARCHAR(30),NO,Target column for domain entity 171 field 4 in modern schema
target_domain_entity_0171,amount,BIGINT,YES,Target column for domain entity 171 field 5 in modern schema
target_domain_entity_0171,count,INTEGER,YES,Target column for domain entity 171 field 6 in modern schema
target_domain_entity_0171,parent_ref,UUID,YES,Target column for domain entity 171 field 7 in modern schema
target_domain_entity_0171,start_time,TIMESTAMPTZ,YES,Target column for domain entity 171 field 8 in modern schema
target_domain_entity_0171,end_time,TIMESTAMPTZ,YES,Target column for domain entity 171 field 9 in modern schema
target_domain_entity_0171,metadata,JSONB,YES,Target column for domain entity 171 field 10 in modern schema
target_domain_entity_0171,created_at,TIMESTAMPTZ,YES,Target column for domain entity 171 field 11 in modern schema
target_domain_entity_0171,updated_at,TIMESTAMPTZ,YES,Target column for domain entity 171 field 12 in modern schema
target_domain_entity_0172,id,UUID,NO,Target column for domain entity 172 field 1 in modern schema
target_domain_entity_0172,name,VARCHAR(255),NO,Target column for domain entity 172 field 2 in modern schema
target_domain_entity_0172,external_ref,VARCHAR(100),NO,Target column for domain entity 172 field 3 in modern schema
target_domain_entity_0172,state,VARCHAR(30),NO,Target column for domain entity 172 field 4 in modern schema
target_domain_entity_0172,amount,BIGINT,YES,Target column for domain entity 172 field 5 in modern schema
target_domain_entity_0172,count,INTEGER,YES,Target column for domain entity 172 field 6 in modern schema
target_domain_entity_0172,parent_ref,UUID,YES,Target column for domain entity 172 field 7 in modern schema
target_domain_entity_0172,start_time,TIMESTAMPTZ,YES,Target column for domain entity 172 field 8 in modern schema
target_domain_entity_0172,end_time,TIMESTAMPTZ,YES,Target column for domain entity 172 field 9 in modern schema
target_domain_entity_0172,metadata,JSONB,YES,Target column for domain entity 172 field 10 in modern schema
target_domain_entity_0172,created_at,TIMESTAMPTZ,YES,Target column for domain entity 172 field 11 in modern schema
target_domain_entity_0172,updated_at,TIMESTAMPTZ,YES,Target column for domain entity 172 field 12 in modern schema
target_domain_entity_0173,id,UUID,NO,Target column for domain entity 173 field 1 in modern schema
target_domain_entity_0173,name,VARCHAR(255),NO,Target column for domain entity 173 field 2 in modern schema
target_domain_entity_0173,external_ref,VARCHAR(100),NO,Target column for domain entity 173 field 3 in modern schema
target_domain_entity_0173,state,VARCHAR(30),NO,Target column for domain entity 173 field 4 in modern schema
target_domain_entity_0173,amount,BIGINT,YES,Target column for domain entity 173 field 5 in modern schema
target_domain_entity_0173,count,INTEGER,YES,Target column for domain entity 173 field 6 in modern schema
target_domain_entity_0173,parent_ref,UUID,YES,Target column for domain entity 173 field 7 in modern schema
target_domain_entity_0173,start_time,TIMESTAMPTZ,YES,Target column for domain entity 173 field 8 in modern schema
target_domain_entity_0173,end_time,TIMESTAMPTZ,YES,Target column for domain entity 173 field 9 in modern schema
target_domain_entity_0173,metadata,JSONB,YES,Target column for domain entity 173 field 10 in modern schema
target_domain_entity_0173,created_at,TIMESTAMPTZ,YES,Target column for domain entity 173 field 11 in modern schema
target_domain_entity_0173,updated_at,TIMESTAMPTZ,YES,Target column for domain entity 173 field 12 in modern schema
target_domain_entity_0174,id,UUID,NO,Target column for domain entity 174 field 1 in modern schema
target_domain_entity_0174,name,VARCHAR(255),NO,Target column for domain entity 174 field 2 in modern schema
target_domain_entity_0174,external_ref,VARCHAR(100),NO,Target column for domain entity 174 field 3 in modern schema
target_domain_entity_0174,state,VARCHAR(30),NO,Target column for domain entity 174 field 4 in modern schema
target_domain_entity_0174,amount,BIGINT,YES,Target column for domain entity 174 field 5 in modern schema
target_domain_entity_0174,count,INTEGER,YES,Target column for domain entity 174 field 6 in modern schema
target_domain_entity_0174,parent_ref,UUID,YES,Target column for domain entity 174 field 7 in modern schema
target_domain_entity_0174,start_time,TIMESTAMPTZ,YES,Target column for domain entity 174 field 8 in modern schema
target_domain_entity_0174,end_time,TIMESTAMPTZ,YES,Target column for domain entity 174 field 9 in modern schema
target_domain_entity_0174,metadata,JSONB,YES,Target column for domain entity 174 field 10 in modern schema
target_domain_entity_0174,created_at,TIMESTAMPTZ,YES,Target column for domain entity 174 field 11 in modern schema
target_domain_entity_0174,updated_at,TIMESTAMPTZ,YES,Target column for domain entity 174 field 12 in modern schema
target_domain_entity_0175,id,UUID,NO,Target column for domain entity 175 field 1 in modern schema
target_domain_entity_0175,name,VARCHAR(255),NO,Target column for domain entity 175 field 2 in modern schema
target_domain_entity_0175,external_ref,VARCHAR(100),NO,Target column for domain entity 175 field 3 in modern schema
target_domain_entity_0175,state,VARCHAR(30),NO,Target column for domain entity 175 field 4 in modern schema
target_domain_entity_0175,amount,BIGINT,YES,Target column for domain entity 175 field 5 in modern schema
target_domain_entity_0175,count,INTEGER,YES,Target column for domain entity 175 field 6 in modern schema
target_domain_entity_0175,parent_ref,UUID,YES,Target column for domain entity 175 field 7 in modern schema
target_domain_entity_0175,start_time,TIMESTAMPTZ,YES,Target column for domain entity 175 field 8 in modern schema
target_domain_entity_0175,end_time,TIMESTAMPTZ,YES,Target column for domain entity 175 field 9 in modern schema
target_domain_entity_0175,metadata,JSONB,YES,Target column for domain entity 175 field 10 in modern schema
target_domain_entity_0175,created_at,TIMESTAMPTZ,YES,Target column for domain entity 175 field 11 in modern schema
target_domain_entity_0175,updated_at,TIMESTAMPTZ,YES,Target column for domain entity 175 field 12 in modern schema
target_domain_entity_0176,id,UUID,NO,Target column for domain entity 176 field 1 in modern schema
target_domain_entity_0176,name,VARCHAR(255),NO,Target column for domain entity 176 field 2 in modern schema
target_domain_entity_0176,external_ref,VARCHAR(100),NO,Target column for domain entity 176 field 3 in modern schema
target_domain_entity_0176,state,VARCHAR(30),NO,Target column for domain entity 176 field 4 in modern schema
target_domain_entity_0176,amount,BIGINT,YES,Target column for domain entity 176 field 5 in modern schema
target_domain_entity_0176,count,INTEGER,YES,Target column for domain entity 176 field 6 in modern schema
target_domain_entity_0176,parent_ref,UUID,YES,Target column for domain entity 176 field 7 in modern schema
target_domain_entity_0176,start_time,TIMESTAMPTZ,YES,Target column for domain entity 176 field 8 in modern schema
target_domain_entity_0176,end_time,TIMESTAMPTZ,YES,Target column for domain entity 176 field 9 in modern schema
target_domain_entity_0176,metadata,JSONB,YES,Target column for domain entity 176 field 10 in modern schema
target_domain_entity_0176,created_at,TIMESTAMPTZ,YES,Target column for domain entity 176 field 11 in modern schema
target_domain_entity_0176,updated_at,TIMESTAMPTZ,YES,Target column for domain entity 176 field 12 in modern schema
target_domain_entity_0177,id,UUID,NO,Target column for domain entity 177 field 1 in modern schema
target_domain_entity_0177,name,VARCHAR(255),NO,Target column for domain entity 177 field 2 in modern schema
target_domain_entity_0177,external_ref,VARCHAR(100),NO,Target column for domain entity 177 field 3 in modern schema
target_domain_entity_0177,state,VARCHAR(30),NO,Target column for domain entity 177 field 4 in modern schema
target_domain_entity_0177,amount,BIGINT,YES,Target column for domain entity 177 field 5 in modern schema
target_domain_entity_0177,count,INTEGER,YES,Target column for domain entity 177 field 6 in modern schema
target_domain_entity_0177,parent_ref,UUID,YES,Target column for domain entity 177 field 7 in modern schema
target_domain_entity_0177,start_time,TIMESTAMPTZ,YES,Target column for domain entity 177 field 8 in modern schema
target_domain_entity_0177,end_time,TIMESTAMPTZ,YES,Target column for domain entity 177 field 9 in modern schema
target_domain_entity_0177,metadata,JSONB,YES,Target column for domain entity 177 field 10 in modern schema
target_domain_entity_0177,created_at,TIMESTAMPTZ,YES,Target column for domain entity 177 field 11 in modern schema
target_domain_entity_0177,updated_at,TIMESTAMPTZ,YES,Target column for domain entity 177 field 12 in modern schema
target_domain_entity_0178,id,UUID,NO,Target column for domain entity 178 field 1 in modern schema
target_domain_entity_0178,name,VARCHAR(255),NO,Target column for domain entity 178 field 2 in modern schema
target_domain_entity_0178,external_ref,VARCHAR(100),NO,Target column for domain entity 178 field 3 in modern schema
target_domain_entity_0178,state,VARCHAR(30),NO,Target column for domain entity 178 field 4 in modern schema
target_domain_entity_0178,amount,BIGINT,YES,Target column for domain entity 178 field 5 in modern schema
target_domain_entity_0178,count,INTEGER,YES,Target column for domain entity 178 field 6 in modern schema
target_domain_entity_0178,parent_ref,UUID,YES,Target column for domain entity 178 field 7 in modern schema
target_domain_entity_0178,start_time,TIMESTAMPTZ,YES,Target column for domain entity 178 field 8 in modern schema
target_domain_entity_0178,end_time,TIMESTAMPTZ,YES,Target column for domain entity 178 field 9 in modern schema
target_domain_entity_0178,metadata,JSONB,YES,Target column for domain entity 178 field 10 in modern schema
target_domain_entity_0178,created_at,TIMESTAMPTZ,YES,Target column for domain entity 178 field 11 in modern schema
target_domain_entity_0178,updated_at,TIMESTAMPTZ,YES,Target column for domain entity 178 field 12 in modern schema
target_domain_entity_0179,id,UUID,NO,Target column for domain entity 179 field 1 in modern schema
target_domain_entity_0179,name,VARCHAR(255),NO,Target column for domain entity 179 field 2 in modern schema
target_domain_entity_0179,external_ref,VARCHAR(100),NO,Target column for domain entity 179 field 3 in modern schema
target_domain_entity_0179,state,VARCHAR(30),NO,Target column for domain entity 179 field 4 in modern schema
target_domain_entity_0179,amount,BIGINT,YES,Target column for domain entity 179 field 5 in modern schema
target_domain_entity_0179,count,INTEGER,YES,Target column for domain entity 179 field 6 in modern schema
target_domain_entity_0179,parent_ref,UUID,YES,Target column for domain entity 179 field 7 in modern schema
target_domain_entity_0179,start_time,TIMESTAMPTZ,YES,Target column for domain entity 179 field 8 in modern schema
target_domain_entity_0179,end_time,TIMESTAMPTZ,YES,Target column for domain entity 179 field 9 in modern schema
target_domain_entity_0179,metadata,JSONB,YES,Target column for domain entity 179 field 10 in modern schema
target_domain_entity_0179,created_at,TIMESTAMPTZ,YES,Target column for domain entity 179 field 11 in modern schema
target_domain_entity_0179,updated_at,TIMESTAMPTZ,YES,Target column for domain entity 179 field 12 in modern schema
target_domain_entity_0180,id,UUID,NO,Target column for domain entity 180 field 1 in modern schema
target_domain_entity_0180,name,VARCHAR(255),NO,Target column for domain entity 180 field 2 in modern schema
target_domain_entity_0180,external_ref,VARCHAR(100),NO,Target column for domain entity 180 field 3 in modern schema
target_domain_entity_0180,state,VARCHAR(30),NO,Target column for domain entity 180 field 4 in modern schema
target_domain_entity_0180,amount,BIGINT,YES,Target column for domain entity 180 field 5 in modern schema
target_domain_entity_0180,count,INTEGER,YES,Target column for domain entity 180 field 6 in modern schema
target_domain_entity_0180,parent_ref,UUID,YES,Target column for domain entity 180 field 7 in modern schema
target_domain_entity_0180,start_time,TIMESTAMPTZ,YES,Target column for domain entity 180 field 8 in modern schema
target_domain_entity_0180,end_time,TIMESTAMPTZ,YES,Target column for domain entity 180 field 9 in modern schema
target_domain_entity_0180,metadata,JSONB,YES,Target column for domain entity 180 field 10 in modern schema
target_domain_entity_0180,created_at,TIMESTAMPTZ,YES,Target column for domain entity 180 field 11 in modern schema
target_domain_entity_0180,updated_at,TIMESTAMPTZ,YES,Target column for domain entity 180 field 12 in modern schema
target_domain_entity_0181,id,UUID,NO,Target column for domain entity 181 field 1 in modern schema
target_domain_entity_0181,name,VARCHAR(255),NO,Target column for domain entity 181 field 2 in modern schema
target_domain_entity_0181,external_ref,VARCHAR(100),NO,Target column for domain entity 181 field 3 in modern schema
target_domain_entity_0181,state,VARCHAR(30),NO,Target column for domain entity 181 field 4 in modern schema
target_domain_entity_0181,amount,BIGINT,YES,Target column for domain entity 181 field 5 in modern schema
target_domain_entity_0181,count,INTEGER,YES,Target column for domain entity 181 field 6 in modern schema
target_domain_entity_0181,parent_ref,UUID,YES,Target column for domain entity 181 field 7 in modern schema
target_domain_entity_0181,start_time,TIMESTAMPTZ,YES,Target column for domain entity 181 field 8 in modern schema
target_domain_entity_0181,end_time,TIMESTAMPTZ,YES,Target column for domain entity 181 field 9 in modern schema
target_domain_entity_0181,metadata,JSONB,YES,Target column for domain entity 181 field 10 in modern schema
target_domain_entity_0181,created_at,TIMESTAMPTZ,YES,Target column for domain entity 181 field 11 in modern schema
target_domain_entity_0181,updated_at,TIMESTAMPTZ,YES,Target column for domain entity 181 field 12 in modern schema
target_domain_entity_0182,id,UUID,NO,Target column for domain entity 182 field 1 in modern schema
target_domain_entity_0182,name,VARCHAR(255),NO,Target column for domain entity 182 field 2 in modern schema
target_domain_entity_0182,external_ref,VARCHAR(100),NO,Target column for domain entity 182 field 3 in modern schema
target_domain_entity_0182,state,VARCHAR(30),NO,Target column for domain entity 182 field 4 in modern schema
target_domain_entity_0182,amount,BIGINT,YES,Target column for domain entity 182 field 5 in modern schema
target_domain_entity_0182,count,INTEGER,YES,Target column for domain entity 182 field 6 in modern schema
target_domain_entity_0182,parent_ref,UUID,YES,Target column for domain entity 182 field 7 in modern schema
target_domain_entity_0182,start_time,TIMESTAMPTZ,YES,Target column for domain entity 182 field 8 in modern schema
target_domain_entity_0182,end_time,TIMESTAMPTZ,YES,Target column for domain entity 182 field 9 in modern schema
target_domain_entity_0182,metadata,JSONB,YES,Target column for domain entity 182 field 10 in modern schema
target_domain_entity_0182,created_at,TIMESTAMPTZ,YES,Target column for domain entity 182 field 11 in modern schema
target_domain_entity_0182,updated_at,TIMESTAMPTZ,YES,Target column for domain entity 182 field 12 in modern schema
target_domain_entity_0183,id,UUID,NO,Target column for domain entity 183 field 1 in modern schema
target_domain_entity_0183,name,VARCHAR(255),NO,Target column for domain entity 183 field 2 in modern schema
target_domain_entity_0183,external_ref,VARCHAR(100),NO,Target column for domain entity 183 field 3 in modern schema
target_domain_entity_0183,state,VARCHAR(30),NO,Target column for domain entity 183 field 4 in modern schema
target_domain_entity_0183,amount,BIGINT,YES,Target column for domain entity 183 field 5 in modern schema
target_domain_entity_0183,count,INTEGER,YES,Target column for domain entity 183 field 6 in modern schema
target_domain_entity_0183,parent_ref,UUID,YES,Target column for domain entity 183 field 7 in modern schema
target_domain_entity_0183,start_time,TIMESTAMPTZ,YES,Target column for domain entity 183 field 8 in modern schema
target_domain_entity_0183,end_time,TIMESTAMPTZ,YES,Target column for domain entity 183 field 9 in modern schema
target_domain_entity_0183,metadata,JSONB,YES,Target column for domain entity 183 field 10 in modern schema
target_domain_entity_0183,created_at,TIMESTAMPTZ,YES,Target column for domain entity 183 field 11 in modern schema
target_domain_entity_0183,updated_at,TIMESTAMPTZ,YES,Target column for domain entity 183 field 12 in modern schema
target_domain_entity_0184,id,UUID,NO,Target column for domain entity 184 field 1 in modern schema
target_domain_entity_0184,name,VARCHAR(255),NO,Target column for domain entity 184 field 2 in modern schema
target_domain_entity_0184,external_ref,VARCHAR(100),NO,Target column for domain entity 184 field 3 in modern schema
target_domain_entity_0184,state,VARCHAR(30),NO,Target column for domain entity 184 field 4 in modern schema
target_domain_entity_0184,amount,BIGINT,YES,Target column for domain entity 184 field 5 in modern schema
target_domain_entity_0184,count,INTEGER,YES,Target column for domain entity 184 field 6 in modern schema
target_domain_entity_0184,parent_ref,UUID,YES,Target column for domain entity 184 field 7 in modern schema
target_domain_entity_0184,start_time,TIMESTAMPTZ,YES,Target column for domain entity 184 field 8 in modern schema
target_domain_entity_0184,end_time,TIMESTAMPTZ,YES,Target column for domain entity 184 field 9 in modern schema
target_domain_entity_0184,metadata,JSONB,YES,Target column for domain entity 184 field 10 in modern schema
target_domain_entity_0184,created_at,TIMESTAMPTZ,YES,Target column for domain entity 184 field 11 in modern schema
target_domain_entity_0184,updated_at,TIMESTAMPTZ,YES,Target column for domain entity 184 field 12 in modern schema
target_domain_entity_0185,id,UUID,NO,Target column for domain entity 185 field 1 in modern schema
target_domain_entity_0185,name,VARCHAR(255),NO,Target column for domain entity 185 field 2 in modern schema
target_domain_entity_0185,external_ref,VARCHAR(100),NO,Target column for domain entity 185 field 3 in modern schema
target_domain_entity_0185,state,VARCHAR(30),NO,Target column for domain entity 185 field 4 in modern schema
target_domain_entity_0185,amount,BIGINT,YES,Target column for domain entity 185 field 5 in modern schema
target_domain_entity_0185,count,INTEGER,YES,Target column for domain entity 185 field 6 in modern schema
target_domain_entity_0185,parent_ref,UUID,YES,Target column for domain entity 185 field 7 in modern schema
target_domain_entity_0185,start_time,TIMESTAMPTZ,YES,Target column for domain entity 185 field 8 in modern schema
target_domain_entity_0185,end_time,TIMESTAMPTZ,YES,Target column for domain entity 185 field 9 in modern schema
target_domain_entity_0185,metadata,JSONB,YES,Target column for domain entity 185 field 10 in modern schema
target_domain_entity_0185,created_at,TIMESTAMPTZ,YES,Target column for domain entity 185 field 11 in modern schema
target_domain_entity_0185,updated_at,TIMESTAMPTZ,YES,Target column for domain entity 185 field 12 in modern schema
target_domain_entity_0186,id,UUID,NO,Target column for domain entity 186 field 1 in modern schema
target_domain_entity_0186,name,VARCHAR(255),NO,Target column for domain entity 186 field 2 in modern schema
target_domain_entity_0186,external_ref,VARCHAR(100),NO,Target column for domain entity 186 field 3 in modern schema
target_domain_entity_0186,state,VARCHAR(30),NO,Target column for domain entity 186 field 4 in modern schema
target_domain_entity_0186,amount,BIGINT,YES,Target column for domain entity 186 field 5 in modern schema
target_domain_entity_0186,count,INTEGER,YES,Target column for domain entity 186 field 6 in modern schema
target_domain_entity_0186,parent_ref,UUID,YES,Target column for domain entity 186 field 7 in modern schema
target_domain_entity_0186,start_time,TIMESTAMPTZ,YES,Target column for domain entity 186 field 8 in modern schema
target_domain_entity_0186,end_time,TIMESTAMPTZ,YES,Target column for domain entity 186 field 9 in modern schema
target_domain_entity_0186,metadata,JSONB,YES,Target column for domain entity 186 field 10 in modern schema
target_domain_entity_0186,created_at,TIMESTAMPTZ,YES,Target column for domain entity 186 field 11 in modern schema
target_domain_entity_0186,updated_at,TIMESTAMPTZ,YES,Target column for domain entity 186 field 12 in modern schema
target_domain_entity_0187,id,UUID,NO,Target column for domain entity 187 field 1 in modern schema
target_domain_entity_0187,name,VARCHAR(255),NO,Target column for domain entity 187 field 2 in modern schema
target_domain_entity_0187,external_ref,VARCHAR(100),NO,Target column for domain entity 187 field 3 in modern schema
target_domain_entity_0187,state,VARCHAR(30),NO,Target column for domain entity 187 field 4 in modern schema
target_domain_entity_0187,amount,BIGINT,YES,Target column for domain entity 187 field 5 in modern schema
target_domain_entity_0187,count,INTEGER,YES,Target column for domain entity 187 field 6 in modern schema
target_domain_entity_0187,parent_ref,UUID,YES,Target column for domain entity 187 field 7 in modern schema
target_domain_entity_0187,start_time,TIMESTAMPTZ,YES,Target column for domain entity 187 field 8 in modern schema
target_domain_entity_0187,end_time,TIMESTAMPTZ,YES,Target column for domain entity 187 field 9 in modern schema
target_domain_entity_0187,metadata,JSONB,YES,Target column for domain entity 187 field 10 in modern schema
target_domain_entity_0187,created_at,TIMESTAMPTZ,YES,Target column for domain entity 187 field 11 in modern schema
target_domain_entity_0187,updated_at,TIMESTAMPTZ,YES,Target column for domain entity 187 field 12 in modern schema
target_domain_entity_0188,id,UUID,NO,Target column for domain entity 188 field 1 in modern schema
target_domain_entity_0188,name,VARCHAR(255),NO,Target column for domain entity 188 field 2 in modern schema
target_domain_entity_0188,external_ref,VARCHAR(100),NO,Target column for domain entity 188 field 3 in modern schema
target_domain_entity_0188,state,VARCHAR(30),NO,Target column for domain entity 188 field 4 in modern schema
target_domain_entity_0188,amount,BIGINT,YES,Target column for domain entity 188 field 5 in modern schema
target_domain_entity_0188,count,INTEGER,YES,Target column for domain entity 188 field 6 in modern schema
target_domain_entity_0188,parent_ref,UUID,YES,Target column for domain entity 188 field 7 in modern schema
target_domain_entity_0188,start_time,TIMESTAMPTZ,YES,Target column for domain entity 188 field 8 in modern schema
target_domain_entity_0188,end_time,TIMESTAMPTZ,YES,Target column for domain entity 188 field 9 in modern schema
target_domain_entity_0188,metadata,JSONB,YES,Target column for domain entity 188 field 10 in modern schema
target_domain_entity_0188,created_at,TIMESTAMPTZ,YES,Target column for domain entity 188 field 11 in modern schema
target_domain_entity_0188,updated_at,TIMESTAMPTZ,YES,Target column for domain entity 188 field 12 in modern schema
target_domain_entity_0189,id,UUID,NO,Target column for domain entity 189 field 1 in modern schema
target_domain_entity_0189,name,VARCHAR(255),NO,Target column for domain entity 189 field 2 in modern schema
target_domain_entity_0189,external_ref,VARCHAR(100),NO,Target column for domain entity 189 field 3 in modern schema
target_domain_entity_0189,state,VARCHAR(30),NO,Target column for domain entity 189 field 4 in modern schema
target_domain_entity_0189,amount,BIGINT,YES,Target column for domain entity 189 field 5 in modern schema
target_domain_entity_0189,count,INTEGER,YES,Target column for domain entity 189 field 6 in modern schema
target_domain_entity_0189,parent_ref,UUID,YES,Target column for domain entity 189 field 7 in modern schema
target_domain_entity_0189,start_time,TIMESTAMPTZ,YES,Target column for domain entity 189 field 8 in modern schema
target_domain_entity_0189,end_time,TIMESTAMPTZ,YES,Target column for domain entity 189 field 9 in modern schema
target_domain_entity_0189,metadata,JSONB,YES,Target column for domain entity 189 field 10 in modern schema
target_domain_entity_0189,created_at,TIMESTAMPTZ,YES,Target column for domain entity 189 field 11 in modern schema
target_domain_entity_0189,updated_at,TIMESTAMPTZ,YES,Target column for domain entity 189 field 12 in modern schema
target_domain_entity_0190,id,UUID,NO,Target column for domain entity 190 field 1 in modern schema
target_domain_entity_0190,name,VARCHAR(255),NO,Target column for domain entity 190 field 2 in modern schema
target_domain_entity_0190,external_ref,VARCHAR(100),NO,Target column for domain entity 190 field 3 in modern schema
target_domain_entity_0190,state,VARCHAR(30),NO,Target column for domain entity 190 field 4 in modern schema
target_domain_entity_0190,amount,BIGINT,YES,Target column for domain entity 190 field 5 in modern schema
target_domain_entity_0190,count,INTEGER,YES,Target column for domain entity 190 field 6 in modern schema
target_domain_entity_0190,parent_ref,UUID,YES,Target column for domain entity 190 field 7 in modern schema
target_domain_entity_0190,start_time,TIMESTAMPTZ,YES,Target column for domain entity 190 field 8 in modern schema
target_domain_entity_0190,end_time,TIMESTAMPTZ,YES,Target column for domain entity 190 field 9 in modern schema
target_domain_entity_0190,metadata,JSONB,YES,Target column for domain entity 190 field 10 in modern schema
target_domain_entity_0190,created_at,TIMESTAMPTZ,YES,Target column for domain entity 190 field 11 in modern schema
target_domain_entity_0190,updated_at,TIMESTAMPTZ,YES,Target column for domain entity 190 field 12 in modern schema
target_domain_entity_0191,id,UUID,NO,Target column for domain entity 191 field 1 in modern schema
target_domain_entity_0191,name,VARCHAR(255),NO,Target column for domain entity 191 field 2 in modern schema
target_domain_entity_0191,external_ref,VARCHAR(100),NO,Target column for domain entity 191 field 3 in modern schema
target_domain_entity_0191,state,VARCHAR(30),NO,Target column for domain entity 191 field 4 in modern schema
target_domain_entity_0191,amount,BIGINT,YES,Target column for domain entity 191 field 5 in modern schema
target_domain_entity_0191,count,INTEGER,YES,Target column for domain entity 191 field 6 in modern schema
target_domain_entity_0191,parent_ref,UUID,YES,Target column for domain entity 191 field 7 in modern schema
target_domain_entity_0191,start_time,TIMESTAMPTZ,YES,Target column for domain entity 191 field 8 in modern schema
target_domain_entity_0191,end_time,TIMESTAMPTZ,YES,Target column for domain entity 191 field 9 in modern schema
target_domain_entity_0191,metadata,JSONB,YES,Target column for domain entity 191 field 10 in modern schema
target_domain_entity_0191,created_at,TIMESTAMPTZ,YES,Target column for domain entity 191 field 11 in modern schema
target_domain_entity_0191,updated_at,TIMESTAMPTZ,YES,Target column for domain entity 191 field 12 in modern schema
target_domain_entity_0192,id,UUID,NO,Target column for domain entity 192 field 1 in modern schema
target_domain_entity_0192,name,VARCHAR(255),NO,Target column for domain entity 192 field 2 in modern schema
target_domain_entity_0192,external_ref,VARCHAR(100),NO,Target column for domain entity 192 field 3 in modern schema
target_domain_entity_0192,state,VARCHAR(30),NO,Target column for domain entity 192 field 4 in modern schema
target_domain_entity_0192,amount,BIGINT,YES,Target column for domain entity 192 field 5 in modern schema
target_domain_entity_0192,count,INTEGER,YES,Target column for domain entity 192 field 6 in modern schema
target_domain_entity_0192,parent_ref,UUID,YES,Target column for domain entity 192 field 7 in modern schema
target_domain_entity_0192,start_time,TIMESTAMPTZ,YES,Target column for domain entity 192 field 8 in modern schema
target_domain_entity_0192,end_time,TIMESTAMPTZ,YES,Target column for domain entity 192 field 9 in modern schema
target_domain_entity_0192,metadata,JSONB,YES,Target column for domain entity 192 field 10 in modern schema
target_domain_entity_0192,created_at,TIMESTAMPTZ,YES,Target column for domain entity 192 field 11 in modern schema
target_domain_entity_0192,updated_at,TIMESTAMPTZ,YES,Target column for domain entity 192 field 12 in modern schema
target_domain_entity_0193,id,UUID,NO,Target column for domain entity 193 field 1 in modern schema
target_domain_entity_0193,name,VARCHAR(255),NO,Target column for domain entity 193 field 2 in modern schema
target_domain_entity_0193,external_ref,VARCHAR(100),NO,Target column for domain entity 193 field 3 in modern schema
target_domain_entity_0193,state,VARCHAR(30),NO,Target column for domain entity 193 field 4 in modern schema
target_domain_entity_0193,amount,BIGINT,YES,Target column for domain entity 193 field 5 in modern schema
target_domain_entity_0193,count,INTEGER,YES,Target column for domain entity 193 field 6 in modern schema
target_domain_entity_0193,parent_ref,UUID,YES,Target column for domain entity 193 field 7 in modern schema
target_domain_entity_0193,start_time,TIMESTAMPTZ,YES,Target column for domain entity 193 field 8 in modern schema
target_domain_entity_0193,end_time,TIMESTAMPTZ,YES,Target column for domain entity 193 field 9 in modern schema
target_domain_entity_0193,metadata,JSONB,YES,Target column for domain entity 193 field 10 in modern schema
target_domain_entity_0193,created_at,TIMESTAMPTZ,YES,Target column for domain entity 193 field 11 in modern schema
target_domain_entity_0193,updated_at,TIMESTAMPTZ,YES,Target column for domain entity 193 field 12 in modern schema
target_domain_entity_0194,id,UUID,NO,Target column for domain entity 194 field 1 in modern schema
target_domain_entity_0194,name,VARCHAR(255),NO,Target column for domain entity 194 field 2 in modern schema
target_domain_entity_0194,external_ref,VARCHAR(100),NO,Target column for domain entity 194 field 3 in modern schema
target_domain_entity_0194,state,VARCHAR(30),NO,Target column for domain entity 194 field 4 in modern schema
target_domain_entity_0194,amount,BIGINT,YES,Target column for domain entity 194 field 5 in modern schema
target_domain_entity_0194,count,INTEGER,YES,Target column for domain entity 194 field 6 in modern schema
target_domain_entity_0194,parent_ref,UUID,YES,Target column for domain entity 194 field 7 in modern schema
target_domain_entity_0194,start_time,TIMESTAMPTZ,YES,Target column for domain entity 194 field 8 in modern schema
target_domain_entity_0194,end_time,TIMESTAMPTZ,YES,Target column for domain entity 194 field 9 in modern schema
target_domain_entity_0194,metadata,JSONB,YES,Target column for domain entity 194 field 10 in modern schema
target_domain_entity_0194,created_at,TIMESTAMPTZ,YES,Target column for domain entity 194 field 11 in modern schema
target_domain_entity_0194,updated_at,TIMESTAMPTZ,YES,Target column for domain entity 194 field 12 in modern schema
target_domain_entity_0195,id,UUID,NO,Target column for domain entity 195 field 1 in modern schema
target_domain_entity_0195,name,VARCHAR(255),NO,Target column for domain entity 195 field 2 in modern schema
target_domain_entity_0195,external_ref,VARCHAR(100),NO,Target column for domain entity 195 field 3 in modern schema
target_domain_entity_0195,state,VARCHAR(30),NO,Target column for domain entity 195 field 4 in modern schema
target_domain_entity_0195,amount,BIGINT,YES,Target column for domain entity 195 field 5 in modern schema
target_domain_entity_0195,count,INTEGER,YES,Target column for domain entity 195 field 6 in modern schema
target_domain_entity_0195,parent_ref,UUID,YES,Target column for domain entity 195 field 7 in modern schema
target_domain_entity_0195,start_time,TIMESTAMPTZ,YES,Target column for domain entity 195 field 8 in modern schema
target_domain_entity_0195,end_time,TIMESTAMPTZ,YES,Target column for domain entity 195 field 9 in modern schema
target_domain_entity_0195,metadata,JSONB,YES,Target column for domain entity 195 field 10 in modern schema
target_domain_entity_0195,created_at,TIMESTAMPTZ,YES,Target column for domain entity 195 field 11 in modern schema
target_domain_entity_0195,updated_at,TIMESTAMPTZ,YES,Target column for domain entity 195 field 12 in modern schema
target_domain_entity_0196,id,UUID,NO,Target column for domain entity 196 field 1 in modern schema
target_domain_entity_0196,name,VARCHAR(255),NO,Target column for domain entity 196 field 2 in modern schema
target_domain_entity_0196,external_ref,VARCHAR(100),NO,Target column for domain entity 196 field 3 in modern schema
target_domain_entity_0196,state,VARCHAR(30),NO,Target column for domain entity 196 field 4 in modern schema
target_domain_entity_0196,amount,BIGINT,YES,Target column for domain entity 196 field 5 in modern schema
target_domain_entity_0196,count,INTEGER,YES,Target column for domain entity 196 field 6 in modern schema
target_domain_entity_0196,parent_ref,UUID,YES,Target column for domain entity 196 field 7 in modern schema
target_domain_entity_0196,start_time,TIMESTAMPTZ,YES,Target column for domain entity 196 field 8 in modern schema
target_domain_entity_0196,end_time,TIMESTAMPTZ,YES,Target column for domain entity 196 field 9 in modern schema
target_domain_entity_0196,metadata,JSONB,YES,Target column for domain entity 196 field 10 in modern schema
target_domain_entity_0196,created_at,TIMESTAMPTZ,YES,Target column for domain entity 196 field 11 in modern schema
target_domain_entity_0196,updated_at,TIMESTAMPTZ,YES,Target column for domain entity 196 field 12 in modern schema
target_domain_entity_0197,id,UUID,NO,Target column for domain entity 197 field 1 in modern schema
target_domain_entity_0197,name,VARCHAR(255),NO,Target column for domain entity 197 field 2 in modern schema
target_domain_entity_0197,external_ref,VARCHAR(100),NO,Target column for domain entity 197 field 3 in modern schema
target_domain_entity_0197,state,VARCHAR(30),NO,Target column for domain entity 197 field 4 in modern schema
target_domain_entity_0197,amount,BIGINT,YES,Target column for domain entity 197 field 5 in modern schema
target_domain_entity_0197,count,INTEGER,YES,Target column for domain entity 197 field 6 in modern schema
target_domain_entity_0197,parent_ref,UUID,YES,Target column for domain entity 197 field 7 in modern schema
target_domain_entity_0197,start_time,TIMESTAMPTZ,YES,Target column for domain entity 197 field 8 in modern schema
target_domain_entity_0197,end_time,TIMESTAMPTZ,YES,Target column for domain entity 197 field 9 in modern schema
target_domain_entity_0197,metadata,JSONB,YES,Target column for domain entity 197 field 10 in modern schema
target_domain_entity_0197,created_at,TIMESTAMPTZ,YES,Target column for domain entity 197 field 11 in modern schema
target_domain_entity_0197,updated_at,TIMESTAMPTZ,YES,Target column for domain entity 197 field 12 in modern schema
target_domain_entity_0198,id,UUID,NO,Target column for domain entity 198 field 1 in modern schema
target_domain_entity_0198,name,VARCHAR(255),NO,Target column for domain entity 198 field 2 in modern schema
target_domain_entity_0198,external_ref,VARCHAR(100),NO,Target column for domain entity 198 field 3 in modern schema
target_domain_entity_0198,state,VARCHAR(30),NO,Target column for domain entity 198 field 4 in modern schema
target_domain_entity_0198,amount,BIGINT,YES,Target column for domain entity 198 field 5 in modern schema
target_domain_entity_0198,count,INTEGER,YES,Target column for domain entity 198 field 6 in modern schema
target_domain_entity_0198,parent_ref,UUID,YES,Target column for domain entity 198 field 7 in modern schema
target_domain_entity_0198,start_time,TIMESTAMPTZ,YES,Target column for domain entity 198 field 8 in modern schema
target_domain_entity_0198,end_time,TIMESTAMPTZ,YES,Target column for domain entity 198 field 9 in modern schema
target_domain_entity_0198,metadata,JSONB,YES,Target column for domain entity 198 field 10 in modern schema
target_domain_entity_0198,created_at,TIMESTAMPTZ,YES,Target column for domain entity 198 field 11 in modern schema
target_domain_entity_0198,updated_at,TIMESTAMPTZ,YES,Target column for domain entity 198 field 12 in modern schema
target_domain_entity_0199,id,UUID,NO,Target column for domain entity 199 field 1 in modern schema
target_domain_entity_0199,name,VARCHAR(255),NO,Target column for domain entity 199 field 2 in modern schema
target_domain_entity_0199,external_ref,VARCHAR(100),NO,Target column for domain entity 199 field 3 in modern schema
target_domain_entity_0199,state,VARCHAR(30),NO,Target column for domain entity 199 field 4 in modern schema
target_domain_entity_0199,amount,BIGINT,YES,Target column for domain entity 199 field 5 in modern schema
target_domain_entity_0199,count,INTEGER,YES,Target column for domain entity 199 field 6 in modern schema
target_domain_entity_0199,parent_ref,UUID,YES,Target column for domain entity 199 field 7 in modern schema
target_domain_entity_0199,start_time,TIMESTAMPTZ,YES,Target column for domain entity 199 field 8 in modern schema
target_domain_entity_0199,end_time,TIMESTAMPTZ,YES,Target column for domain entity 199 field 9 in modern schema
target_domain_entity_0199,metadata,JSONB,YES,Target column for domain entity 199 field 10 in modern schema
target_domain_entity_0199,created_at,TIMESTAMPTZ,YES,Target column for domain entity 199 field 11 in modern schema
target_domain_entity_0199,updated_at,TIMESTAMPTZ,YES,Target column for domain entity 199 field 12 in modern schema
target_domain_entity_0200,id,UUID,NO,Target column for domain entity 200 field 1 in modern schema
target_domain_entity_0200,name,VARCHAR(255),NO,Target column for domain entity 200 field 2 in modern schema
target_domain_entity_0200,external_ref,VARCHAR(100),NO,Target column for domain entity 200 field 3 in modern schema
target_domain_entity_0200,state,VARCHAR(30),NO,Target column for domain entity 200 field 4 in modern schema
target_domain_entity_0200,amount,BIGINT,YES,Target column for domain entity 200 field 5 in modern schema
target_domain_entity_0200,count,INTEGER,YES,Target column for domain entity 200 field 6 in modern schema
target_domain_entity_0200,parent_ref,UUID,YES,Target column for domain entity 200 field 7 in modern schema
target_domain_entity_0200,start_time,TIMESTAMPTZ,YES,Target column for domain entity 200 field 8 in modern schema
target_domain_entity_0200,end_time,TIMESTAMPTZ,YES,Target column for domain entity 200 field 9 in modern schema
target_domain_entity_0200,metadata,JSONB,YES,Target column for domain entity 200 field 10 in modern schema
target_domain_entity_0200,created_at,TIMESTAMPTZ,YES,Target column for domain entity 200 field 11 in modern schema
target_domain_entity_0200,updated_at,TIMESTAMPTZ,YES,Target column for domain entity 200 field 12 in modern schema
target_domain_entity_0201,id,UUID,NO,Target column for domain entity 201 field 1 in modern schema
target_domain_entity_0201,name,VARCHAR(255),NO,Target column for domain entity 201 field 2 in modern schema
target_domain_entity_0201,external_ref,VARCHAR(100),NO,Target column for domain entity 201 field 3 in modern schema
target_domain_entity_0201,state,VARCHAR(30),NO,Target column for domain entity 201 field 4 in modern schema
target_domain_entity_0201,amount,BIGINT,YES,Target column for domain entity 201 field 5 in modern schema
target_domain_entity_0201,count,INTEGER,YES,Target column for domain entity 201 field 6 in modern schema
target_domain_entity_0201,parent_ref,UUID,YES,Target column for domain entity 201 field 7 in modern schema
target_domain_entity_0201,start_time,TIMESTAMPTZ,YES,Target column for domain entity 201 field 8 in modern schema
target_domain_entity_0201,end_time,TIMESTAMPTZ,YES,Target column for domain entity 201 field 9 in modern schema
target_domain_entity_0201,metadata,JSONB,YES,Target column for domain entity 201 field 10 in modern schema
target_domain_entity_0201,created_at,TIMESTAMPTZ,YES,Target column for domain entity 201 field 11 in modern schema
target_domain_entity_0201,updated_at,TIMESTAMPTZ,YES,Target column for domain entity 201 field 12 in modern schema
target_domain_entity_0202,id,UUID,NO,Target column for domain entity 202 field 1 in modern schema
target_domain_entity_0202,name,VARCHAR(255),NO,Target column for domain entity 202 field 2 in modern schema
target_domain_entity_0202,external_ref,VARCHAR(100),NO,Target column for domain entity 202 field 3 in modern schema
target_domain_entity_0202,state,VARCHAR(30),NO,Target column for domain entity 202 field 4 in modern schema
target_domain_entity_0202,amount,BIGINT,YES,Target column for domain entity 202 field 5 in modern schema
target_domain_entity_0202,count,INTEGER,YES,Target column for domain entity 202 field 6 in modern schema
target_domain_entity_0202,parent_ref,UUID,YES,Target column for domain entity 202 field 7 in modern schema
target_domain_entity_0202,start_time,TIMESTAMPTZ,YES,Target column for domain entity 202 field 8 in modern schema
target_domain_entity_0202,end_time,TIMESTAMPTZ,YES,Target column for domain entity 202 field 9 in modern schema
target_domain_entity_0202,metadata,JSONB,YES,Target column for domain entity 202 field 10 in modern schema
target_domain_entity_0202,created_at,TIMESTAMPTZ,YES,Target column for domain entity 202 field 11 in modern schema
target_domain_entity_0202,updated_at,TIMESTAMPTZ,YES,Target column for domain entity 202 field 12 in modern schema
target_domain_entity_0203,id,UUID,NO,Target column for domain entity 203 field 1 in modern schema
target_domain_entity_0203,name,VARCHAR(255),NO,Target column for domain entity 203 field 2 in modern schema
target_domain_entity_0203,external_ref,VARCHAR(100),NO,Target column for domain entity 203 field 3 in modern schema
target_domain_entity_0203,state,VARCHAR(30),NO,Target column for domain entity 203 field 4 in modern schema
target_domain_entity_0203,amount,BIGINT,YES,Target column for domain entity 203 field 5 in modern schema
target_domain_entity_0203,count,INTEGER,YES,Target column for domain entity 203 field 6 in modern schema
target_domain_entity_0203,parent_ref,UUID,YES,Target column for domain entity 203 field 7 in modern schema
target_domain_entity_0203,start_time,TIMESTAMPTZ,YES,Target column for domain entity 203 field 8 in modern schema
target_domain_entity_0203,end_time,TIMESTAMPTZ,YES,Target column for domain entity 203 field 9 in modern schema
target_domain_entity_0203,metadata,JSONB,YES,Target column for domain entity 203 field 10 in modern schema
target_domain_entity_0203,created_at,TIMESTAMPTZ,YES,Target column for domain entity 203 field 11 in modern schema
target_domain_entity_0203,updated_at,TIMESTAMPTZ,YES,Target column for domain entity 203 field 12 in modern schema
target_domain_entity_0204,id,UUID,NO,Target column for domain entity 204 field 1 in modern schema
target_domain_entity_0204,name,VARCHAR(255),NO,Target column for domain entity 204 field 2 in modern schema
target_domain_entity_0204,external_ref,VARCHAR(100),NO,Target column for domain entity 204 field 3 in modern schema
target_domain_entity_0204,state,VARCHAR(30),NO,Target column for domain entity 204 field 4 in modern schema
target_domain_entity_0204,amount,BIGINT,YES,Target column for domain entity 204 field 5 in modern schema
target_domain_entity_0204,count,INTEGER,YES,Target column for domain entity 204 field 6 in modern schema
target_domain_entity_0204,parent_ref,UUID,YES,Target column for domain entity 204 field 7 in modern schema
target_domain_entity_0204,start_time,TIMESTAMPTZ,YES,Target column for domain entity 204 field 8 in modern schema
target_domain_entity_0204,end_time,TIMESTAMPTZ,YES,Target column for domain entity 204 field 9 in modern schema
target_domain_entity_0204,metadata,JSONB,YES,Target column for domain entity 204 field 10 in modern schema
target_domain_entity_0204,created_at,TIMESTAMPTZ,YES,Target column for domain entity 204 field 11 in modern schema
target_domain_entity_0204,updated_at,TIMESTAMPTZ,YES,Target column for domain entity 204 field 12 in modern schema
target_domain_entity_0205,id,UUID,NO,Target column for domain entity 205 field 1 in modern schema
target_domain_entity_0205,name,VARCHAR(255),NO,Target column for domain entity 205 field 2 in modern schema
target_domain_entity_0205,external_ref,VARCHAR(100),NO,Target column for domain entity 205 field 3 in modern schema
target_domain_entity_0205,state,VARCHAR(30),NO,Target column for domain entity 205 field 4 in modern schema
target_domain_entity_0205,amount,BIGINT,YES,Target column for domain entity 205 field 5 in modern schema
target_domain_entity_0205,count,INTEGER,YES,Target column for domain entity 205 field 6 in modern schema
target_domain_entity_0205,parent_ref,UUID,YES,Target column for domain entity 205 field 7 in modern schema
target_domain_entity_0205,start_time,TIMESTAMPTZ,YES,Target column for domain entity 205 field 8 in modern schema
target_domain_entity_0205,end_time,TIMESTAMPTZ,YES,Target column for domain entity 205 field 9 in modern schema
target_domain_entity_0205,metadata,JSONB,YES,Target column for domain entity 205 field 10 in modern schema
target_domain_entity_0205,created_at,TIMESTAMPTZ,YES,Target column for domain entity 205 field 11 in modern schema
target_domain_entity_0205,updated_at,TIMESTAMPTZ,YES,Target column for domain entity 205 field 12 in modern schema
target_domain_entity_0206,id,UUID,NO,Target column for domain entity 206 field 1 in modern schema
target_domain_entity_0206,name,VARCHAR(255),NO,Target column for domain entity 206 field 2 in modern schema
target_domain_entity_0206,external_ref,VARCHAR(100),NO,Target column for domain entity 206 field 3 in modern schema
target_domain_entity_0206,state,VARCHAR(30),NO,Target column for domain entity 206 field 4 in modern schema
target_domain_entity_0206,amount,BIGINT,YES,Target column for domain entity 206 field 5 in modern schema
target_domain_entity_0206,count,INTEGER,YES,Target column for domain entity 206 field 6 in modern schema
target_domain_entity_0206,parent_ref,UUID,YES,Target column for domain entity 206 field 7 in modern schema
target_domain_entity_0206,start_time,TIMESTAMPTZ,YES,Target column for domain entity 206 field 8 in modern schema
target_domain_entity_0206,end_time,TIMESTAMPTZ,YES,Target column for domain entity 206 field 9 in modern schema
target_domain_entity_0206,metadata,JSONB,YES,Target column for domain entity 206 field 10 in modern schema
target_domain_entity_0206,created_at,TIMESTAMPTZ,YES,Target column for domain entity 206 field 11 in modern schema
target_domain_entity_0206,updated_at,TIMESTAMPTZ,YES,Target column for domain entity 206 field 12 in modern schema
target_domain_entity_0207,id,UUID,NO,Target column for domain entity 207 field 1 in modern schema
target_domain_entity_0207,name,VARCHAR(255),NO,Target column for domain entity 207 field 2 in modern schema
target_domain_entity_0207,external_ref,VARCHAR(100),NO,Target column for domain entity 207 field 3 in modern schema
target_domain_entity_0207,state,VARCHAR(30),NO,Target column for domain entity 207 field 4 in modern schema
target_domain_entity_0207,amount,BIGINT,YES,Target column for domain entity 207 field 5 in modern schema
target_domain_entity_0207,count,INTEGER,YES,Target column for domain entity 207 field 6 in modern schema
target_domain_entity_0207,parent_ref,UUID,YES,Target column for domain entity 207 field 7 in modern schema
target_domain_entity_0207,start_time,TIMESTAMPTZ,YES,Target column for domain entity 207 field 8 in modern schema
target_domain_entity_0207,end_time,TIMESTAMPTZ,YES,Target column for domain entity 207 field 9 in modern schema
target_domain_entity_0207,metadata,JSONB,YES,Target column for domain entity 207 field 10 in modern schema
target_domain_entity_0207,created_at,TIMESTAMPTZ,YES,Target column for domain entity 207 field 11 in modern schema
target_domain_entity_0207,updated_at,TIMESTAMPTZ,YES,Target column for domain entity 207 field 12 in modern schema
target_domain_entity_0208,id,UUID,NO,Target column for domain entity 208 field 1 in modern schema
target_domain_entity_0208,name,VARCHAR(255),NO,Target column for domain entity 208 field 2 in modern schema
target_domain_entity_0208,external_ref,VARCHAR(100),NO,Target column for domain entity 208 field 3 in modern schema
target_domain_entity_0208,state,VARCHAR(30),NO,Target column for domain entity 208 field 4 in modern schema
target_domain_entity_0208,amount,BIGINT,YES,Target column for domain entity 208 field 5 in modern schema
target_domain_entity_0208,count,INTEGER,YES,Target column for domain entity 208 field 6 in modern schema
target_domain_entity_0208,parent_ref,UUID,YES,Target column for domain entity 208 field 7 in modern schema
target_domain_entity_0208,start_time,TIMESTAMPTZ,YES,Target column for domain entity 208 field 8 in modern schema
target_domain_entity_0208,end_time,TIMESTAMPTZ,YES,Target column for domain entity 208 field 9 in modern schema
target_domain_entity_0208,metadata,JSONB,YES,Target column for domain entity 208 field 10 in modern schema
target_domain_entity_0208,created_at,TIMESTAMPTZ,YES,Target column for domain entity 208 field 11 in modern schema
target_domain_entity_0208,updated_at,TIMESTAMPTZ,YES,Target column for domain entity 208 field 12 in modern schema
target_domain_entity_0209,id,UUID,NO,Target column for domain entity 209 field 1 in modern schema
target_domain_entity_0209,name,VARCHAR(255),NO,Target column for domain entity 209 field 2 in modern schema
target_domain_entity_0209,external_ref,VARCHAR(100),NO,Target column for domain entity 209 field 3 in modern schema
target_domain_entity_0209,state,VARCHAR(30),NO,Target column for domain entity 209 field 4 in modern schema
target_domain_entity_0209,amount,BIGINT,YES,Target column for domain entity 209 field 5 in modern schema
target_domain_entity_0209,count,INTEGER,YES,Target column for domain entity 209 field 6 in modern schema
target_domain_entity_0209,parent_ref,UUID,YES,Target column for domain entity 209 field 7 in modern schema
target_domain_entity_0209,start_time,TIMESTAMPTZ,YES,Target column for domain entity 209 field 8 in modern schema
target_domain_entity_0209,end_time,TIMESTAMPTZ,YES,Target column for domain entity 209 field 9 in modern schema
target_domain_entity_0209,metadata,JSONB,YES,Target column for domain entity 209 field 10 in modern schema
target_domain_entity_0209,created_at,TIMESTAMPTZ,YES,Target column for domain entity 209 field 11 in modern schema
target_domain_entity_0209,updated_at,TIMESTAMPTZ,YES,Target column for domain entity 209 field 12 in modern schema
target_domain_entity_0210,id,UUID,NO,Target column for domain entity 210 field 1 in modern schema
target_domain_entity_0210,name,VARCHAR(255),NO,Target column for domain entity 210 field 2 in modern schema
target_domain_entity_0210,external_ref,VARCHAR(100),NO,Target column for domain entity 210 field 3 in modern schema
target_domain_entity_0210,state,VARCHAR(30),NO,Target column for domain entity 210 field 4 in modern schema
target_domain_entity_0210,amount,BIGINT,YES,Target column for domain entity 210 field 5 in modern schema
target_domain_entity_0210,count,INTEGER,YES,Target column for domain entity 210 field 6 in modern schema
target_domain_entity_0210,parent_ref,UUID,YES,Target column for domain entity 210 field 7 in modern schema
target_domain_entity_0210,start_time,TIMESTAMPTZ,YES,Target column for domain entity 210 field 8 in modern schema
target_domain_entity_0210,end_time,TIMESTAMPTZ,YES,Target column for domain entity 210 field 9 in modern schema
target_domain_entity_0210,metadata,JSONB,YES,Target column for domain entity 210 field 10 in modern schema
target_domain_entity_0210,created_at,TIMESTAMPTZ,YES,Target column for domain entity 210 field 11 in modern schema
target_domain_entity_0210,updated_at,TIMESTAMPTZ,YES,Target column for domain entity 210 field 12 in modern schema
target_domain_entity_0211,id,UUID,NO,Target column for domain entity 211 field 1 in modern schema
target_domain_entity_0211,name,VARCHAR(255),NO,Target column for domain entity 211 field 2 in modern schema
target_domain_entity_0211,external_ref,VARCHAR(100),NO,Target column for domain entity 211 field 3 in modern schema
target_domain_entity_0211,state,VARCHAR(30),NO,Target column for domain entity 211 field 4 in modern schema
target_domain_entity_0211,amount,BIGINT,YES,Target column for domain entity 211 field 5 in modern schema
target_domain_entity_0211,count,INTEGER,YES,Target column for domain entity 211 field 6 in modern schema
target_domain_entity_0211,parent_ref,UUID,YES,Target column for domain entity 211 field 7 in modern schema
target_domain_entity_0211,start_time,TIMESTAMPTZ,YES,Target column for domain entity 211 field 8 in modern schema
target_domain_entity_0211,end_time,TIMESTAMPTZ,YES,Target column for domain entity 211 field 9 in modern schema
target_domain_entity_0211,metadata,JSONB,YES,Target column for domain entity 211 field 10 in modern schema
target_domain_entity_0211,created_at,TIMESTAMPTZ,YES,Target column for domain entity 211 field 11 in modern schema
target_domain_entity_0211,updated_at,TIMESTAMPTZ,YES,Target column for domain entity 211 field 12 in modern schema
target_domain_entity_0212,id,UUID,NO,Target column for domain entity 212 field 1 in modern schema
target_domain_entity_0212,name,VARCHAR(255),NO,Target column for domain entity 212 field 2 in modern schema
target_domain_entity_0212,external_ref,VARCHAR(100),NO,Target column for domain entity 212 field 3 in modern schema
target_domain_entity_0212,state,VARCHAR(30),NO,Target column for domain entity 212 field 4 in modern schema
target_domain_entity_0212,amount,BIGINT,YES,Target column for domain entity 212 field 5 in modern schema
target_domain_entity_0212,count,INTEGER,YES,Target column for domain entity 212 field 6 in modern schema
target_domain_entity_0212,parent_ref,UUID,YES,Target column for domain entity 212 field 7 in modern schema
target_domain_entity_0212,start_time,TIMESTAMPTZ,YES,Target column for domain entity 212 field 8 in modern schema
target_domain_entity_0212,end_time,TIMESTAMPTZ,YES,Target column for domain entity 212 field 9 in modern schema
target_domain_entity_0212,metadata,JSONB,YES,Target column for domain entity 212 field 10 in modern schema
target_domain_entity_0212,created_at,TIMESTAMPTZ,YES,Target column for domain entity 212 field 11 in modern schema
target_domain_entity_0212,updated_at,TIMESTAMPTZ,YES,Target column for domain entity 212 field 12 in modern schema
target_domain_entity_0213,id,UUID,NO,Target column for domain entity 213 field 1 in modern schema
target_domain_entity_0213,name,VARCHAR(255),NO,Target column for domain entity 213 field 2 in modern schema
target_domain_entity_0213,external_ref,VARCHAR(100),NO,Target column for domain entity 213 field 3 in modern schema
target_domain_entity_0213,state,VARCHAR(30),NO,Target column for domain entity 213 field 4 in modern schema
target_domain_entity_0213,amount,BIGINT,YES,Target column for domain entity 213 field 5 in modern schema
target_domain_entity_0213,count,INTEGER,YES,Target column for domain entity 213 field 6 in modern schema
target_domain_entity_0213,parent_ref,UUID,YES,Target column for domain entity 213 field 7 in modern schema
target_domain_entity_0213,start_time,TIMESTAMPTZ,YES,Target column for domain entity 213 field 8 in modern schema
target_domain_entity_0213,end_time,TIMESTAMPTZ,YES,Target column for domain entity 213 field 9 in modern schema
target_domain_entity_0213,metadata,JSONB,YES,Target column for domain entity 213 field 10 in modern schema
target_domain_entity_0213,created_at,TIMESTAMPTZ,YES,Target column for domain entity 213 field 11 in modern schema
target_domain_entity_0213,updated_at,TIMESTAMPTZ,YES,Target column for domain entity 213 field 12 in modern schema
target_domain_entity_0214,id,UUID,NO,Target column for domain entity 214 field 1 in modern schema
target_domain_entity_0214,name,VARCHAR(255),NO,Target column for domain entity 214 field 2 in modern schema
target_domain_entity_0214,external_ref,VARCHAR(100),NO,Target column for domain entity 214 field 3 in modern schema
target_domain_entity_0214,state,VARCHAR(30),NO,Target column for domain entity 214 field 4 in modern schema
target_domain_entity_0214,amount,BIGINT,YES,Target column for domain entity 214 field 5 in modern schema
target_domain_entity_0214,count,INTEGER,YES,Target column for domain entity 214 field 6 in modern schema
target_domain_entity_0214,parent_ref,UUID,YES,Target column for domain entity 214 field 7 in modern schema
target_domain_entity_0214,start_time,TIMESTAMPTZ,YES,Target column for domain entity 214 field 8 in modern schema
target_domain_entity_0214,end_time,TIMESTAMPTZ,YES,Target column for domain entity 214 field 9 in modern schema
target_domain_entity_0214,metadata,JSONB,YES,Target column for domain entity 214 field 10 in modern schema
target_domain_entity_0214,created_at,TIMESTAMPTZ,YES,Target column for domain entity 214 field 11 in modern schema
target_domain_entity_0214,updated_at,TIMESTAMPTZ,YES,Target column for domain entity 214 field 12 in modern schema
target_domain_entity_0215,id,UUID,NO,Target column for domain entity 215 field 1 in modern schema
target_domain_entity_0215,name,VARCHAR(255),NO,Target column for domain entity 215 field 2 in modern schema
target_domain_entity_0215,external_ref,VARCHAR(100),NO,Target column for domain entity 215 field 3 in modern schema
target_domain_entity_0215,state,VARCHAR(30),NO,Target column for domain entity 215 field 4 in modern schema
target_domain_entity_0215,amount,BIGINT,YES,Target column for domain entity 215 field 5 in modern schema
target_domain_entity_0215,count,INTEGER,YES,Target column for domain entity 215 field 6 in modern schema
target_domain_entity_0215,parent_ref,UUID,YES,Target column for domain entity 215 field 7 in modern schema
target_domain_entity_0215,start_time,TIMESTAMPTZ,YES,Target column for domain entity 215 field 8 in modern schema
target_domain_entity_0215,end_time,TIMESTAMPTZ,YES,Target column for domain entity 215 field 9 in modern schema
target_domain_entity_0215,metadata,JSONB,YES,Target column for domain entity 215 field 10 in modern schema
target_domain_entity_0215,created_at,TIMESTAMPTZ,YES,Target column for domain entity 215 field 11 in modern schema
target_domain_entity_0215,updated_at,TIMESTAMPTZ,YES,Target column for domain entity 215 field 12 in modern schema
target_domain_entity_0216,id,UUID,NO,Target column for domain entity 216 field 1 in modern schema
target_domain_entity_0216,name,VARCHAR(255),NO,Target column for domain entity 216 field 2 in modern schema
target_domain_entity_0216,external_ref,VARCHAR(100),NO,Target column for domain entity 216 field 3 in modern schema
target_domain_entity_0216,state,VARCHAR(30),NO,Target column for domain entity 216 field 4 in modern schema
target_domain_entity_0216,amount,BIGINT,YES,Target column for domain entity 216 field 5 in modern schema
target_domain_entity_0216,count,INTEGER,YES,Target column for domain entity 216 field 6 in modern schema
target_domain_entity_0216,parent_ref,UUID,YES,Target column for domain entity 216 field 7 in modern schema
target_domain_entity_0216,start_time,TIMESTAMPTZ,YES,Target column for domain entity 216 field 8 in modern schema
target_domain_entity_0216,end_time,TIMESTAMPTZ,YES,Target column for domain entity 216 field 9 in modern schema
target_domain_entity_0216,metadata,JSONB,YES,Target column for domain entity 216 field 10 in modern schema
target_domain_entity_0216,created_at,TIMESTAMPTZ,YES,Target column for domain entity 216 field 11 in modern schema
target_domain_entity_0216,updated_at,TIMESTAMPTZ,YES,Target column for domain entity 216 field 12 in modern schema
target_domain_entity_0217,id,UUID,NO,Target column for domain entity 217 field 1 in modern schema
target_domain_entity_0217,name,VARCHAR(255),NO,Target column for domain entity 217 field 2 in modern schema
target_domain_entity_0217,external_ref,VARCHAR(100),NO,Target column for domain entity 217 field 3 in modern schema
target_domain_entity_0217,state,VARCHAR(30),NO,Target column for domain entity 217 field 4 in modern schema
target_domain_entity_0217,amount,BIGINT,YES,Target column for domain entity 217 field 5 in modern schema
target_domain_entity_0217,count,INTEGER,YES,Target column for domain entity 217 field 6 in modern schema
target_domain_entity_0217,parent_ref,UUID,YES,Target column for domain entity 217 field 7 in modern schema
target_domain_entity_0217,start_time,TIMESTAMPTZ,YES,Target column for domain entity 217 field 8 in modern schema
target_domain_entity_0217,end_time,TIMESTAMPTZ,YES,Target column for domain entity 217 field 9 in modern schema
target_domain_entity_0217,metadata,JSONB,YES,Target column for domain entity 217 field 10 in modern schema
target_domain_entity_0217,created_at,TIMESTAMPTZ,YES,Target column for domain entity 217 field 11 in modern schema
target_domain_entity_0217,updated_at,TIMESTAMPTZ,YES,Target column for domain entity 217 field 12 in modern schema
target_domain_entity_0218,id,UUID,NO,Target column for domain entity 218 field 1 in modern schema
target_domain_entity_0218,name,VARCHAR(255),NO,Target column for domain entity 218 field 2 in modern schema
target_domain_entity_0218,external_ref,VARCHAR(100),NO,Target column for domain entity 218 field 3 in modern schema
target_domain_entity_0218,state,VARCHAR(30),NO,Target column for domain entity 218 field 4 in modern schema
target_domain_entity_0218,amount,BIGINT,YES,Target column for domain entity 218 field 5 in modern schema
target_domain_entity_0218,count,INTEGER,YES,Target column for domain entity 218 field 6 in modern schema
target_domain_entity_0218,parent_ref,UUID,YES,Target column for domain entity 218 field 7 in modern schema
target_domain_entity_0218,start_time,TIMESTAMPTZ,YES,Target column for domain entity 218 field 8 in modern schema
target_domain_entity_0218,end_time,TIMESTAMPTZ,YES,Target column for domain entity 218 field 9 in modern schema
target_domain_entity_0218,metadata,JSONB,YES,Target column for domain entity 218 field 10 in modern schema
target_domain_entity_0218,created_at,TIMESTAMPTZ,YES,Target column for domain entity 218 field 11 in modern schema
target_domain_entity_0218,updated_at,TIMESTAMPTZ,YES,Target column for domain entity 218 field 12 in modern schema
target_domain_entity_0219,id,UUID,NO,Target column for domain entity 219 field 1 in modern schema
target_domain_entity_0219,name,VARCHAR(255),NO,Target column for domain entity 219 field 2 in modern schema
target_domain_entity_0219,external_ref,VARCHAR(100),NO,Target column for domain entity 219 field 3 in modern schema
target_domain_entity_0219,state,VARCHAR(30),NO,Target column for domain entity 219 field 4 in modern schema
target_domain_entity_0219,amount,BIGINT,YES,Target column for domain entity 219 field 5 in modern schema
target_domain_entity_0219,count,INTEGER,YES,Target column for domain entity 219 field 6 in modern schema
target_domain_entity_0219,parent_ref,UUID,YES,Target column for domain entity 219 field 7 in modern schema
target_domain_entity_0219,start_time,TIMESTAMPTZ,YES,Target column for domain entity 219 field 8 in modern schema
target_domain_entity_0219,end_time,TIMESTAMPTZ,YES,Target column for domain entity 219 field 9 in modern schema
target_domain_entity_0219,metadata,JSONB,YES,Target column for domain entity 219 field 10 in modern schema
target_domain_entity_0219,created_at,TIMESTAMPTZ,YES,Target column for domain entity 219 field 11 in modern schema
target_domain_entity_0219,updated_at,TIMESTAMPTZ,YES,Target column for domain entity 219 field 12 in modern schema
target_domain_entity_0220,id,UUID,NO,Target column for domain entity 220 field 1 in modern schema
target_domain_entity_0220,name,VARCHAR(255),NO,Target column for domain entity 220 field 2 in modern schema
target_domain_entity_0220,external_ref,VARCHAR(100),NO,Target column for domain entity 220 field 3 in modern schema
target_domain_entity_0220,state,VARCHAR(30),NO,Target column for domain entity 220 field 4 in modern schema
target_domain_entity_0220,amount,BIGINT,YES,Target column for domain entity 220 field 5 in modern schema
target_domain_entity_0220,count,INTEGER,YES,Target column for domain entity 220 field 6 in modern schema
target_domain_entity_0220,parent_ref,UUID,YES,Target column for domain entity 220 field 7 in modern schema
target_domain_entity_0220,start_time,TIMESTAMPTZ,YES,Target column for domain entity 220 field 8 in modern schema
target_domain_entity_0220,end_time,TIMESTAMPTZ,YES,Target column for domain entity 220 field 9 in modern schema
target_domain_entity_0220,metadata,JSONB,YES,Target column for domain entity 220 field 10 in modern schema
target_domain_entity_0220,created_at,TIMESTAMPTZ,YES,Target column for domain entity 220 field 11 in modern schema
target_domain_entity_0220,updated_at,TIMESTAMPTZ,YES,Target column for domain entity 220 field 12 in modern schema
target_domain_entity_0221,id,UUID,NO,Target column for domain entity 221 field 1 in modern schema
target_domain_entity_0221,name,VARCHAR(255),NO,Target column for domain entity 221 field 2 in modern schema
target_domain_entity_0221,external_ref,VARCHAR(100),NO,Target column for domain entity 221 field 3 in modern schema
target_domain_entity_0221,state,VARCHAR(30),NO,Target column for domain entity 221 field 4 in modern schema
target_domain_entity_0221,amount,BIGINT,YES,Target column for domain entity 221 field 5 in modern schema
target_domain_entity_0221,count,INTEGER,YES,Target column for domain entity 221 field 6 in modern schema
target_domain_entity_0221,parent_ref,UUID,YES,Target column for domain entity 221 field 7 in modern schema
target_domain_entity_0221,start_time,TIMESTAMPTZ,YES,Target column for domain entity 221 field 8 in modern schema
target_domain_entity_0221,end_time,TIMESTAMPTZ,YES,Target column for domain entity 221 field 9 in modern schema
target_domain_entity_0221,metadata,JSONB,YES,Target column for domain entity 221 field 10 in modern schema
target_domain_entity_0221,created_at,TIMESTAMPTZ,YES,Target column for domain entity 221 field 11 in modern schema
target_domain_entity_0221,updated_at,TIMESTAMPTZ,YES,Target column for domain entity 221 field 12 in modern schema
target_domain_entity_0222,id,UUID,NO,Target column for domain entity 222 field 1 in modern schema
target_domain_entity_0222,name,VARCHAR(255),NO,Target column for domain entity 222 field 2 in modern schema
target_domain_entity_0222,external_ref,VARCHAR(100),NO,Target column for domain entity 222 field 3 in modern schema
target_domain_entity_0222,state,VARCHAR(30),NO,Target column for domain entity 222 field 4 in modern schema
target_domain_entity_0222,amount,BIGINT,YES,Target column for domain entity 222 field 5 in modern schema
target_domain_entity_0222,count,INTEGER,YES,Target column for domain entity 222 field 6 in modern schema
target_domain_entity_0222,parent_ref,UUID,YES,Target column for domain entity 222 field 7 in modern schema
target_domain_entity_0222,start_time,TIMESTAMPTZ,YES,Target column for domain entity 222 field 8 in modern schema
target_domain_entity_0222,end_time,TIMESTAMPTZ,YES,Target column for domain entity 222 field 9 in modern schema
target_domain_entity_0222,metadata,JSONB,YES,Target column for domain entity 222 field 10 in modern schema
target_domain_entity_0222,created_at,TIMESTAMPTZ,YES,Target column for domain entity 222 field 11 in modern schema
target_domain_entity_0222,updated_at,TIMESTAMPTZ,YES,Target column for domain entity 222 field 12 in modern schema
target_domain_entity_0223,id,UUID,NO,Target column for domain entity 223 field 1 in modern schema
target_domain_entity_0223,name,VARCHAR(255),NO,Target column for domain entity 223 field 2 in modern schema
target_domain_entity_0223,external_ref,VARCHAR(100),NO,Target column for domain entity 223 field 3 in modern schema
target_domain_entity_0223,state,VARCHAR(30),NO,Target column for domain entity 223 field 4 in modern schema
target_domain_entity_0223,amount,BIGINT,YES,Target column for domain entity 223 field 5 in modern schema
target_domain_entity_0223,count,INTEGER,YES,Target column for domain entity 223 field 6 in modern schema
target_domain_entity_0223,parent_ref,UUID,YES,Target column for domain entity 223 field 7 in modern schema
target_domain_entity_0223,start_time,TIMESTAMPTZ,YES,Target column for domain entity 223 field 8 in modern schema
target_domain_entity_0223,end_time,TIMESTAMPTZ,YES,Target column for domain entity 223 field 9 in modern schema
target_domain_entity_0223,metadata,JSONB,YES,Target column for domain entity 223 field 10 in modern schema
target_domain_entity_0223,created_at,TIMESTAMPTZ,YES,Target column for domain entity 223 field 11 in modern schema
target_domain_entity_0223,updated_at,TIMESTAMPTZ,YES,Target column for domain entity 223 field 12 in modern schema
target_domain_entity_0224,id,UUID,NO,Target column for domain entity 224 field 1 in modern schema
target_domain_entity_0224,name,VARCHAR(255),NO,Target column for domain entity 224 field 2 in modern schema
target_domain_entity_0224,external_ref,VARCHAR(100),NO,Target column for domain entity 224 field 3 in modern schema
target_domain_entity_0224,state,VARCHAR(30),NO,Target column for domain entity 224 field 4 in modern schema
target_domain_entity_0224,amount,BIGINT,YES,Target column for domain entity 224 field 5 in modern schema
target_domain_entity_0224,count,INTEGER,YES,Target column for domain entity 224 field 6 in modern schema
target_domain_entity_0224,parent_ref,UUID,YES,Target column for domain entity 224 field 7 in modern schema
target_domain_entity_0224,start_time,TIMESTAMPTZ,YES,Target column for domain entity 224 field 8 in modern schema
target_domain_entity_0224,end_time,TIMESTAMPTZ,YES,Target column for domain entity 224 field 9 in modern schema
target_domain_entity_0224,metadata,JSONB,YES,Target column for domain entity 224 field 10 in modern schema
target_domain_entity_0224,created_at,TIMESTAMPTZ,YES,Target column for domain entity 224 field 11 in modern schema
target_domain_entity_0224,updated_at,TIMESTAMPTZ,YES,Target column for domain entity 224 field 12 in modern schema
target_domain_entity_0225,id,UUID,NO,Target column for domain entity 225 field 1 in modern schema
target_domain_entity_0225,name,VARCHAR(255),NO,Target column for domain entity 225 field 2 in modern schema
target_domain_entity_0225,external_ref,VARCHAR(100),NO,Target column for domain entity 225 field 3 in modern schema
target_domain_entity_0225,state,VARCHAR(30),NO,Target column for domain entity 225 field 4 in modern schema
target_domain_entity_0225,amount,BIGINT,YES,Target column for domain entity 225 field 5 in modern schema
target_domain_entity_0225,count,INTEGER,YES,Target column for domain entity 225 field 6 in modern schema
target_domain_entity_0225,parent_ref,UUID,YES,Target column for domain entity 225 field 7 in modern schema
target_domain_entity_0225,start_time,TIMESTAMPTZ,YES,Target column for domain entity 225 field 8 in modern schema
target_domain_entity_0225,end_time,TIMESTAMPTZ,YES,Target column for domain entity 225 field 9 in modern schema
target_domain_entity_0225,metadata,JSONB,YES,Target column for domain entity 225 field 10 in modern schema
target_domain_entity_0225,created_at,TIMESTAMPTZ,YES,Target column for domain entity 225 field 11 in modern schema
target_domain_entity_0225,updated_at,TIMESTAMPTZ,YES,Target column for domain entity 225 field 12 in modern schema
target_domain_entity_0226,id,UUID,NO,Target column for domain entity 226 field 1 in modern schema
target_domain_entity_0226,name,VARCHAR(255),NO,Target column for domain entity 226 field 2 in modern schema
target_domain_entity_0226,external_ref,VARCHAR(100),NO,Target column for domain entity 226 field 3 in modern schema
target_domain_entity_0226,state,VARCHAR(30),NO,Target column for domain entity 226 field 4 in modern schema
target_domain_entity_0226,amount,BIGINT,YES,Target column for domain entity 226 field 5 in modern schema
target_domain_entity_0226,count,INTEGER,YES,Target column for domain entity 226 field 6 in modern schema
target_domain_entity_0226,parent_ref,UUID,YES,Target column for domain entity 226 field 7 in modern schema
target_domain_entity_0226,start_time,TIMESTAMPTZ,YES,Target column for domain entity 226 field 8 in modern schema
target_domain_entity_0226,end_time,TIMESTAMPTZ,YES,Target column for domain entity 226 field 9 in modern schema
target_domain_entity_0226,metadata,JSONB,YES,Target column for domain entity 226 field 10 in modern schema
target_domain_entity_0226,created_at,TIMESTAMPTZ,YES,Target column for domain entity 226 field 11 in modern schema
target_domain_entity_0226,updated_at,TIMESTAMPTZ,YES,Target column for domain entity 226 field 12 in modern schema
target_domain_entity_0227,id,UUID,NO,Target column for domain entity 227 field 1 in modern schema
target_domain_entity_0227,name,VARCHAR(255),NO,Target column for domain entity 227 field 2 in modern schema
target_domain_entity_0227,external_ref,VARCHAR(100),NO,Target column for domain entity 227 field 3 in modern schema
target_domain_entity_0227,state,VARCHAR(30),NO,Target column for domain entity 227 field 4 in modern schema
target_domain_entity_0227,amount,BIGINT,YES,Target column for domain entity 227 field 5 in modern schema
target_domain_entity_0227,count,INTEGER,YES,Target column for domain entity 227 field 6 in modern schema
target_domain_entity_0227,parent_ref,UUID,YES,Target column for domain entity 227 field 7 in modern schema
target_domain_entity_0227,start_time,TIMESTAMPTZ,YES,Target column for domain entity 227 field 8 in modern schema
target_domain_entity_0227,end_time,TIMESTAMPTZ,YES,Target column for domain entity 227 field 9 in modern schema
target_domain_entity_0227,metadata,JSONB,YES,Target column for domain entity 227 field 10 in modern schema
target_domain_entity_0227,created_at,TIMESTAMPTZ,YES,Target column for domain entity 227 field 11 in modern schema
target_domain_entity_0227,updated_at,TIMESTAMPTZ,YES,Target column for domain entity 227 field 12 in modern schema
target_domain_entity_0228,id,UUID,NO,Target column for domain entity 228 field 1 in modern schema
target_domain_entity_0228,name,VARCHAR(255),NO,Target column for domain entity 228 field 2 in modern schema
target_domain_entity_0228,external_ref,VARCHAR(100),NO,Target column for domain entity 228 field 3 in modern schema
target_domain_entity_0228,state,VARCHAR(30),NO,Target column for domain entity 228 field 4 in modern schema
target_domain_entity_0228,amount,BIGINT,YES,Target column for domain entity 228 field 5 in modern schema
target_domain_entity_0228,count,INTEGER,YES,Target column for domain entity 228 field 6 in modern schema
target_domain_entity_0228,parent_ref,UUID,YES,Target column for domain entity 228 field 7 in modern schema
target_domain_entity_0228,start_time,TIMESTAMPTZ,YES,Target column for domain entity 228 field 8 in modern schema
target_domain_entity_0228,end_time,TIMESTAMPTZ,YES,Target column for domain entity 228 field 9 in modern schema
target_domain_entity_0228,metadata,JSONB,YES,Target column for domain entity 228 field 10 in modern schema
target_domain_entity_0228,created_at,TIMESTAMPTZ,YES,Target column for domain entity 228 field 11 in modern schema
target_domain_entity_0228,updated_at,TIMESTAMPTZ,YES,Target column for domain entity 228 field 12 in modern schema
target_domain_entity_0229,id,UUID,NO,Target column for domain entity 229 field 1 in modern schema
target_domain_entity_0229,name,VARCHAR(255),NO,Target column for domain entity 229 field 2 in modern schema
target_domain_entity_0229,external_ref,VARCHAR(100),NO,Target column for domain entity 229 field 3 in modern schema
target_domain_entity_0229,state,VARCHAR(30),NO,Target column for domain entity 229 field 4 in modern schema
target_domain_entity_0229,amount,BIGINT,YES,Target column for domain entity 229 field 5 in modern schema
target_domain_entity_0229,count,INTEGER,YES,Target column for domain entity 229 field 6 in modern schema
target_domain_entity_0229,parent_ref,UUID,YES,Target column for domain entity 229 field 7 in modern schema
target_domain_entity_0229,start_time,TIMESTAMPTZ,YES,Target column for domain entity 229 field 8 in modern schema
target_domain_entity_0229,end_time,TIMESTAMPTZ,YES,Target column for domain entity 229 field 9 in modern schema
target_domain_entity_0229,metadata,JSONB,YES,Target column for domain entity 229 field 10 in modern schema
target_domain_entity_0229,created_at,TIMESTAMPTZ,YES,Target column for domain entity 229 field 11 in modern schema
target_domain_entity_0229,updated_at,TIMESTAMPTZ,YES,Target column for domain entity 229 field 12 in modern schema
target_domain_entity_0230,id,UUID,NO,Target column for domain entity 230 field 1 in modern schema
target_domain_entity_0230,name,VARCHAR(255),NO,Target column for domain entity 230 field 2 in modern schema
target_domain_entity_0230,external_ref,VARCHAR(100),NO,Target column for domain entity 230 field 3 in modern schema
target_domain_entity_0230,state,VARCHAR(30),NO,Target column for domain entity 230 field 4 in modern schema
target_domain_entity_0230,amount,BIGINT,YES,Target column for domain entity 230 field 5 in modern schema
target_domain_entity_0230,count,INTEGER,YES,Target column for domain entity 230 field 6 in modern schema
target_domain_entity_0230,parent_ref,UUID,YES,Target column for domain entity 230 field 7 in modern schema
target_domain_entity_0230,start_time,TIMESTAMPTZ,YES,Target column for domain entity 230 field 8 in modern schema
target_domain_entity_0230,end_time,TIMESTAMPTZ,YES,Target column for domain entity 230 field 9 in modern schema
target_domain_entity_0230,metadata,JSONB,YES,Target column for domain entity 230 field 10 in modern schema
target_domain_entity_0230,created_at,TIMESTAMPTZ,YES,Target column for domain entity 230 field 11 in modern schema
target_domain_entity_0230,updated_at,TIMESTAMPTZ,YES,Target column for domain entity 230 field 12 in modern schema
target_domain_entity_0231,id,UUID,NO,Target column for domain entity 231 field 1 in modern schema
target_domain_entity_0231,name,VARCHAR(255),NO,Target column for domain entity 231 field 2 in modern schema
target_domain_entity_0231,external_ref,VARCHAR(100),NO,Target column for domain entity 231 field 3 in modern schema
target_domain_entity_0231,state,VARCHAR(30),NO,Target column for domain entity 231 field 4 in modern schema
target_domain_entity_0231,amount,BIGINT,YES,Target column for domain entity 231 field 5 in modern schema
target_domain_entity_0231,count,INTEGER,YES,Target column for domain entity 231 field 6 in modern schema
target_domain_entity_0231,parent_ref,UUID,YES,Target column for domain entity 231 field 7 in modern schema
target_domain_entity_0231,start_time,TIMESTAMPTZ,YES,Target column for domain entity 231 field 8 in modern schema
target_domain_entity_0231,end_time,TIMESTAMPTZ,YES,Target column for domain entity 231 field 9 in modern schema
target_domain_entity_0231,metadata,JSONB,YES,Target column for domain entity 231 field 10 in modern schema
target_domain_entity_0231,created_at,TIMESTAMPTZ,YES,Target column for domain entity 231 field 11 in modern schema
target_domain_entity_0231,updated_at,TIMESTAMPTZ,YES,Target column for domain entity 231 field 12 in modern schema
target_domain_entity_0232,id,UUID,NO,Target column for domain entity 232 field 1 in modern schema
target_domain_entity_0232,name,VARCHAR(255),NO,Target column for domain entity 232 field 2 in modern schema
target_domain_entity_0232,external_ref,VARCHAR(100),NO,Target column for domain entity 232 field 3 in modern schema
target_domain_entity_0232,state,VARCHAR(30),NO,Target column for domain entity 232 field 4 in modern schema
target_domain_entity_0232,amount,BIGINT,YES,Target column for domain entity 232 field 5 in modern schema
target_domain_entity_0232,count,INTEGER,YES,Target column for domain entity 232 field 6 in modern schema
target_domain_entity_0232,parent_ref,UUID,YES,Target column for domain entity 232 field 7 in modern schema
target_domain_entity_0232,start_time,TIMESTAMPTZ,YES,Target column for domain entity 232 field 8 in modern schema
target_domain_entity_0232,end_time,TIMESTAMPTZ,YES,Target column for domain entity 232 field 9 in modern schema
target_domain_entity_0232,metadata,JSONB,YES,Target column for domain entity 232 field 10 in modern schema
target_domain_entity_0232,created_at,TIMESTAMPTZ,YES,Target column for domain entity 232 field 11 in modern schema
target_domain_entity_0232,updated_at,TIMESTAMPTZ,YES,Target column for domain entity 232 field 12 in modern schema
target_domain_entity_0233,id,UUID,NO,Target column for domain entity 233 field 1 in modern schema
target_domain_entity_0233,name,VARCHAR(255),NO,Target column for domain entity 233 field 2 in modern schema
target_domain_entity_0233,external_ref,VARCHAR(100),NO,Target column for domain entity 233 field 3 in modern schema
target_domain_entity_0233,state,VARCHAR(30),NO,Target column for domain entity 233 field 4 in modern schema
target_domain_entity_0233,amount,BIGINT,YES,Target column for domain entity 233 field 5 in modern schema
target_domain_entity_0233,count,INTEGER,YES,Target column for domain entity 233 field 6 in modern schema
target_domain_entity_0233,parent_ref,UUID,YES,Target column for domain entity 233 field 7 in modern schema
target_domain_entity_0233,start_time,TIMESTAMPTZ,YES,Target column for domain entity 233 field 8 in modern schema
target_domain_entity_0233,end_time,TIMESTAMPTZ,YES,Target column for domain entity 233 field 9 in modern schema
target_domain_entity_0233,metadata,JSONB,YES,Target column for domain entity 233 field 10 in modern schema
target_domain_entity_0233,created_at,TIMESTAMPTZ,YES,Target column for domain entity 233 field 11 in modern schema
target_domain_entity_0233,updated_at,TIMESTAMPTZ,YES,Target column for domain entity 233 field 12 in modern schema
target_domain_entity_0234,id,UUID,NO,Target column for domain entity 234 field 1 in modern schema
target_domain_entity_0234,name,VARCHAR(255),NO,Target column for domain entity 234 field 2 in modern schema
target_domain_entity_0234,external_ref,VARCHAR(100),NO,Target column for domain entity 234 field 3 in modern schema
target_domain_entity_0234,state,VARCHAR(30),NO,Target column for domain entity 234 field 4 in modern schema
target_domain_entity_0234,amount,BIGINT,YES,Target column for domain entity 234 field 5 in modern schema
target_domain_entity_0234,count,INTEGER,YES,Target column for domain entity 234 field 6 in modern schema
target_domain_entity_0234,parent_ref,UUID,YES,Target column for domain entity 234 field 7 in modern schema
target_domain_entity_0234,start_time,TIMESTAMPTZ,YES,Target column for domain entity 234 field 8 in modern schema
target_domain_entity_0234,end_time,TIMESTAMPTZ,YES,Target column for domain entity 234 field 9 in modern schema
target_domain_entity_0234,metadata,JSONB,YES,Target column for domain entity 234 field 10 in modern schema
target_domain_entity_0234,created_at,TIMESTAMPTZ,YES,Target column for domain entity 234 field 11 in modern schema
target_domain_entity_0234,updated_at,TIMESTAMPTZ,YES,Target column for domain entity 234 field 12 in modern schema
target_domain_entity_0235,id,UUID,NO,Target column for domain entity 235 field 1 in modern schema
target_domain_entity_0235,name,VARCHAR(255),NO,Target column for domain entity 235 field 2 in modern schema
target_domain_entity_0235,external_ref,VARCHAR(100),NO,Target column for domain entity 235 field 3 in modern schema
target_domain_entity_0235,state,VARCHAR(30),NO,Target column for domain entity 235 field 4 in modern schema
target_domain_entity_0235,amount,BIGINT,YES,Target column for domain entity 235 field 5 in modern schema
target_domain_entity_0235,count,INTEGER,YES,Target column for domain entity 235 field 6 in modern schema
target_domain_entity_0235,parent_ref,UUID,YES,Target column for domain entity 235 field 7 in modern schema
target_domain_entity_0235,start_time,TIMESTAMPTZ,YES,Target column for domain entity 235 field 8 in modern schema
target_domain_entity_0235,end_time,TIMESTAMPTZ,YES,Target column for domain entity 235 field 9 in modern schema
target_domain_entity_0235,metadata,JSONB,YES,Target column for domain entity 235 field 10 in modern schema
target_domain_entity_0235,created_at,TIMESTAMPTZ,YES,Target column for domain entity 235 field 11 in modern schema
target_domain_entity_0235,updated_at,TIMESTAMPTZ,YES,Target column for domain entity 235 field 12 in modern schema
target_domain_entity_0236,id,UUID,NO,Target column for domain entity 236 field 1 in modern schema
target_domain_entity_0236,name,VARCHAR(255),NO,Target column for domain entity 236 field 2 in modern schema
target_domain_entity_0236,external_ref,VARCHAR(100),NO,Target column for domain entity 236 field 3 in modern schema
target_domain_entity_0236,state,VARCHAR(30),NO,Target column for domain entity 236 field 4 in modern schema
target_domain_entity_0236,amount,BIGINT,YES,Target column for domain entity 236 field 5 in modern schema
target_domain_entity_0236,count,INTEGER,YES,Target column for domain entity 236 field 6 in modern schema
target_domain_entity_0236,parent_ref,UUID,YES,Target column for domain entity 236 field 7 in modern schema
target_domain_entity_0236,start_time,TIMESTAMPTZ,YES,Target column for domain entity 236 field 8 in modern schema
target_domain_entity_0236,end_time,TIMESTAMPTZ,YES,Target column for domain entity 236 field 9 in modern schema
target_domain_entity_0236,metadata,JSONB,YES,Target column for domain entity 236 field 10 in modern schema
target_domain_entity_0236,created_at,TIMESTAMPTZ,YES,Target column for domain entity 236 field 11 in modern schema
target_domain_entity_0236,updated_at,TIMESTAMPTZ,YES,Target column for domain entity 236 field 12 in modern schema
target_domain_entity_0237,id,UUID,NO,Target column for domain entity 237 field 1 in modern schema
target_domain_entity_0237,name,VARCHAR(255),NO,Target column for domain entity 237 field 2 in modern schema
target_domain_entity_0237,external_ref,VARCHAR(100),NO,Target column for domain entity 237 field 3 in modern schema
target_domain_entity_0237,state,VARCHAR(30),NO,Target column for domain entity 237 field 4 in modern schema
target_domain_entity_0237,amount,BIGINT,YES,Target column for domain entity 237 field 5 in modern schema
target_domain_entity_0237,count,INTEGER,YES,Target column for domain entity 237 field 6 in modern schema
target_domain_entity_0237,parent_ref,UUID,YES,Target column for domain entity 237 field 7 in modern schema
target_domain_entity_0237,start_time,TIMESTAMPTZ,YES,Target column for domain entity 237 field 8 in modern schema
target_domain_entity_0237,end_time,TIMESTAMPTZ,YES,Target column for domain entity 237 field 9 in modern schema
target_domain_entity_0237,metadata,JSONB,YES,Target column for domain entity 237 field 10 in modern schema
target_domain_entity_0237,created_at,TIMESTAMPTZ,YES,Target column for domain entity 237 field 11 in modern schema
target_domain_entity_0237,updated_at,TIMESTAMPTZ,YES,Target column for domain entity 237 field 12 in modern schema
target_domain_entity_0238,id,UUID,NO,Target column for domain entity 238 field 1 in modern schema
target_domain_entity_0238,name,VARCHAR(255),NO,Target column for domain entity 238 field 2 in modern schema
target_domain_entity_0238,external_ref,VARCHAR(100),NO,Target column for domain entity 238 field 3 in modern schema
target_domain_entity_0238,state,VARCHAR(30),NO,Target column for domain entity 238 field 4 in modern schema
target_domain_entity_0238,amount,BIGINT,YES,Target column for domain entity 238 field 5 in modern schema
target_domain_entity_0238,count,INTEGER,YES,Target column for domain entity 238 field 6 in modern schema
target_domain_entity_0238,parent_ref,UUID,YES,Target column for domain entity 238 field 7 in modern schema
target_domain_entity_0238,start_time,TIMESTAMPTZ,YES,Target column for domain entity 238 field 8 in modern schema
target_domain_entity_0238,end_time,TIMESTAMPTZ,YES,Target column for domain entity 238 field 9 in modern schema
target_domain_entity_0238,metadata,JSONB,YES,Target column for domain entity 238 field 10 in modern schema
target_domain_entity_0238,created_at,TIMESTAMPTZ,YES,Target column for domain entity 238 field 11 in modern schema
target_domain_entity_0238,updated_at,TIMESTAMPTZ,YES,Target column for domain entity 238 field 12 in modern schema
target_domain_entity_0239,id,UUID,NO,Target column for domain entity 239 field 1 in modern schema
target_domain_entity_0239,name,VARCHAR(255),NO,Target column for domain entity 239 field 2 in modern schema
target_domain_entity_0239,external_ref,VARCHAR(100),NO,Target column for domain entity 239 field 3 in modern schema
target_domain_entity_0239,state,VARCHAR(30),NO,Target column for domain entity 239 field 4 in modern schema
target_domain_entity_0239,amount,BIGINT,YES,Target column for domain entity 239 field 5 in modern schema
target_domain_entity_0239,count,INTEGER,YES,Target column for domain entity 239 field 6 in modern schema
target_domain_entity_0239,parent_ref,UUID,YES,Target column for domain entity 239 field 7 in modern schema
target_domain_entity_0239,start_time,TIMESTAMPTZ,YES,Target column for domain entity 239 field 8 in modern schema
target_domain_entity_0239,end_time,TIMESTAMPTZ,YES,Target column for domain entity 239 field 9 in modern schema
target_domain_entity_0239,metadata,JSONB,YES,Target column for domain entity 239 field 10 in modern schema
target_domain_entity_0239,created_at,TIMESTAMPTZ,YES,Target column for domain entity 239 field 11 in modern schema
target_domain_entity_0239,updated_at,TIMESTAMPTZ,YES,Target column for domain entity 239 field 12 in modern schema
target_domain_entity_0240,id,UUID,NO,Target column for domain entity 240 field 1 in modern schema
target_domain_entity_0240,name,VARCHAR(255),NO,Target column for domain entity 240 field 2 in modern schema
target_domain_entity_0240,external_ref,VARCHAR(100),NO,Target column for domain entity 240 field 3 in modern schema
target_domain_entity_0240,state,VARCHAR(30),NO,Target column for domain entity 240 field 4 in modern schema
target_domain_entity_0240,amount,BIGINT,YES,Target column for domain entity 240 field 5 in modern schema
target_domain_entity_0240,count,INTEGER,YES,Target column for domain entity 240 field 6 in modern schema
target_domain_entity_0240,parent_ref,UUID,YES,Target column for domain entity 240 field 7 in modern schema
target_domain_entity_0240,start_time,TIMESTAMPTZ,YES,Target column for domain entity 240 field 8 in modern schema
target_domain_entity_0240,end_time,TIMESTAMPTZ,YES,Target column for domain entity 240 field 9 in modern schema
target_domain_entity_0240,metadata,JSONB,YES,Target column for domain entity 240 field 10 in modern schema
target_domain_entity_0240,created_at,TIMESTAMPTZ,YES,Target column for domain entity 240 field 11 in modern schema
target_domain_entity_0240,updated_at,TIMESTAMPTZ,YES,Target column for domain entity 240 field 12 in modern schema
target_domain_entity_0241,id,UUID,NO,Target column for domain entity 241 field 1 in modern schema
target_domain_entity_0241,name,VARCHAR(255),NO,Target column for domain entity 241 field 2 in modern schema
target_domain_entity_0241,external_ref,VARCHAR(100),NO,Target column for domain entity 241 field 3 in modern schema
target_domain_entity_0241,state,VARCHAR(30),NO,Target column for domain entity 241 field 4 in modern schema
target_domain_entity_0241,amount,BIGINT,YES,Target column for domain entity 241 field 5 in modern schema
target_domain_entity_0241,count,INTEGER,YES,Target column for domain entity 241 field 6 in modern schema
target_domain_entity_0241,parent_ref,UUID,YES,Target column for domain entity 241 field 7 in modern schema
target_domain_entity_0241,start_time,TIMESTAMPTZ,YES,Target column for domain entity 241 field 8 in modern schema
target_domain_entity_0241,end_time,TIMESTAMPTZ,YES,Target column for domain entity 241 field 9 in modern schema
target_domain_entity_0241,metadata,JSONB,YES,Target column for domain entity 241 field 10 in modern schema
target_domain_entity_0241,created_at,TIMESTAMPTZ,YES,Target column for domain entity 241 field 11 in modern schema
target_domain_entity_0241,updated_at,TIMESTAMPTZ,YES,Target column for domain entity 241 field 12 in modern schema
target_domain_entity_0242,id,UUID,NO,Target column for domain entity 242 field 1 in modern schema
target_domain_entity_0242,name,VARCHAR(255),NO,Target column for domain entity 242 field 2 in modern schema
target_domain_entity_0242,external_ref,VARCHAR(100),NO,Target column for domain entity 242 field 3 in modern schema
target_domain_entity_0242,state,VARCHAR(30),NO,Target column for domain entity 242 field 4 in modern schema
target_domain_entity_0242,amount,BIGINT,YES,Target column for domain entity 242 field 5 in modern schema
target_domain_entity_0242,count,INTEGER,YES,Target column for domain entity 242 field 6 in modern schema
target_domain_entity_0242,parent_ref,UUID,YES,Target column for domain entity 242 field 7 in modern schema
target_domain_entity_0242,start_time,TIMESTAMPTZ,YES,Target column for domain entity 242 field 8 in modern schema
target_domain_entity_0242,end_time,TIMESTAMPTZ,YES,Target column for domain entity 242 field 9 in modern schema
target_domain_entity_0242,metadata,JSONB,YES,Target column for domain entity 242 field 10 in modern schema
target_domain_entity_0242,created_at,TIMESTAMPTZ,YES,Target column for domain entity 242 field 11 in modern schema
target_domain_entity_0242,updated_at,TIMESTAMPTZ,YES,Target column for domain entity 242 field 12 in modern schema
target_domain_entity_0243,id,UUID,NO,Target column for domain entity 243 field 1 in modern schema
target_domain_entity_0243,name,VARCHAR(255),NO,Target column for domain entity 243 field 2 in modern schema
target_domain_entity_0243,external_ref,VARCHAR(100),NO,Target column for domain entity 243 field 3 in modern schema
target_domain_entity_0243,state,VARCHAR(30),NO,Target column for domain entity 243 field 4 in modern schema
target_domain_entity_0243,amount,BIGINT,YES,Target column for domain entity 243 field 5 in modern schema
target_domain_entity_0243,count,INTEGER,YES,Target column for domain entity 243 field 6 in modern schema
target_domain_entity_0243,parent_ref,UUID,YES,Target column for domain entity 243 field 7 in modern schema
target_domain_entity_0243,start_time,TIMESTAMPTZ,YES,Target column for domain entity 243 field 8 in modern schema
target_domain_entity_0243,end_time,TIMESTAMPTZ,YES,Target column for domain entity 243 field 9 in modern schema
target_domain_entity_0243,metadata,JSONB,YES,Target column for domain entity 243 field 10 in modern schema
target_domain_entity_0243,created_at,TIMESTAMPTZ,YES,Target column for domain entity 243 field 11 in modern schema
target_domain_entity_0243,updated_at,TIMESTAMPTZ,YES,Target column for domain entity 243 field 12 in modern schema
target_domain_entity_0244,id,UUID,NO,Target column for domain entity 244 field 1 in modern schema
target_domain_entity_0244,name,VARCHAR(255),NO,Target column for domain entity 244 field 2 in modern schema
target_domain_entity_0244,external_ref,VARCHAR(100),NO,Target column for domain entity 244 field 3 in modern schema
target_domain_entity_0244,state,VARCHAR(30),NO,Target column for domain entity 244 field 4 in modern schema
target_domain_entity_0244,amount,BIGINT,YES,Target column for domain entity 244 field 5 in modern schema
target_domain_entity_0244,count,INTEGER,YES,Target column for domain entity 244 field 6 in modern schema
target_domain_entity_0244,parent_ref,UUID,YES,Target column for domain entity 244 field 7 in modern schema
target_domain_entity_0244,start_time,TIMESTAMPTZ,YES,Target column for domain entity 244 field 8 in modern schema
target_domain_entity_0244,end_time,TIMESTAMPTZ,YES,Target column for domain entity 244 field 9 in modern schema
target_domain_entity_0244,metadata,JSONB,YES,Target column for domain entity 244 field 10 in modern schema
target_domain_entity_0244,created_at,TIMESTAMPTZ,YES,Target column for domain entity 244 field 11 in modern schema
target_domain_entity_0244,updated_at,TIMESTAMPTZ,YES,Target column for domain entity 244 field 12 in modern schema
target_domain_entity_0245,id,UUID,NO,Target column for domain entity 245 field 1 in modern schema
target_domain_entity_0245,name,VARCHAR(255),NO,Target column for domain entity 245 field 2 in modern schema
target_domain_entity_0245,external_ref,VARCHAR(100),NO,Target column for domain entity 245 field 3 in modern schema
target_domain_entity_0245,state,VARCHAR(30),NO,Target column for domain entity 245 field 4 in modern schema
target_domain_entity_0245,amount,BIGINT,YES,Target column for domain entity 245 field 5 in modern schema
target_domain_entity_0245,count,INTEGER,YES,Target column for domain entity 245 field 6 in modern schema
target_domain_entity_0245,parent_ref,UUID,YES,Target column for domain entity 245 field 7 in modern schema
target_domain_entity_0245,start_time,TIMESTAMPTZ,YES,Target column for domain entity 245 field 8 in modern schema
target_domain_entity_0245,end_time,TIMESTAMPTZ,YES,Target column for domain entity 245 field 9 in modern schema
target_domain_entity_0245,metadata,JSONB,YES,Target column for domain entity 245 field 10 in modern schema
target_domain_entity_0245,created_at,TIMESTAMPTZ,YES,Target column for domain entity 245 field 11 in modern schema
target_domain_entity_0245,updated_at,TIMESTAMPTZ,YES,Target column for domain entity 245 field 12 in modern schema
target_domain_entity_0246,id,UUID,NO,Target column for domain entity 246 field 1 in modern schema
target_domain_entity_0246,name,VARCHAR(255),NO,Target column for domain entity 246 field 2 in modern schema
target_domain_entity_0246,external_ref,VARCHAR(100),NO,Target column for domain entity 246 field 3 in modern schema
target_domain_entity_0246,state,VARCHAR(30),NO,Target column for domain entity 246 field 4 in modern schema
target_domain_entity_0246,amount,BIGINT,YES,Target column for domain entity 246 field 5 in modern schema
target_domain_entity_0246,count,INTEGER,YES,Target column for domain entity 246 field 6 in modern schema
target_domain_entity_0246,parent_ref,UUID,YES,Target column for domain entity 246 field 7 in modern schema
target_domain_entity_0246,start_time,TIMESTAMPTZ,YES,Target column for domain entity 246 field 8 in modern schema
target_domain_entity_0246,end_time,TIMESTAMPTZ,YES,Target column for domain entity 246 field 9 in modern schema
target_domain_entity_0246,metadata,JSONB,YES,Target column for domain entity 246 field 10 in modern schema
target_domain_entity_0246,created_at,TIMESTAMPTZ,YES,Target column for domain entity 246 field 11 in modern schema
target_domain_entity_0246,updated_at,TIMESTAMPTZ,YES,Target column for domain entity 246 field 12 in modern schema
target_domain_entity_0247,id,UUID,NO,Target column for domain entity 247 field 1 in modern schema
target_domain_entity_0247,name,VARCHAR(255),NO,Target column for domain entity 247 field 2 in modern schema
target_domain_entity_0247,external_ref,VARCHAR(100),NO,Target column for domain entity 247 field 3 in modern schema
target_domain_entity_0247,state,VARCHAR(30),NO,Target column for domain entity 247 field 4 in modern schema
target_domain_entity_0247,amount,BIGINT,YES,Target column for domain entity 247 field 5 in modern schema
target_domain_entity_0247,count,INTEGER,YES,Target column for domain entity 247 field 6 in modern schema
target_domain_entity_0247,parent_ref,UUID,YES,Target column for domain entity 247 field 7 in modern schema
target_domain_entity_0247,start_time,TIMESTAMPTZ,YES,Target column for domain entity 247 field 8 in modern schema
target_domain_entity_0247,end_time,TIMESTAMPTZ,YES,Target column for domain entity 247 field 9 in modern schema
target_domain_entity_0247,metadata,JSONB,YES,Target column for domain entity 247 field 10 in modern schema
target_domain_entity_0247,created_at,TIMESTAMPTZ,YES,Target column for domain entity 247 field 11 in modern schema
target_domain_entity_0247,updated_at,TIMESTAMPTZ,YES,Target column for domain entity 247 field 12 in modern schema
target_domain_entity_0248,id,UUID,NO,Target column for domain entity 248 field 1 in modern schema
target_domain_entity_0248,name,VARCHAR(255),NO,Target column for domain entity 248 field 2 in modern schema
target_domain_entity_0248,external_ref,VARCHAR(100),NO,Target column for domain entity 248 field 3 in modern schema
target_domain_entity_0248,state,VARCHAR(30),NO,Target column for domain entity 248 field 4 in modern schema
target_domain_entity_0248,amount,BIGINT,YES,Target column for domain entity 248 field 5 in modern schema
target_domain_entity_0248,count,INTEGER,YES,Target column for domain entity 248 field 6 in modern schema
target_domain_entity_0248,parent_ref,UUID,YES,Target column for domain entity 248 field 7 in modern schema
target_domain_entity_0248,start_time,TIMESTAMPTZ,YES,Target column for domain entity 248 field 8 in modern schema
target_domain_entity_0248,end_time,TIMESTAMPTZ,YES,Target column for domain entity 248 field 9 in modern schema
target_domain_entity_0248,metadata,JSONB,YES,Target column for domain entity 248 field 10 in modern schema
target_domain_entity_0248,created_at,TIMESTAMPTZ,YES,Target column for domain entity 248 field 11 in modern schema
target_domain_entity_0248,updated_at,TIMESTAMPTZ,YES,Target column for domain entity 248 field 12 in modern schema
target_domain_entity_0249,id,UUID,NO,Target column for domain entity 249 field 1 in modern schema
target_domain_entity_0249,name,VARCHAR(255),NO,Target column for domain entity 249 field 2 in modern schema
target_domain_entity_0249,external_ref,VARCHAR(100),NO,Target column for domain entity 249 field 3 in modern schema
target_domain_entity_0249,state,VARCHAR(30),NO,Target column for domain entity 249 field 4 in modern schema
target_domain_entity_0249,amount,BIGINT,YES,Target column for domain entity 249 field 5 in modern schema
target_domain_entity_0249,count,INTEGER,YES,Target column for domain entity 249 field 6 in modern schema
target_domain_entity_0249,parent_ref,UUID,YES,Target column for domain entity 249 field 7 in modern schema
target_domain_entity_0249,start_time,TIMESTAMPTZ,YES,Target column for domain entity 249 field 8 in modern schema
target_domain_entity_0249,end_time,TIMESTAMPTZ,YES,Target column for domain entity 249 field 9 in modern schema
target_domain_entity_0249,metadata,JSONB,YES,Target column for domain entity 249 field 10 in modern schema
target_domain_entity_0249,created_at,TIMESTAMPTZ,YES,Target column for domain entity 249 field 11 in modern schema
target_domain_entity_0249,updated_at,TIMESTAMPTZ,YES,Target column for domain entity 249 field 12 in modern schema
target_domain_entity_0250,id,UUID,NO,Target column for domain entity 250 field 1 in modern schema
target_domain_entity_0250,name,VARCHAR(255),NO,Target column for domain entity 250 field 2 in modern schema
target_domain_entity_0250,external_ref,VARCHAR(100),NO,Target column for domain entity 250 field 3 in modern schema
target_domain_entity_0250,state,VARCHAR(30),NO,Target column for domain entity 250 field 4 in modern schema
target_domain_entity_0250,amount,BIGINT,YES,Target column for domain entity 250 field 5 in modern schema
target_domain_entity_0250,count,INTEGER,YES,Target column for domain entity 250 field 6 in modern schema
target_domain_entity_0250,parent_ref,UUID,YES,Target column for domain entity 250 field 7 in modern schema
target_domain_entity_0250,start_time,TIMESTAMPTZ,YES,Target column for domain entity 250 field 8 in modern schema
target_domain_entity_0250,end_time,TIMESTAMPTZ,YES,Target column for domain entity 250 field 9 in modern schema
target_domain_entity_0250,metadata,JSONB,YES,Target column for domain entity 250 field 10 in modern schema
target_domain_entity_0250,created_at,TIMESTAMPTZ,YES,Target column for domain entity 250 field 11 in modern schema
target_domain_entity_0250,updated_at,TIMESTAMPTZ,YES,Target column for domain entity 250 field 12 in modern schema
target_domain_entity_0251,id,UUID,NO,Target column for domain entity 251 field 1 in modern schema
target_domain_entity_0251,name,VARCHAR(255),NO,Target column for domain entity 251 field 2 in modern schema
target_domain_entity_0251,external_ref,VARCHAR(100),NO,Target column for domain entity 251 field 3 in modern schema
target_domain_entity_0251,state,VARCHAR(30),NO,Target column for domain entity 251 field 4 in modern schema
target_domain_entity_0251,amount,BIGINT,YES,Target column for domain entity 251 field 5 in modern schema
target_domain_entity_0251,count,INTEGER,YES,Target column for domain entity 251 field 6 in modern schema
target_domain_entity_0251,parent_ref,UUID,YES,Target column for domain entity 251 field 7 in modern schema
target_domain_entity_0251,start_time,TIMESTAMPTZ,YES,Target column for domain entity 251 field 8 in modern schema
target_domain_entity_0251,end_time,TIMESTAMPTZ,YES,Target column for domain entity 251 field 9 in modern schema
target_domain_entity_0251,metadata,JSONB,YES,Target column for domain entity 251 field 10 in modern schema
target_domain_entity_0251,created_at,TIMESTAMPTZ,YES,Target column for domain entity 251 field 11 in modern schema
target_domain_entity_0251,updated_at,TIMESTAMPTZ,YES,Target column for domain entity 251 field 12 in modern schema
target_domain_entity_0252,id,UUID,NO,Target column for domain entity 252 field 1 in modern schema
target_domain_entity_0252,name,VARCHAR(255),NO,Target column for domain entity 252 field 2 in modern schema
target_domain_entity_0252,external_ref,VARCHAR(100),NO,Target column for domain entity 252 field 3 in modern schema
target_domain_entity_0252,state,VARCHAR(30),NO,Target column for domain entity 252 field 4 in modern schema
target_domain_entity_0252,amount,BIGINT,YES,Target column for domain entity 252 field 5 in modern schema
target_domain_entity_0252,count,INTEGER,YES,Target column for domain entity 252 field 6 in modern schema
target_domain_entity_0252,parent_ref,UUID,YES,Target column for domain entity 252 field 7 in modern schema
target_domain_entity_0252,start_time,TIMESTAMPTZ,YES,Target column for domain entity 252 field 8 in modern schema
target_domain_entity_0252,end_time,TIMESTAMPTZ,YES,Target column for domain entity 252 field 9 in modern schema
target_domain_entity_0252,metadata,JSONB,YES,Target column for domain entity 252 field 10 in modern schema
target_domain_entity_0252,created_at,TIMESTAMPTZ,YES,Target column for domain entity 252 field 11 in modern schema
target_domain_entity_0252,updated_at,TIMESTAMPTZ,YES,Target column for domain entity 252 field 12 in modern schema
target_domain_entity_0253,id,UUID,NO,Target column for domain entity 253 field 1 in modern schema
target_domain_entity_0253,name,VARCHAR(255),NO,Target column for domain entity 253 field 2 in modern schema
target_domain_entity_0253,external_ref,VARCHAR(100),NO,Target column for domain entity 253 field 3 in modern schema
target_domain_entity_0253,state,VARCHAR(30),NO,Target column for domain entity 253 field 4 in modern schema
target_domain_entity_0253,amount,BIGINT,YES,Target column for domain entity 253 field 5 in modern schema
target_domain_entity_0253,count,INTEGER,YES,Target column for domain entity 253 field 6 in modern schema
target_domain_entity_0253,parent_ref,UUID,YES,Target column for domain entity 253 field 7 in modern schema
target_domain_entity_0253,start_time,TIMESTAMPTZ,YES,Target column for domain entity 253 field 8 in modern schema
target_domain_entity_0253,end_time,TIMESTAMPTZ,YES,Target column for domain entity 253 field 9 in modern schema
target_domain_entity_0253,metadata,JSONB,YES,Target column for domain entity 253 field 10 in modern schema
target_domain_entity_0253,created_at,TIMESTAMPTZ,YES,Target column for domain entity 253 field 11 in modern schema
target_domain_entity_0253,updated_at,TIMESTAMPTZ,YES,Target column for domain entity 253 field 12 in modern schema
target_domain_entity_0254,id,UUID,NO,Target column for domain entity 254 field 1 in modern schema
target_domain_entity_0254,name,VARCHAR(255),NO,Target column for domain entity 254 field 2 in modern schema
target_domain_entity_0254,external_ref,VARCHAR(100),NO,Target column for domain entity 254 field 3 in modern schema
target_domain_entity_0254,state,VARCHAR(30),NO,Target column for domain entity 254 field 4 in modern schema
target_domain_entity_0254,amount,BIGINT,YES,Target column for domain entity 254 field 5 in modern schema
target_domain_entity_0254,count,INTEGER,YES,Target column for domain entity 254 field 6 in modern schema
target_domain_entity_0254,parent_ref,UUID,YES,Target column for domain entity 254 field 7 in modern schema
target_domain_entity_0254,start_time,TIMESTAMPTZ,YES,Target column for domain entity 254 field 8 in modern schema
target_domain_entity_0254,end_time,TIMESTAMPTZ,YES,Target column for domain entity 254 field 9 in modern schema
target_domain_entity_0254,metadata,JSONB,YES,Target column for domain entity 254 field 10 in modern schema
target_domain_entity_0254,created_at,TIMESTAMPTZ,YES,Target column for domain entity 254 field 11 in modern schema
target_domain_entity_0254,updated_at,TIMESTAMPTZ,YES,Target column for domain entity 254 field 12 in modern schema
target_domain_entity_0255,id,UUID,NO,Target column for domain entity 255 field 1 in modern schema
target_domain_entity_0255,name,VARCHAR(255),NO,Target column for domain entity 255 field 2 in modern schema
target_domain_entity_0255,external_ref,VARCHAR(100),NO,Target column for domain entity 255 field 3 in modern schema
target_domain_entity_0255,state,VARCHAR(30),NO,Target column for domain entity 255 field 4 in modern schema
target_domain_entity_0255,amount,BIGINT,YES,Target column for domain entity 255 field 5 in modern schema
target_domain_entity_0255,count,INTEGER,YES,Target column for domain entity 255 field 6 in modern schema
target_domain_entity_0255,parent_ref,UUID,YES,Target column for domain entity 255 field 7 in modern schema
target_domain_entity_0255,start_time,TIMESTAMPTZ,YES,Target column for domain entity 255 field 8 in modern schema
target_domain_entity_0255,end_time,TIMESTAMPTZ,YES,Target column for domain entity 255 field 9 in modern schema
target_domain_entity_0255,metadata,JSONB,YES,Target column for domain entity 255 field 10 in modern schema
target_domain_entity_0255,created_at,TIMESTAMPTZ,YES,Target column for domain entity 255 field 11 in modern schema
target_domain_entity_0255,updated_at,TIMESTAMPTZ,YES,Target column for domain entity 255 field 12 in modern schema
target_domain_entity_0256,id,UUID,NO,Target column for domain entity 256 field 1 in modern schema
target_domain_entity_0256,name,VARCHAR(255),NO,Target column for domain entity 256 field 2 in modern schema
target_domain_entity_0256,external_ref,VARCHAR(100),NO,Target column for domain entity 256 field 3 in modern schema
target_domain_entity_0256,state,VARCHAR(30),NO,Target column for domain entity 256 field 4 in modern schema
target_domain_entity_0256,amount,BIGINT,YES,Target column for domain entity 256 field 5 in modern schema
target_domain_entity_0256,count,INTEGER,YES,Target column for domain entity 256 field 6 in modern schema
target_domain_entity_0256,parent_ref,UUID,YES,Target column for domain entity 256 field 7 in modern schema
target_domain_entity_0256,start_time,TIMESTAMPTZ,YES,Target column for domain entity 256 field 8 in modern schema
target_domain_entity_0256,end_time,TIMESTAMPTZ,YES,Target column for domain entity 256 field 9 in modern schema
target_domain_entity_0256,metadata,JSONB,YES,Target column for domain entity 256 field 10 in modern schema
target_domain_entity_0256,created_at,TIMESTAMPTZ,YES,Target column for domain entity 256 field 11 in modern schema
target_domain_entity_0256,updated_at,TIMESTAMPTZ,YES,Target column for domain entity 256 field 12 in modern schema
target_domain_entity_0257,id,UUID,NO,Target column for domain entity 257 field 1 in modern schema
target_domain_entity_0257,name,VARCHAR(255),NO,Target column for domain entity 257 field 2 in modern schema
target_domain_entity_0257,external_ref,VARCHAR(100),NO,Target column for domain entity 257 field 3 in modern schema
target_domain_entity_0257,state,VARCHAR(30),NO,Target column for domain entity 257 field 4 in modern schema
target_domain_entity_0257,amount,BIGINT,YES,Target column for domain entity 257 field 5 in modern schema
target_domain_entity_0257,count,INTEGER,YES,Target column for domain entity 257 field 6 in modern schema
target_domain_entity_0257,parent_ref,UUID,YES,Target column for domain entity 257 field 7 in modern schema
target_domain_entity_0257,start_time,TIMESTAMPTZ,YES,Target column for domain entity 257 field 8 in modern schema
target_domain_entity_0257,end_time,TIMESTAMPTZ,YES,Target column for domain entity 257 field 9 in modern schema
target_domain_entity_0257,metadata,JSONB,YES,Target column for domain entity 257 field 10 in modern schema
target_domain_entity_0257,created_at,TIMESTAMPTZ,YES,Target column for domain entity 257 field 11 in modern schema
target_domain_entity_0257,updated_at,TIMESTAMPTZ,YES,Target column for domain entity 257 field 12 in modern schema
target_domain_entity_0258,id,UUID,NO,Target column for domain entity 258 field 1 in modern schema
target_domain_entity_0258,name,VARCHAR(255),NO,Target column for domain entity 258 field 2 in modern schema
target_domain_entity_0258,external_ref,VARCHAR(100),NO,Target column for domain entity 258 field 3 in modern schema
target_domain_entity_0258,state,VARCHAR(30),NO,Target column for domain entity 258 field 4 in modern schema
target_domain_entity_0258,amount,BIGINT,YES,Target column for domain entity 258 field 5 in modern schema
target_domain_entity_0258,count,INTEGER,YES,Target column for domain entity 258 field 6 in modern schema
target_domain_entity_0258,parent_ref,UUID,YES,Target column for domain entity 258 field 7 in modern schema
target_domain_entity_0258,start_time,TIMESTAMPTZ,YES,Target column for domain entity 258 field 8 in modern schema
target_domain_entity_0258,end_time,TIMESTAMPTZ,YES,Target column for domain entity 258 field 9 in modern schema
target_domain_entity_0258,metadata,JSONB,YES,Target column for domain entity 258 field 10 in modern schema
target_domain_entity_0258,created_at,TIMESTAMPTZ,YES,Target column for domain entity 258 field 11 in modern schema
target_domain_entity_0258,updated_at,TIMESTAMPTZ,YES,Target column for domain entity 258 field 12 in modern schema
target_domain_entity_0259,id,UUID,NO,Target column for domain entity 259 field 1 in modern schema
target_domain_entity_0259,name,VARCHAR(255),NO,Target column for domain entity 259 field 2 in modern schema
target_domain_entity_0259,external_ref,VARCHAR(100),NO,Target column for domain entity 259 field 3 in modern schema
target_domain_entity_0259,state,VARCHAR(30),NO,Target column for domain entity 259 field 4 in modern schema
target_domain_entity_0259,amount,BIGINT,YES,Target column for domain entity 259 field 5 in modern schema
target_domain_entity_0259,count,INTEGER,YES,Target column for domain entity 259 field 6 in modern schema
target_domain_entity_0259,parent_ref,UUID,YES,Target column for domain entity 259 field 7 in modern schema
target_domain_entity_0259,start_time,TIMESTAMPTZ,YES,Target column for domain entity 259 field 8 in modern schema
target_domain_entity_0259,end_time,TIMESTAMPTZ,YES,Target column for domain entity 259 field 9 in modern schema
target_domain_entity_0259,metadata,JSONB,YES,Target column for domain entity 259 field 10 in modern schema
target_domain_entity_0259,created_at,TIMESTAMPTZ,YES,Target column for domain entity 259 field 11 in modern schema
target_domain_entity_0259,updated_at,TIMESTAMPTZ,YES,Target column for domain entity 259 field 12 in modern schema
target_domain_entity_0260,id,UUID,NO,Target column for domain entity 260 field 1 in modern schema
target_domain_entity_0260,name,VARCHAR(255),NO,Target column for domain entity 260 field 2 in modern schema
target_domain_entity_0260,external_ref,VARCHAR(100),NO,Target column for domain entity 260 field 3 in modern schema
target_domain_entity_0260,state,VARCHAR(30),NO,Target column for domain entity 260 field 4 in modern schema
target_domain_entity_0260,amount,BIGINT,YES,Target column for domain entity 260 field 5 in modern schema
target_domain_entity_0260,count,INTEGER,YES,Target column for domain entity 260 field 6 in modern schema
target_domain_entity_0260,parent_ref,UUID,YES,Target column for domain entity 260 field 7 in modern schema
target_domain_entity_0260,start_time,TIMESTAMPTZ,YES,Target column for domain entity 260 field 8 in modern schema
target_domain_entity_0260,end_time,TIMESTAMPTZ,YES,Target column for domain entity 260 field 9 in modern schema
target_domain_entity_0260,metadata,JSONB,YES,Target column for domain entity 260 field 10 in modern schema
target_domain_entity_0260,created_at,TIMESTAMPTZ,YES,Target column for domain entity 260 field 11 in modern schema
target_domain_entity_0260,updated_at,TIMESTAMPTZ,YES,Target column for domain entity 260 field 12 in modern schema
target_domain_entity_0261,id,UUID,NO,Target column for domain entity 261 field 1 in modern schema
target_domain_entity_0261,name,VARCHAR(255),NO,Target column for domain entity 261 field 2 in modern schema
target_domain_entity_0261,external_ref,VARCHAR(100),NO,Target column for domain entity 261 field 3 in modern schema
target_domain_entity_0261,state,VARCHAR(30),NO,Target column for domain entity 261 field 4 in modern schema
target_domain_entity_0261,amount,BIGINT,YES,Target column for domain entity 261 field 5 in modern schema
target_domain_entity_0261,count,INTEGER,YES,Target column for domain entity 261 field 6 in modern schema
target_domain_entity_0261,parent_ref,UUID,YES,Target column for domain entity 261 field 7 in modern schema
target_domain_entity_0261,start_time,TIMESTAMPTZ,YES,Target column for domain entity 261 field 8 in modern schema
target_domain_entity_0261,end_time,TIMESTAMPTZ,YES,Target column for domain entity 261 field 9 in modern schema
target_domain_entity_0261,metadata,JSONB,YES,Target column for domain entity 261 field 10 in modern schema
target_domain_entity_0261,created_at,TIMESTAMPTZ,YES,Target column for domain entity 261 field 11 in modern schema
target_domain_entity_0261,updated_at,TIMESTAMPTZ,YES,Target column for domain entity 261 field 12 in modern schema
target_domain_entity_0262,id,UUID,NO,Target column for domain entity 262 field 1 in modern schema
target_domain_entity_0262,name,VARCHAR(255),NO,Target column for domain entity 262 field 2 in modern schema
target_domain_entity_0262,external_ref,VARCHAR(100),NO,Target column for domain entity 262 field 3 in modern schema
target_domain_entity_0262,state,VARCHAR(30),NO,Target column for domain entity 262 field 4 in modern schema
target_domain_entity_0262,amount,BIGINT,YES,Target column for domain entity 262 field 5 in modern schema
target_domain_entity_0262,count,INTEGER,YES,Target column for domain entity 262 field 6 in modern schema
target_domain_entity_0262,parent_ref,UUID,YES,Target column for domain entity 262 field 7 in modern schema
target_domain_entity_0262,start_time,TIMESTAMPTZ,YES,Target column for domain entity 262 field 8 in modern schema
target_domain_entity_0262,end_time,TIMESTAMPTZ,YES,Target column for domain entity 262 field 9 in modern schema
target_domain_entity_0262,metadata,JSONB,YES,Target column for domain entity 262 field 10 in modern schema
target_domain_entity_0262,created_at,TIMESTAMPTZ,YES,Target column for domain entity 262 field 11 in modern schema
target_domain_entity_0262,updated_at,TIMESTAMPTZ,YES,Target column for domain entity 262 field 12 in modern schema
target_domain_entity_0263,id,UUID,NO,Target column for domain entity 263 field 1 in modern schema
target_domain_entity_0263,name,VARCHAR(255),NO,Target column for domain entity 263 field 2 in modern schema
target_domain_entity_0263,external_ref,VARCHAR(100),NO,Target column for domain entity 263 field 3 in modern schema
target_domain_entity_0263,state,VARCHAR(30),NO,Target column for domain entity 263 field 4 in modern schema
target_domain_entity_0263,amount,BIGINT,YES,Target column for domain entity 263 field 5 in modern schema
target_domain_entity_0263,count,INTEGER,YES,Target column for domain entity 263 field 6 in modern schema
target_domain_entity_0263,parent_ref,UUID,YES,Target column for domain entity 263 field 7 in modern schema
target_domain_entity_0263,start_time,TIMESTAMPTZ,YES,Target column for domain entity 263 field 8 in modern schema
target_domain_entity_0263,end_time,TIMESTAMPTZ,YES,Target column for domain entity 263 field 9 in modern schema
target_domain_entity_0263,metadata,JSONB,YES,Target column for domain entity 263 field 10 in modern schema
target_domain_entity_0263,created_at,TIMESTAMPTZ,YES,Target column for domain entity 263 field 11 in modern schema
target_domain_entity_0263,updated_at,TIMESTAMPTZ,YES,Target column for domain entity 263 field 12 in modern schema
target_domain_entity_0264,id,UUID,NO,Target column for domain entity 264 field 1 in modern schema
target_domain_entity_0264,name,VARCHAR(255),NO,Target column for domain entity 264 field 2 in modern schema
target_domain_entity_0264,external_ref,VARCHAR(100),NO,Target column for domain entity 264 field 3 in modern schema
target_domain_entity_0264,state,VARCHAR(30),NO,Target column for domain entity 264 field 4 in modern schema
target_domain_entity_0264,amount,BIGINT,YES,Target column for domain entity 264 field 5 in modern schema
target_domain_entity_0264,count,INTEGER,YES,Target column for domain entity 264 field 6 in modern schema
target_domain_entity_0264,parent_ref,UUID,YES,Target column for domain entity 264 field 7 in modern schema
target_domain_entity_0264,start_time,TIMESTAMPTZ,YES,Target column for domain entity 264 field 8 in modern schema
target_domain_entity_0264,end_time,TIMESTAMPTZ,YES,Target column for domain entity 264 field 9 in modern schema
target_domain_entity_0264,metadata,JSONB,YES,Target column for domain entity 264 field 10 in modern schema
target_domain_entity_0264,created_at,TIMESTAMPTZ,YES,Target column for domain entity 264 field 11 in modern schema
target_domain_entity_0264,updated_at,TIMESTAMPTZ,YES,Target column for domain entity 264 field 12 in modern schema
target_domain_entity_0265,id,UUID,NO,Target column for domain entity 265 field 1 in modern schema
target_domain_entity_0265,name,VARCHAR(255),NO,Target column for domain entity 265 field 2 in modern schema
target_domain_entity_0265,external_ref,VARCHAR(100),NO,Target column for domain entity 265 field 3 in modern schema
target_domain_entity_0265,state,VARCHAR(30),NO,Target column for domain entity 265 field 4 in modern schema
target_domain_entity_0265,amount,BIGINT,YES,Target column for domain entity 265 field 5 in modern schema
target_domain_entity_0265,count,INTEGER,YES,Target column for domain entity 265 field 6 in modern schema
target_domain_entity_0265,parent_ref,UUID,YES,Target column for domain entity 265 field 7 in modern schema
target_domain_entity_0265,start_time,TIMESTAMPTZ,YES,Target column for domain entity 265 field 8 in modern schema
target_domain_entity_0265,end_time,TIMESTAMPTZ,YES,Target column for domain entity 265 field 9 in modern schema
target_domain_entity_0265,metadata,JSONB,YES,Target column for domain entity 265 field 10 in modern schema
target_domain_entity_0265,created_at,TIMESTAMPTZ,YES,Target column for domain entity 265 field 11 in modern schema
target_domain_entity_0265,updated_at,TIMESTAMPTZ,YES,Target column for domain entity 265 field 12 in modern schema
target_domain_entity_0266,id,UUID,NO,Target column for domain entity 266 field 1 in modern schema
target_domain_entity_0266,name,VARCHAR(255),NO,Target column for domain entity 266 field 2 in modern schema
target_domain_entity_0266,external_ref,VARCHAR(100),NO,Target column for domain entity 266 field 3 in modern schema
target_domain_entity_0266,state,VARCHAR(30),NO,Target column for domain entity 266 field 4 in modern schema
target_domain_entity_0266,amount,BIGINT,YES,Target column for domain entity 266 field 5 in modern schema
target_domain_entity_0266,count,INTEGER,YES,Target column for domain entity 266 field 6 in modern schema
target_domain_entity_0266,parent_ref,UUID,YES,Target column for domain entity 266 field 7 in modern schema
target_domain_entity_0266,start_time,TIMESTAMPTZ,YES,Target column for domain entity 266 field 8 in modern schema
target_domain_entity_0266,end_time,TIMESTAMPTZ,YES,Target column for domain entity 266 field 9 in modern schema
target_domain_entity_0266,metadata,JSONB,YES,Target column for domain entity 266 field 10 in modern schema
target_domain_entity_0266,created_at,TIMESTAMPTZ,YES,Target column for domain entity 266 field 11 in modern schema
target_domain_entity_0266,updated_at,TIMESTAMPTZ,YES,Target column for domain entity 266 field 12 in modern schema
target_domain_entity_0267,id,UUID,NO,Target column for domain entity 267 field 1 in modern schema
target_domain_entity_0267,name,VARCHAR(255),NO,Target column for domain entity 267 field 2 in modern schema
target_domain_entity_0267,external_ref,VARCHAR(100),NO,Target column for domain entity 267 field 3 in modern schema
target_domain_entity_0267,state,VARCHAR(30),NO,Target column for domain entity 267 field 4 in modern schema
target_domain_entity_0267,amount,BIGINT,YES,Target column for domain entity 267 field 5 in modern schema
target_domain_entity_0267,count,INTEGER,YES,Target column for domain entity 267 field 6 in modern schema
target_domain_entity_0267,parent_ref,UUID,YES,Target column for domain entity 267 field 7 in modern schema
target_domain_entity_0267,start_time,TIMESTAMPTZ,YES,Target column for domain entity 267 field 8 in modern schema
target_domain_entity_0267,end_time,TIMESTAMPTZ,YES,Target column for domain entity 267 field 9 in modern schema
target_domain_entity_0267,metadata,JSONB,YES,Target column for domain entity 267 field 10 in modern schema
target_domain_entity_0267,created_at,TIMESTAMPTZ,YES,Target column for domain entity 267 field 11 in modern schema
target_domain_entity_0267,updated_at,TIMESTAMPTZ,YES,Target column for domain entity 267 field 12 in modern schema
target_domain_entity_0268,id,UUID,NO,Target column for domain entity 268 field 1 in modern schema
target_domain_entity_0268,name,VARCHAR(255),NO,Target column for domain entity 268 field 2 in modern schema
target_domain_entity_0268,external_ref,VARCHAR(100),NO,Target column for domain entity 268 field 3 in modern schema
target_domain_entity_0268,state,VARCHAR(30),NO,Target column for domain entity 268 field 4 in modern schema
target_domain_entity_0268,amount,BIGINT,YES,Target column for domain entity 268 field 5 in modern schema
target_domain_entity_0268,count,INTEGER,YES,Target column for domain entity 268 field 6 in modern schema
target_domain_entity_0268,parent_ref,UUID,YES,Target column for domain entity 268 field 7 in modern schema
target_domain_entity_0268,start_time,TIMESTAMPTZ,YES,Target column for domain entity 268 field 8 in modern schema
target_domain_entity_0268,end_time,TIMESTAMPTZ,YES,Target column for domain entity 268 field 9 in modern schema
target_domain_entity_0268,metadata,JSONB,YES,Target column for domain entity 268 field 10 in modern schema
target_domain_entity_0268,created_at,TIMESTAMPTZ,YES,Target column for domain entity 268 field 11 in modern schema
target_domain_entity_0268,updated_at,TIMESTAMPTZ,YES,Target column for domain entity 268 field 12 in modern schema
target_domain_entity_0269,id,UUID,NO,Target column for domain entity 269 field 1 in modern schema
target_domain_entity_0269,name,VARCHAR(255),NO,Target column for domain entity 269 field 2 in modern schema
target_domain_entity_0269,external_ref,VARCHAR(100),NO,Target column for domain entity 269 field 3 in modern schema
target_domain_entity_0269,state,VARCHAR(30),NO,Target column for domain entity 269 field 4 in modern schema
target_domain_entity_0269,amount,BIGINT,YES,Target column for domain entity 269 field 5 in modern schema
target_domain_entity_0269,count,INTEGER,YES,Target column for domain entity 269 field 6 in modern schema
target_domain_entity_0269,parent_ref,UUID,YES,Target column for domain entity 269 field 7 in modern schema
target_domain_entity_0269,start_time,TIMESTAMPTZ,YES,Target column for domain entity 269 field 8 in modern schema
target_domain_entity_0269,end_time,TIMESTAMPTZ,YES,Target column for domain entity 269 field 9 in modern schema
target_domain_entity_0269,metadata,JSONB,YES,Target column for domain entity 269 field 10 in modern schema
target_domain_entity_0269,created_at,TIMESTAMPTZ,YES,Target column for domain entity 269 field 11 in modern schema
target_domain_entity_0269,updated_at,TIMESTAMPTZ,YES,Target column for domain entity 269 field 12 in modern schema
target_domain_entity_0270,id,UUID,NO,Target column for domain entity 270 field 1 in modern schema
target_domain_entity_0270,name,VARCHAR(255),NO,Target column for domain entity 270 field 2 in modern schema
target_domain_entity_0270,external_ref,VARCHAR(100),NO,Target column for domain entity 270 field 3 in modern schema
target_domain_entity_0270,state,VARCHAR(30),NO,Target column for domain entity 270 field 4 in modern schema
target_domain_entity_0270,amount,BIGINT,YES,Target column for domain entity 270 field 5 in modern schema
target_domain_entity_0270,count,INTEGER,YES,Target column for domain entity 270 field 6 in modern schema
target_domain_entity_0270,parent_ref,UUID,YES,Target column for domain entity 270 field 7 in modern schema
target_domain_entity_0270,start_time,TIMESTAMPTZ,YES,Target column for domain entity 270 field 8 in modern schema
target_domain_entity_0270,end_time,TIMESTAMPTZ,YES,Target column for domain entity 270 field 9 in modern schema
target_domain_entity_0270,metadata,JSONB,YES,Target column for domain entity 270 field 10 in modern schema
target_domain_entity_0270,created_at,TIMESTAMPTZ,YES,Target column for domain entity 270 field 11 in modern schema
target_domain_entity_0270,updated_at,TIMESTAMPTZ,YES,Target column for domain entity 270 field 12 in modern schema
target_domain_entity_0271,id,UUID,NO,Target column for domain entity 271 field 1 in modern schema
target_domain_entity_0271,name,VARCHAR(255),NO,Target column for domain entity 271 field 2 in modern schema
target_domain_entity_0271,external_ref,VARCHAR(100),NO,Target column for domain entity 271 field 3 in modern schema
target_domain_entity_0271,state,VARCHAR(30),NO,Target column for domain entity 271 field 4 in modern schema
target_domain_entity_0271,amount,BIGINT,YES,Target column for domain entity 271 field 5 in modern schema
target_domain_entity_0271,count,INTEGER,YES,Target column for domain entity 271 field 6 in modern schema
target_domain_entity_0271,parent_ref,UUID,YES,Target column for domain entity 271 field 7 in modern schema
target_domain_entity_0271,start_time,TIMESTAMPTZ,YES,Target column for domain entity 271 field 8 in modern schema
target_domain_entity_0271,end_time,TIMESTAMPTZ,YES,Target column for domain entity 271 field 9 in modern schema
target_domain_entity_0271,metadata,JSONB,YES,Target column for domain entity 271 field 10 in modern schema
target_domain_entity_0271,created_at,TIMESTAMPTZ,YES,Target column for domain entity 271 field 11 in modern schema
target_domain_entity_0271,updated_at,TIMESTAMPTZ,YES,Target column for domain entity 271 field 12 in modern schema
target_domain_entity_0272,id,UUID,NO,Target column for domain entity 272 field 1 in modern schema
target_domain_entity_0272,name,VARCHAR(255),NO,Target column for domain entity 272 field 2 in modern schema
target_domain_entity_0272,external_ref,VARCHAR(100),NO,Target column for domain entity 272 field 3 in modern schema
target_domain_entity_0272,state,VARCHAR(30),NO,Target column for domain entity 272 field 4 in modern schema
target_domain_entity_0272,amount,BIGINT,YES,Target column for domain entity 272 field 5 in modern schema
target_domain_entity_0272,count,INTEGER,YES,Target column for domain entity 272 field 6 in modern schema
target_domain_entity_0272,parent_ref,UUID,YES,Target column for domain entity 272 field 7 in modern schema
target_domain_entity_0272,start_time,TIMESTAMPTZ,YES,Target column for domain entity 272 field 8 in modern schema
target_domain_entity_0272,end_time,TIMESTAMPTZ,YES,Target column for domain entity 272 field 9 in modern schema
target_domain_entity_0272,metadata,JSONB,YES,Target column for domain entity 272 field 10 in modern schema
target_domain_entity_0272,created_at,TIMESTAMPTZ,YES,Target column for domain entity 272 field 11 in modern schema
target_domain_entity_0272,updated_at,TIMESTAMPTZ,YES,Target column for domain entity 272 field 12 in modern schema
target_domain_entity_0273,id,UUID,NO,Target column for domain entity 273 field 1 in modern schema
target_domain_entity_0273,name,VARCHAR(255),NO,Target column for domain entity 273 field 2 in modern schema
target_domain_entity_0273,external_ref,VARCHAR(100),NO,Target column for domain entity 273 field 3 in modern schema
target_domain_entity_0273,state,VARCHAR(30),NO,Target column for domain entity 273 field 4 in modern schema
target_domain_entity_0273,amount,BIGINT,YES,Target column for domain entity 273 field 5 in modern schema
target_domain_entity_0273,count,INTEGER,YES,Target column for domain entity 273 field 6 in modern schema
target_domain_entity_0273,parent_ref,UUID,YES,Target column for domain entity 273 field 7 in modern schema
target_domain_entity_0273,start_time,TIMESTAMPTZ,YES,Target column for domain entity 273 field 8 in modern schema
target_domain_entity_0273,end_time,TIMESTAMPTZ,YES,Target column for domain entity 273 field 9 in modern schema
target_domain_entity_0273,metadata,JSONB,YES,Target column for domain entity 273 field 10 in modern schema
target_domain_entity_0273,created_at,TIMESTAMPTZ,YES,Target column for domain entity 273 field 11 in modern schema
target_domain_entity_0273,updated_at,TIMESTAMPTZ,YES,Target column for domain entity 273 field 12 in modern schema
target_domain_entity_0274,id,UUID,NO,Target column for domain entity 274 field 1 in modern schema
target_domain_entity_0274,name,VARCHAR(255),NO,Target column for domain entity 274 field 2 in modern schema
target_domain_entity_0274,external_ref,VARCHAR(100),NO,Target column for domain entity 274 field 3 in modern schema
target_domain_entity_0274,state,VARCHAR(30),NO,Target column for domain entity 274 field 4 in modern schema
target_domain_entity_0274,amount,BIGINT,YES,Target column for domain entity 274 field 5 in modern schema
target_domain_entity_0274,count,INTEGER,YES,Target column for domain entity 274 field 6 in modern schema
target_domain_entity_0274,parent_ref,UUID,YES,Target column for domain entity 274 field 7 in modern schema
target_domain_entity_0274,start_time,TIMESTAMPTZ,YES,Target column for domain entity 274 field 8 in modern schema
target_domain_entity_0274,end_time,TIMESTAMPTZ,YES,Target column for domain entity 274 field 9 in modern schema
target_domain_entity_0274,metadata,JSONB,YES,Target column for domain entity 274 field 10 in modern schema
target_domain_entity_0274,created_at,TIMESTAMPTZ,YES,Target column for domain entity 274 field 11 in modern schema
target_domain_entity_0274,updated_at,TIMESTAMPTZ,YES,Target column for domain entity 274 field 12 in modern schema
target_domain_entity_0275,id,UUID,NO,Target column for domain entity 275 field 1 in modern schema
target_domain_entity_0275,name,VARCHAR(255),NO,Target column for domain entity 275 field 2 in modern schema
target_domain_entity_0275,external_ref,VARCHAR(100),NO,Target column for domain entity 275 field 3 in modern schema
target_domain_entity_0275,state,VARCHAR(30),NO,Target column for domain entity 275 field 4 in modern schema
target_domain_entity_0275,amount,BIGINT,YES,Target column for domain entity 275 field 5 in modern schema
target_domain_entity_0275,count,INTEGER,YES,Target column for domain entity 275 field 6 in modern schema
target_domain_entity_0275,parent_ref,UUID,YES,Target column for domain entity 275 field 7 in modern schema
target_domain_entity_0275,start_time,TIMESTAMPTZ,YES,Target column for domain entity 275 field 8 in modern schema
target_domain_entity_0275,end_time,TIMESTAMPTZ,YES,Target column for domain entity 275 field 9 in modern schema
target_domain_entity_0275,metadata,JSONB,YES,Target column for domain entity 275 field 10 in modern schema
target_domain_entity_0275,created_at,TIMESTAMPTZ,YES,Target column for domain entity 275 field 11 in modern schema
target_domain_entity_0275,updated_at,TIMESTAMPTZ,YES,Target column for domain entity 275 field 12 in modern schema
target_domain_entity_0276,id,UUID,NO,Target column for domain entity 276 field 1 in modern schema
target_domain_entity_0276,name,VARCHAR(255),NO,Target column for domain entity 276 field 2 in modern schema
target_domain_entity_0276,external_ref,VARCHAR(100),NO,Target column for domain entity 276 field 3 in modern schema
target_domain_entity_0276,state,VARCHAR(30),NO,Target column for domain entity 276 field 4 in modern schema
target_domain_entity_0276,amount,BIGINT,YES,Target column for domain entity 276 field 5 in modern schema
target_domain_entity_0276,count,INTEGER,YES,Target column for domain entity 276 field 6 in modern schema
target_domain_entity_0276,parent_ref,UUID,YES,Target column for domain entity 276 field 7 in modern schema
target_domain_entity_0276,start_time,TIMESTAMPTZ,YES,Target column for domain entity 276 field 8 in modern schema
target_domain_entity_0276,end_time,TIMESTAMPTZ,YES,Target column for domain entity 276 field 9 in modern schema
target_domain_entity_0276,metadata,JSONB,YES,Target column for domain entity 276 field 10 in modern schema
target_domain_entity_0276,created_at,TIMESTAMPTZ,YES,Target column for domain entity 276 field 11 in modern schema
target_domain_entity_0276,updated_at,TIMESTAMPTZ,YES,Target column for domain entity 276 field 12 in modern schema
target_domain_entity_0277,id,UUID,NO,Target column for domain entity 277 field 1 in modern schema
target_domain_entity_0277,name,VARCHAR(255),NO,Target column for domain entity 277 field 2 in modern schema
target_domain_entity_0277,external_ref,VARCHAR(100),NO,Target column for domain entity 277 field 3 in modern schema
target_domain_entity_0277,state,VARCHAR(30),NO,Target column for domain entity 277 field 4 in modern schema
target_domain_entity_0277,amount,BIGINT,YES,Target column for domain entity 277 field 5 in modern schema
target_domain_entity_0277,count,INTEGER,YES,Target column for domain entity 277 field 6 in modern schema
target_domain_entity_0277,parent_ref,UUID,YES,Target column for domain entity 277 field 7 in modern schema
target_domain_entity_0277,start_time,TIMESTAMPTZ,YES,Target column for domain entity 277 field 8 in modern schema
target_domain_entity_0277,end_time,TIMESTAMPTZ,YES,Target column for domain entity 277 field 9 in modern schema
target_domain_entity_0277,metadata,JSONB,YES,Target column for domain entity 277 field 10 in modern schema
target_domain_entity_0277,created_at,TIMESTAMPTZ,YES,Target column for domain entity 277 field 11 in modern schema
target_domain_entity_0277,updated_at,TIMESTAMPTZ,YES,Target column for domain entity 277 field 12 in modern schema
target_domain_entity_0278,id,UUID,NO,Target column for domain entity 278 field 1 in modern schema
target_domain_entity_0278,name,VARCHAR(255),NO,Target column for domain entity 278 field 2 in modern schema
target_domain_entity_0278,external_ref,VARCHAR(100),NO,Target column for domain entity 278 field 3 in modern schema
target_domain_entity_0278,state,VARCHAR(30),NO,Target column for domain entity 278 field 4 in modern schema
target_domain_entity_0278,amount,BIGINT,YES,Target column for domain entity 278 field 5 in modern schema
target_domain_entity_0278,count,INTEGER,YES,Target column for domain entity 278 field 6 in modern schema
target_domain_entity_0278,parent_ref,UUID,YES,Target column for domain entity 278 field 7 in modern schema
target_domain_entity_0278,start_time,TIMESTAMPTZ,YES,Target column for domain entity 278 field 8 in modern schema
target_domain_entity_0278,end_time,TIMESTAMPTZ,YES,Target column for domain entity 278 field 9 in modern schema
target_domain_entity_0278,metadata,JSONB,YES,Target column for domain entity 278 field 10 in modern schema
target_domain_entity_0278,created_at,TIMESTAMPTZ,YES,Target column for domain entity 278 field 11 in modern schema
target_domain_entity_0278,updated_at,TIMESTAMPTZ,YES,Target column for domain entity 278 field 12 in modern schema
target_domain_entity_0279,id,UUID,NO,Target column for domain entity 279 field 1 in modern schema
target_domain_entity_0279,name,VARCHAR(255),NO,Target column for domain entity 279 field 2 in modern schema
target_domain_entity_0279,external_ref,VARCHAR(100),NO,Target column for domain entity 279 field 3 in modern schema
target_domain_entity_0279,state,VARCHAR(30),NO,Target column for domain entity 279 field 4 in modern schema
target_domain_entity_0279,amount,BIGINT,YES,Target column for domain entity 279 field 5 in modern schema
target_domain_entity_0279,count,INTEGER,YES,Target column for domain entity 279 field 6 in modern schema
target_domain_entity_0279,parent_ref,UUID,YES,Target column for domain entity 279 field 7 in modern schema
target_domain_entity_0279,start_time,TIMESTAMPTZ,YES,Target column for domain entity 279 field 8 in modern schema
target_domain_entity_0279,end_time,TIMESTAMPTZ,YES,Target column for domain entity 279 field 9 in modern schema
target_domain_entity_0279,metadata,JSONB,YES,Target column for domain entity 279 field 10 in modern schema
target_domain_entity_0279,created_at,TIMESTAMPTZ,YES,Target column for domain entity 279 field 11 in modern schema
target_domain_entity_0279,updated_at,TIMESTAMPTZ,YES,Target column for domain entity 279 field 12 in modern schema
target_domain_entity_0280,id,UUID,NO,Target column for domain entity 280 field 1 in modern schema
target_domain_entity_0280,name,VARCHAR(255),NO,Target column for domain entity 280 field 2 in modern schema
target_domain_entity_0280,external_ref,VARCHAR(100),NO,Target column for domain entity 280 field 3 in modern schema
target_domain_entity_0280,state,VARCHAR(30),NO,Target column for domain entity 280 field 4 in modern schema
target_domain_entity_0280,amount,BIGINT,YES,Target column for domain entity 280 field 5 in modern schema
target_domain_entity_0280,count,INTEGER,YES,Target column for domain entity 280 field 6 in modern schema
target_domain_entity_0280,parent_ref,UUID,YES,Target column for domain entity 280 field 7 in modern schema
target_domain_entity_0280,start_time,TIMESTAMPTZ,YES,Target column for domain entity 280 field 8 in modern schema
target_domain_entity_0280,end_time,TIMESTAMPTZ,YES,Target column for domain entity 280 field 9 in modern schema
target_domain_entity_0280,metadata,JSONB,YES,Target column for domain entity 280 field 10 in modern schema
target_domain_entity_0280,created_at,TIMESTAMPTZ,YES,Target column for domain entity 280 field 11 in modern schema
target_domain_entity_0280,updated_at,TIMESTAMPTZ,YES,Target column for domain entity 280 field 12 in modern schema
target_domain_entity_0281,id,UUID,NO,Target column for domain entity 281 field 1 in modern schema
target_domain_entity_0281,name,VARCHAR(255),NO,Target column for domain entity 281 field 2 in modern schema
target_domain_entity_0281,external_ref,VARCHAR(100),NO,Target column for domain entity 281 field 3 in modern schema
target_domain_entity_0281,state,VARCHAR(30),NO,Target column for domain entity 281 field 4 in modern schema
target_domain_entity_0281,amount,BIGINT,YES,Target column for domain entity 281 field 5 in modern schema
target_domain_entity_0281,count,INTEGER,YES,Target column for domain entity 281 field 6 in modern schema
target_domain_entity_0281,parent_ref,UUID,YES,Target column for domain entity 281 field 7 in modern schema
target_domain_entity_0281,start_time,TIMESTAMPTZ,YES,Target column for domain entity 281 field 8 in modern schema
target_domain_entity_0281,end_time,TIMESTAMPTZ,YES,Target column for domain entity 281 field 9 in modern schema
target_domain_entity_0281,metadata,JSONB,YES,Target column for domain entity 281 field 10 in modern schema
target_domain_entity_0281,created_at,TIMESTAMPTZ,YES,Target column for domain entity 281 field 11 in modern schema
target_domain_entity_0281,updated_at,TIMESTAMPTZ,YES,Target column for domain entity 281 field 12 in modern schema
target_domain_entity_0282,id,UUID,NO,Target column for domain entity 282 field 1 in modern schema
target_domain_entity_0282,name,VARCHAR(255),NO,Target column for domain entity 282 field 2 in modern schema
target_domain_entity_0282,external_ref,VARCHAR(100),NO,Target column for domain entity 282 field 3 in modern schema
target_domain_entity_0282,state,VARCHAR(30),NO,Target column for domain entity 282 field 4 in modern schema
target_domain_entity_0282,amount,BIGINT,YES,Target column for domain entity 282 field 5 in modern schema
target_domain_entity_0282,count,INTEGER,YES,Target column for domain entity 282 field 6 in modern schema
target_domain_entity_0282,parent_ref,UUID,YES,Target column for domain entity 282 field 7 in modern schema
target_domain_entity_0282,start_time,TIMESTAMPTZ,YES,Target column for domain entity 282 field 8 in modern schema
target_domain_entity_0282,end_time,TIMESTAMPTZ,YES,Target column for domain entity 282 field 9 in modern schema
target_domain_entity_0282,metadata,JSONB,YES,Target column for domain entity 282 field 10 in modern schema
target_domain_entity_0282,created_at,TIMESTAMPTZ,YES,Target column for domain entity 282 field 11 in modern schema
target_domain_entity_0282,updated_at,TIMESTAMPTZ,YES,Target column for domain entity 282 field 12 in modern schema
target_domain_entity_0283,id,UUID,NO,Target column for domain entity 283 field 1 in modern schema
target_domain_entity_0283,name,VARCHAR(255),NO,Target column for domain entity 283 field 2 in modern schema
target_domain_entity_0283,external_ref,VARCHAR(100),NO,Target column for domain entity 283 field 3 in modern schema
target_domain_entity_0283,state,VARCHAR(30),NO,Target column for domain entity 283 field 4 in modern schema
target_domain_entity_0283,amount,BIGINT,YES,Target column for domain entity 283 field 5 in modern schema
target_domain_entity_0283,count,INTEGER,YES,Target column for domain entity 283 field 6 in modern schema
target_domain_entity_0283,parent_ref,UUID,YES,Target column for domain entity 283 field 7 in modern schema
target_domain_entity_0283,start_time,TIMESTAMPTZ,YES,Target column for domain entity 283 field 8 in modern schema
target_domain_entity_0283,end_time,TIMESTAMPTZ,YES,Target column for domain entity 283 field 9 in modern schema
target_domain_entity_0283,metadata,JSONB,YES,Target column for domain entity 283 field 10 in modern schema
target_domain_entity_0283,created_at,TIMESTAMPTZ,YES,Target column for domain entity 283 field 11 in modern schema
target_domain_entity_0283,updated_at,TIMESTAMPTZ,YES,Target column for domain entity 283 field 12 in modern schema
target_domain_entity_0284,id,UUID,NO,Target column for domain entity 284 field 1 in modern schema
target_domain_entity_0284,name,VARCHAR(255),NO,Target column for domain entity 284 field 2 in modern schema
target_domain_entity_0284,external_ref,VARCHAR(100),NO,Target column for domain entity 284 field 3 in modern schema
target_domain_entity_0284,state,VARCHAR(30),NO,Target column for domain entity 284 field 4 in modern schema
target_domain_entity_0284,amount,BIGINT,YES,Target column for domain entity 284 field 5 in modern schema
target_domain_entity_0284,count,INTEGER,YES,Target column for domain entity 284 field 6 in modern schema
target_domain_entity_0284,parent_ref,UUID,YES,Target column for domain entity 284 field 7 in modern schema
target_domain_entity_0284,start_time,TIMESTAMPTZ,YES,Target column for domain entity 284 field 8 in modern schema
target_domain_entity_0284,end_time,TIMESTAMPTZ,YES,Target column for domain entity 284 field 9 in modern schema
target_domain_entity_0284,metadata,JSONB,YES,Target column for domain entity 284 field 10 in modern schema
target_domain_entity_0284,created_at,TIMESTAMPTZ,YES,Target column for domain entity 284 field 11 in modern schema
target_domain_entity_0284,updated_at,TIMESTAMPTZ,YES,Target column for domain entity 284 field 12 in modern schema
target_domain_entity_0285,id,UUID,NO,Target column for domain entity 285 field 1 in modern schema
target_domain_entity_0285,name,VARCHAR(255),NO,Target column for domain entity 285 field 2 in modern schema
target_domain_entity_0285,external_ref,VARCHAR(100),NO,Target column for domain entity 285 field 3 in modern schema
target_domain_entity_0285,state,VARCHAR(30),NO,Target column for domain entity 285 field 4 in modern schema
target_domain_entity_0285,amount,BIGINT,YES,Target column for domain entity 285 field 5 in modern schema
target_domain_entity_0285,count,INTEGER,YES,Target column for domain entity 285 field 6 in modern schema
target_domain_entity_0285,parent_ref,UUID,YES,Target column for domain entity 285 field 7 in modern schema
target_domain_entity_0285,start_time,TIMESTAMPTZ,YES,Target column for domain entity 285 field 8 in modern schema
target_domain_entity_0285,end_time,TIMESTAMPTZ,YES,Target column for domain entity 285 field 9 in modern schema
target_domain_entity_0285,metadata,JSONB,YES,Target column for domain entity 285 field 10 in modern schema
target_domain_entity_0285,created_at,TIMESTAMPTZ,YES,Target column for domain entity 285 field 11 in modern schema
target_domain_entity_0285,updated_at,TIMESTAMPTZ,YES,Target column for domain entity 285 field 12 in modern schema
target_domain_entity_0286,id,UUID,NO,Target column for domain entity 286 field 1 in modern schema
target_domain_entity_0286,name,VARCHAR(255),NO,Target column for domain entity 286 field 2 in modern schema
target_domain_entity_0286,external_ref,VARCHAR(100),NO,Target column for domain entity 286 field 3 in modern schema
target_domain_entity_0286,state,VARCHAR(30),NO,Target column for domain entity 286 field 4 in modern schema
target_domain_entity_0286,amount,BIGINT,YES,Target column for domain entity 286 field 5 in modern schema
target_domain_entity_0286,count,INTEGER,YES,Target column for domain entity 286 field 6 in modern schema
target_domain_entity_0286,parent_ref,UUID,YES,Target column for domain entity 286 field 7 in modern schema
target_domain_entity_0286,start_time,TIMESTAMPTZ,YES,Target column for domain entity 286 field 8 in modern schema
target_domain_entity_0286,end_time,TIMESTAMPTZ,YES,Target column for domain entity 286 field 9 in modern schema
target_domain_entity_0286,metadata,JSONB,YES,Target column for domain entity 286 field 10 in modern schema
target_domain_entity_0286,created_at,TIMESTAMPTZ,YES,Target column for domain entity 286 field 11 in modern schema
target_domain_entity_0286,updated_at,TIMESTAMPTZ,YES,Target column for domain entity 286 field 12 in modern schema
target_domain_entity_0287,id,UUID,NO,Target column for domain entity 287 field 1 in modern schema
target_domain_entity_0287,name,VARCHAR(255),NO,Target column for domain entity 287 field 2 in modern schema
target_domain_entity_0287,external_ref,VARCHAR(100),NO,Target column for domain entity 287 field 3 in modern schema
target_domain_entity_0287,state,VARCHAR(30),NO,Target column for domain entity 287 field 4 in modern schema
target_domain_entity_0287,amount,BIGINT,YES,Target column for domain entity 287 field 5 in modern schema
target_domain_entity_0287,count,INTEGER,YES,Target column for domain entity 287 field 6 in modern schema
target_domain_entity_0287,parent_ref,UUID,YES,Target column for domain entity 287 field 7 in modern schema
target_domain_entity_0287,start_time,TIMESTAMPTZ,YES,Target column for domain entity 287 field 8 in modern schema
target_domain_entity_0287,end_time,TIMESTAMPTZ,YES,Target column for domain entity 287 field 9 in modern schema
target_domain_entity_0287,metadata,JSONB,YES,Target column for domain entity 287 field 10 in modern schema
target_domain_entity_0287,created_at,TIMESTAMPTZ,YES,Target column for domain entity 287 field 11 in modern schema
target_domain_entity_0287,updated_at,TIMESTAMPTZ,YES,Target column for domain entity 287 field 12 in modern schema
target_domain_entity_0288,id,UUID,NO,Target column for domain entity 288 field 1 in modern schema
target_domain_entity_0288,name,VARCHAR(255),NO,Target column for domain entity 288 field 2 in modern schema
target_domain_entity_0288,external_ref,VARCHAR(100),NO,Target column for domain entity 288 field 3 in modern schema
target_domain_entity_0288,state,VARCHAR(30),NO,Target column for domain entity 288 field 4 in modern schema
target_domain_entity_0288,amount,BIGINT,YES,Target column for domain entity 288 field 5 in modern schema
target_domain_entity_0288,count,INTEGER,YES,Target column for domain entity 288 field 6 in modern schema
target_domain_entity_0288,parent_ref,UUID,YES,Target column for domain entity 288 field 7 in modern schema
target_domain_entity_0288,start_time,TIMESTAMPTZ,YES,Target column for domain entity 288 field 8 in modern schema
target_domain_entity_0288,end_time,TIMESTAMPTZ,YES,Target column for domain entity 288 field 9 in modern schema
target_domain_entity_0288,metadata,JSONB,YES,Target column for domain entity 288 field 10 in modern schema
target_domain_entity_0288,created_at,TIMESTAMPTZ,YES,Target column for domain entity 288 field 11 in modern schema
target_domain_entity_0288,updated_at,TIMESTAMPTZ,YES,Target column for domain entity 288 field 12 in modern schema
target_domain_entity_0289,id,UUID,NO,Target column for domain entity 289 field 1 in modern schema
target_domain_entity_0289,name,VARCHAR(255),NO,Target column for domain entity 289 field 2 in modern schema
target_domain_entity_0289,external_ref,VARCHAR(100),NO,Target column for domain entity 289 field 3 in modern schema
target_domain_entity_0289,state,VARCHAR(30),NO,Target column for domain entity 289 field 4 in modern schema
target_domain_entity_0289,amount,BIGINT,YES,Target column for domain entity 289 field 5 in modern schema
target_domain_entity_0289,count,INTEGER,YES,Target column for domain entity 289 field 6 in modern schema
target_domain_entity_0289,parent_ref,UUID,YES,Target column for domain entity 289 field 7 in modern schema
target_domain_entity_0289,start_time,TIMESTAMPTZ,YES,Target column for domain entity 289 field 8 in modern schema
target_domain_entity_0289,end_time,TIMESTAMPTZ,YES,Target column for domain entity 289 field 9 in modern schema
target_domain_entity_0289,metadata,JSONB,YES,Target column for domain entity 289 field 10 in modern schema
target_domain_entity_0289,created_at,TIMESTAMPTZ,YES,Target column for domain entity 289 field 11 in modern schema
target_domain_entity_0289,updated_at,TIMESTAMPTZ,YES,Target column for domain entity 289 field 12 in modern schema
target_domain_entity_0290,id,UUID,NO,Target column for domain entity 290 field 1 in modern schema
target_domain_entity_0290,name,VARCHAR(255),NO,Target column for domain entity 290 field 2 in modern schema
target_domain_entity_0290,external_ref,VARCHAR(100),NO,Target column for domain entity 290 field 3 in modern schema
target_domain_entity_0290,state,VARCHAR(30),NO,Target column for domain entity 290 field 4 in modern schema
target_domain_entity_0290,amount,BIGINT,YES,Target column for domain entity 290 field 5 in modern schema
target_domain_entity_0290,count,INTEGER,YES,Target column for domain entity 290 field 6 in modern schema
target_domain_entity_0290,parent_ref,UUID,YES,Target column for domain entity 290 field 7 in modern schema
target_domain_entity_0290,start_time,TIMESTAMPTZ,YES,Target column for domain entity 290 field 8 in modern schema
target_domain_entity_0290,end_time,TIMESTAMPTZ,YES,Target column for domain entity 290 field 9 in modern schema
target_domain_entity_0290,metadata,JSONB,YES,Target column for domain entity 290 field 10 in modern schema
target_domain_entity_0290,created_at,TIMESTAMPTZ,YES,Target column for domain entity 290 field 11 in modern schema
target_domain_entity_0290,updated_at,TIMESTAMPTZ,YES,Target column for domain entity 290 field 12 in modern schema
target_domain_entity_0291,id,UUID,NO,Target column for domain entity 291 field 1 in modern schema
target_domain_entity_0291,name,VARCHAR(255),NO,Target column for domain entity 291 field 2 in modern schema
target_domain_entity_0291,external_ref,VARCHAR(100),NO,Target column for domain entity 291 field 3 in modern schema
target_domain_entity_0291,state,VARCHAR(30),NO,Target column for domain entity 291 field 4 in modern schema
target_domain_entity_0291,amount,BIGINT,YES,Target column for domain entity 291 field 5 in modern schema
target_domain_entity_0291,count,INTEGER,YES,Target column for domain entity 291 field 6 in modern schema
target_domain_entity_0291,parent_ref,UUID,YES,Target column for domain entity 291 field 7 in modern schema
target_domain_entity_0291,start_time,TIMESTAMPTZ,YES,Target column for domain entity 291 field 8 in modern schema
target_domain_entity_0291,end_time,TIMESTAMPTZ,YES,Target column for domain entity 291 field 9 in modern schema
target_domain_entity_0291,metadata,JSONB,YES,Target column for domain entity 291 field 10 in modern schema
target_domain_entity_0291,created_at,TIMESTAMPTZ,YES,Target column for domain entity 291 field 11 in modern schema
target_domain_entity_0291,updated_at,TIMESTAMPTZ,YES,Target column for domain entity 291 field 12 in modern schema
target_domain_entity_0292,id,UUID,NO,Target column for domain entity 292 field 1 in modern schema
target_domain_entity_0292,name,VARCHAR(255),NO,Target column for domain entity 292 field 2 in modern schema
target_domain_entity_0292,external_ref,VARCHAR(100),NO,Target column for domain entity 292 field 3 in modern schema
target_domain_entity_0292,state,VARCHAR(30),NO,Target column for domain entity 292 field 4 in modern schema
target_domain_entity_0292,amount,BIGINT,YES,Target column for domain entity 292 field 5 in modern schema
target_domain_entity_0292,count,INTEGER,YES,Target column for domain entity 292 field 6 in modern schema
target_domain_entity_0292,parent_ref,UUID,YES,Target column for domain entity 292 field 7 in modern schema
target_domain_entity_0292,start_time,TIMESTAMPTZ,YES,Target column for domain entity 292 field 8 in modern schema
target_domain_entity_0292,end_time,TIMESTAMPTZ,YES,Target column for domain entity 292 field 9 in modern schema
target_domain_entity_0292,metadata,JSONB,YES,Target column for domain entity 292 field 10 in modern schema
target_domain_entity_0292,created_at,TIMESTAMPTZ,YES,Target column for domain entity 292 field 11 in modern schema
target_domain_entity_0292,updated_at,TIMESTAMPTZ,YES,Target column for domain entity 292 field 12 in modern schema
target_domain_entity_0293,id,UUID,NO,Target column for domain entity 293 field 1 in modern schema
target_domain_entity_0293,name,VARCHAR(255),NO,Target column for domain entity 293 field 2 in modern schema
target_domain_entity_0293,external_ref,VARCHAR(100),NO,Target column for domain entity 293 field 3 in modern schema
target_domain_entity_0293,state,VARCHAR(30),NO,Target column for domain entity 293 field 4 in modern schema
target_domain_entity_0293,amount,BIGINT,YES,Target column for domain entity 293 field 5 in modern schema
target_domain_entity_0293,count,INTEGER,YES,Target column for domain entity 293 field 6 in modern schema
target_domain_entity_0293,parent_ref,UUID,YES,Target column for domain entity 293 field 7 in modern schema
target_domain_entity_0293,start_time,TIMESTAMPTZ,YES,Target column for domain entity 293 field 8 in modern schema
target_domain_entity_0293,end_time,TIMESTAMPTZ,YES,Target column for domain entity 293 field 9 in modern schema
target_domain_entity_0293,metadata,JSONB,YES,Target column for domain entity 293 field 10 in modern schema
target_domain_entity_0293,created_at,TIMESTAMPTZ,YES,Target column for domain entity 293 field 11 in modern schema
target_domain_entity_0293,updated_at,TIMESTAMPTZ,YES,Target column for domain entity 293 field 12 in modern schema
target_domain_entity_0294,id,UUID,NO,Target column for domain entity 294 field 1 in modern schema
target_domain_entity_0294,name,VARCHAR(255),NO,Target column for domain entity 294 field 2 in modern schema
target_domain_entity_0294,external_ref,VARCHAR(100),NO,Target column for domain entity 294 field 3 in modern schema
target_domain_entity_0294,state,VARCHAR(30),NO,Target column for domain entity 294 field 4 in modern schema
target_domain_entity_0294,amount,BIGINT,YES,Target column for domain entity 294 field 5 in modern schema
target_domain_entity_0294,count,INTEGER,YES,Target column for domain entity 294 field 6 in modern schema
target_domain_entity_0294,parent_ref,UUID,YES,Target column for domain entity 294 field 7 in modern schema
target_domain_entity_0294,start_time,TIMESTAMPTZ,YES,Target column for domain entity 294 field 8 in modern schema
target_domain_entity_0294,end_time,TIMESTAMPTZ,YES,Target column for domain entity 294 field 9 in modern schema
target_domain_entity_0294,metadata,JSONB,YES,Target column for domain entity 294 field 10 in modern schema
target_domain_entity_0294,created_at,TIMESTAMPTZ,YES,Target column for domain entity 294 field 11 in modern schema
target_domain_entity_0294,updated_at,TIMESTAMPTZ,YES,Target column for domain entity 294 field 12 in modern schema
target_domain_entity_0295,id,UUID,NO,Target column for domain entity 295 field 1 in modern schema
target_domain_entity_0295,name,VARCHAR(255),NO,Target column for domain entity 295 field 2 in modern schema
target_domain_entity_0295,external_ref,VARCHAR(100),NO,Target column for domain entity 295 field 3 in modern schema
target_domain_entity_0295,state,VARCHAR(30),NO,Target column for domain entity 295 field 4 in modern schema
target_domain_entity_0295,amount,BIGINT,YES,Target column for domain entity 295 field 5 in modern schema
target_domain_entity_0295,count,INTEGER,YES,Target column for domain entity 295 field 6 in modern schema
target_domain_entity_0295,parent_ref,UUID,YES,Target column for domain entity 295 field 7 in modern schema
target_domain_entity_0295,start_time,TIMESTAMPTZ,YES,Target column for domain entity 295 field 8 in modern schema
target_domain_entity_0295,end_time,TIMESTAMPTZ,YES,Target column for domain entity 295 field 9 in modern schema
target_domain_entity_0295,metadata,JSONB,YES,Target column for domain entity 295 field 10 in modern schema
target_domain_entity_0295,created_at,TIMESTAMPTZ,YES,Target column for domain entity 295 field 11 in modern schema
target_domain_entity_0295,updated_at,TIMESTAMPTZ,YES,Target column for domain entity 295 field 12 in modern schema
target_domain_entity_0296,id,UUID,NO,Target column for domain entity 296 field 1 in modern schema
target_domain_entity_0296,name,VARCHAR(255),NO,Target column for domain entity 296 field 2 in modern schema
target_domain_entity_0296,external_ref,VARCHAR(100),NO,Target column for domain entity 296 field 3 in modern schema
target_domain_entity_0296,state,VARCHAR(30),NO,Target column for domain entity 296 field 4 in modern schema
target_domain_entity_0296,amount,BIGINT,YES,Target column for domain entity 296 field 5 in modern schema
target_domain_entity_0296,count,INTEGER,YES,Target column for domain entity 296 field 6 in modern schema
target_domain_entity_0296,parent_ref,UUID,YES,Target column for domain entity 296 field 7 in modern schema
target_domain_entity_0296,start_time,TIMESTAMPTZ,YES,Target column for domain entity 296 field 8 in modern schema
target_domain_entity_0296,end_time,TIMESTAMPTZ,YES,Target column for domain entity 296 field 9 in modern schema
target_domain_entity_0296,metadata,JSONB,YES,Target column for domain entity 296 field 10 in modern schema
target_domain_entity_0296,created_at,TIMESTAMPTZ,YES,Target column for domain entity 296 field 11 in modern schema
target_domain_entity_0296,updated_at,TIMESTAMPTZ,YES,Target column for domain entity 296 field 12 in modern schema
target_domain_entity_0297,id,UUID,NO,Target column for domain entity 297 field 1 in modern schema
target_domain_entity_0297,name,VARCHAR(255),NO,Target column for domain entity 297 field 2 in modern schema
target_domain_entity_0297,external_ref,VARCHAR(100),NO,Target column for domain entity 297 field 3 in modern schema
target_domain_entity_0297,state,VARCHAR(30),NO,Target column for domain entity 297 field 4 in modern schema
target_domain_entity_0297,amount,BIGINT,YES,Target column for domain entity 297 field 5 in modern schema
target_domain_entity_0297,count,INTEGER,YES,Target column for domain entity 297 field 6 in modern schema
target_domain_entity_0297,parent_ref,UUID,YES,Target column for domain entity 297 field 7 in modern schema
target_domain_entity_0297,start_time,TIMESTAMPTZ,YES,Target column for domain entity 297 field 8 in modern schema
target_domain_entity_0297,end_time,TIMESTAMPTZ,YES,Target column for domain entity 297 field 9 in modern schema
target_domain_entity_0297,metadata,JSONB,YES,Target column for domain entity 297 field 10 in modern schema
target_domain_entity_0297,created_at,TIMESTAMPTZ,YES,Target column for domain entity 297 field 11 in modern schema
target_domain_entity_0297,updated_at,TIMESTAMPTZ,YES,Target column for domain entity 297 field 12 in modern schema
target_domain_entity_0298,id,UUID,NO,Target column for domain entity 298 field 1 in modern schema
target_domain_entity_0298,name,VARCHAR(255),NO,Target column for domain entity 298 field 2 in modern schema
target_domain_entity_0298,external_ref,VARCHAR(100),NO,Target column for domain entity 298 field 3 in modern schema
target_domain_entity_0298,state,VARCHAR(30),NO,Target column for domain entity 298 field 4 in modern schema
target_domain_entity_0298,amount,BIGINT,YES,Target column for domain entity 298 field 5 in modern schema
target_domain_entity_0298,count,INTEGER,YES,Target column for domain entity 298 field 6 in modern schema
target_domain_entity_0298,parent_ref,UUID,YES,Target column for domain entity 298 field 7 in modern schema
target_domain_entity_0298,start_time,TIMESTAMPTZ,YES,Target column for domain entity 298 field 8 in modern schema
target_domain_entity_0298,end_time,TIMESTAMPTZ,YES,Target column for domain entity 298 field 9 in modern schema
target_domain_entity_0298,metadata,JSONB,YES,Target column for domain entity 298 field 10 in modern schema
target_domain_entity_0298,created_at,TIMESTAMPTZ,YES,Target column for domain entity 298 field 11 in modern schema
target_domain_entity_0298,updated_at,TIMESTAMPTZ,YES,Target column for domain entity 298 field 12 in modern schema
target_domain_entity_0299,id,UUID,NO,Target column for domain entity 299 field 1 in modern schema
target_domain_entity_0299,name,VARCHAR(255),NO,Target column for domain entity 299 field 2 in modern schema
target_domain_entity_0299,external_ref,VARCHAR(100),NO,Target column for domain entity 299 field 3 in modern schema
target_domain_entity_0299,state,VARCHAR(30),NO,Target column for domain entity 299 field 4 in modern schema
target_domain_entity_0299,amount,BIGINT,YES,Target column for domain entity 299 field 5 in modern schema
target_domain_entity_0299,count,INTEGER,YES,Target column for domain entity 299 field 6 in modern schema
target_domain_entity_0299,parent_ref,UUID,YES,Target column for domain entity 299 field 7 in modern schema
target_domain_entity_0299,start_time,TIMESTAMPTZ,YES,Target column for domain entity 299 field 8 in modern schema
target_domain_entity_0299,end_time,TIMESTAMPTZ,YES,Target column for domain entity 299 field 9 in modern schema
target_domain_entity_0299,metadata,JSONB,YES,Target column for domain entity 299 field 10 in modern schema
target_domain_entity_0299,created_at,TIMESTAMPTZ,YES,Target column for domain entity 299 field 11 in modern schema
target_domain_entity_0299,updated_at,TIMESTAMPTZ,YES,Target column for domain entity 299 field 12 in modern schema
target_domain_entity_0300,id,UUID,NO,Target column for domain entity 300 field 1 in modern schema
target_domain_entity_0300,name,VARCHAR(255),NO,Target column for domain entity 300 field 2 in modern schema
target_domain_entity_0300,external_ref,VARCHAR(100),NO,Target column for domain entity 300 field 3 in modern schema
target_domain_entity_0300,state,VARCHAR(30),NO,Target column for domain entity 300 field 4 in modern schema
target_domain_entity_0300,amount,BIGINT,YES,Target column for domain entity 300 field 5 in modern schema
target_domain_entity_0300,count,INTEGER,YES,Target column for domain entity 300 field 6 in modern schema
target_domain_entity_0300,parent_ref,UUID,YES,Target column for domain entity 300 field 7 in modern schema
target_domain_entity_0300,start_time,TIMESTAMPTZ,YES,Target column for domain entity 300 field 8 in modern schema
target_domain_entity_0300,end_time,TIMESTAMPTZ,YES,Target column for domain entity 300 field 9 in modern schema
target_domain_entity_0300,metadata,JSONB,YES,Target column for domain entity 300 field 10 in modern schema
target_domain_entity_0300,created_at,TIMESTAMPTZ,YES,Target column for domain entity 300 field 11 in modern schema
target_domain_entity_0300,updated_at,TIMESTAMPTZ,YES,Target column for domain entity 300 field 12 in modern schema
target_domain_entity_0301,id,UUID,NO,Target column for domain entity 301 field 1 in modern schema
target_domain_entity_0301,name,VARCHAR(255),NO,Target column for domain entity 301 field 2 in modern schema
target_domain_entity_0301,external_ref,VARCHAR(100),NO,Target column for domain entity 301 field 3 in modern schema
target_domain_entity_0301,state,VARCHAR(30),NO,Target column for domain entity 301 field 4 in modern schema
target_domain_entity_0301,amount,BIGINT,YES,Target column for domain entity 301 field 5 in modern schema
target_domain_entity_0301,count,INTEGER,YES,Target column for domain entity 301 field 6 in modern schema
target_domain_entity_0301,parent_ref,UUID,YES,Target column for domain entity 301 field 7 in modern schema
target_domain_entity_0301,start_time,TIMESTAMPTZ,YES,Target column for domain entity 301 field 8 in modern schema
target_domain_entity_0301,end_time,TIMESTAMPTZ,YES,Target column for domain entity 301 field 9 in modern schema
target_domain_entity_0301,metadata,JSONB,YES,Target column for domain entity 301 field 10 in modern schema
target_domain_entity_0301,created_at,TIMESTAMPTZ,YES,Target column for domain entity 301 field 11 in modern schema
target_domain_entity_0301,updated_at,TIMESTAMPTZ,YES,Target column for domain entity 301 field 12 in modern schema
target_domain_entity_0302,id,UUID,NO,Target column for domain entity 302 field 1 in modern schema
target_domain_entity_0302,name,VARCHAR(255),NO,Target column for domain entity 302 field 2 in modern schema
target_domain_entity_0302,external_ref,VARCHAR(100),NO,Target column for domain entity 302 field 3 in modern schema
target_domain_entity_0302,state,VARCHAR(30),NO,Target column for domain entity 302 field 4 in modern schema
target_domain_entity_0302,amount,BIGINT,YES,Target column for domain entity 302 field 5 in modern schema
target_domain_entity_0302,count,INTEGER,YES,Target column for domain entity 302 field 6 in modern schema
target_domain_entity_0302,parent_ref,UUID,YES,Target column for domain entity 302 field 7 in modern schema
target_domain_entity_0302,start_time,TIMESTAMPTZ,YES,Target column for domain entity 302 field 8 in modern schema
target_domain_entity_0302,end_time,TIMESTAMPTZ,YES,Target column for domain entity 302 field 9 in modern schema
target_domain_entity_0302,metadata,JSONB,YES,Target column for domain entity 302 field 10 in modern schema
target_domain_entity_0302,created_at,TIMESTAMPTZ,YES,Target column for domain entity 302 field 11 in modern schema
target_domain_entity_0302,updated_at,TIMESTAMPTZ,YES,Target column for domain entity 302 field 12 in modern schema
target_domain_entity_0303,id,UUID,NO,Target column for domain entity 303 field 1 in modern schema
target_domain_entity_0303,name,VARCHAR(255),NO,Target column for domain entity 303 field 2 in modern schema
target_domain_entity_0303,external_ref,VARCHAR(100),NO,Target column for domain entity 303 field 3 in modern schema
target_domain_entity_0303,state,VARCHAR(30),NO,Target column for domain entity 303 field 4 in modern schema
target_domain_entity_0303,amount,BIGINT,YES,Target column for domain entity 303 field 5 in modern schema
target_domain_entity_0303,count,INTEGER,YES,Target column for domain entity 303 field 6 in modern schema
target_domain_entity_0303,parent_ref,UUID,YES,Target column for domain entity 303 field 7 in modern schema
target_domain_entity_0303,start_time,TIMESTAMPTZ,YES,Target column for domain entity 303 field 8 in modern schema
target_domain_entity_0303,end_time,TIMESTAMPTZ,YES,Target column for domain entity 303 field 9 in modern schema
target_domain_entity_0303,metadata,JSONB,YES,Target column for domain entity 303 field 10 in modern schema
target_domain_entity_0303,created_at,TIMESTAMPTZ,YES,Target column for domain entity 303 field 11 in modern schema
target_domain_entity_0303,updated_at,TIMESTAMPTZ,YES,Target column for domain entity 303 field 12 in modern schema
target_domain_entity_0304,id,UUID,NO,Target column for domain entity 304 field 1 in modern schema
target_domain_entity_0304,name,VARCHAR(255),NO,Target column for domain entity 304 field 2 in modern schema
target_domain_entity_0304,external_ref,VARCHAR(100),NO,Target column for domain entity 304 field 3 in modern schema
target_domain_entity_0304,state,VARCHAR(30),NO,Target column for domain entity 304 field 4 in modern schema
target_domain_entity_0304,amount,BIGINT,YES,Target column for domain entity 304 field 5 in modern schema
target_domain_entity_0304,count,INTEGER,YES,Target column for domain entity 304 field 6 in modern schema
target_domain_entity_0304,parent_ref,UUID,YES,Target column for domain entity 304 field 7 in modern schema
target_domain_entity_0304,start_time,TIMESTAMPTZ,YES,Target column for domain entity 304 field 8 in modern schema
target_domain_entity_0304,end_time,TIMESTAMPTZ,YES,Target column for domain entity 304 field 9 in modern schema
target_domain_entity_0304,metadata,JSONB,YES,Target column for domain entity 304 field 10 in modern schema
target_domain_entity_0304,created_at,TIMESTAMPTZ,YES,Target column for domain entity 304 field 11 in modern schema
target_domain_entity_0304,updated_at,TIMESTAMPTZ,YES,Target column for domain entity 304 field 12 in modern schema
target_domain_entity_0305,id,UUID,NO,Target column for domain entity 305 field 1 in modern schema
target_domain_entity_0305,name,VARCHAR(255),NO,Target column for domain entity 305 field 2 in modern schema
target_domain_entity_0305,external_ref,VARCHAR(100),NO,Target column for domain entity 305 field 3 in modern schema
target_domain_entity_0305,state,VARCHAR(30),NO,Target column for domain entity 305 field 4 in modern schema
target_domain_entity_0305,amount,BIGINT,YES,Target column for domain entity 305 field 5 in modern schema
target_domain_entity_0305,count,INTEGER,YES,Target column for domain entity 305 field 6 in modern schema
target_domain_entity_0305,parent_ref,UUID,YES,Target column for domain entity 305 field 7 in modern schema
target_domain_entity_0305,start_time,TIMESTAMPTZ,YES,Target column for domain entity 305 field 8 in modern schema
target_domain_entity_0305,end_time,TIMESTAMPTZ,YES,Target column for domain entity 305 field 9 in modern schema
target_domain_entity_0305,metadata,JSONB,YES,Target column for domain entity 305 field 10 in modern schema
target_domain_entity_0305,created_at,TIMESTAMPTZ,YES,Target column for domain entity 305 field 11 in modern schema
target_domain_entity_0305,updated_at,TIMESTAMPTZ,YES,Target column for domain entity 305 field 12 in modern schema
target_domain_entity_0306,id,UUID,NO,Target column for domain entity 306 field 1 in modern schema
target_domain_entity_0306,name,VARCHAR(255),NO,Target column for domain entity 306 field 2 in modern schema
target_domain_entity_0306,external_ref,VARCHAR(100),NO,Target column for domain entity 306 field 3 in modern schema
target_domain_entity_0306,state,VARCHAR(30),NO,Target column for domain entity 306 field 4 in modern schema
target_domain_entity_0306,amount,BIGINT,YES,Target column for domain entity 306 field 5 in modern schema
target_domain_entity_0306,count,INTEGER,YES,Target column for domain entity 306 field 6 in modern schema
target_domain_entity_0306,parent_ref,UUID,YES,Target column for domain entity 306 field 7 in modern schema
target_domain_entity_0306,start_time,TIMESTAMPTZ,YES,Target column for domain entity 306 field 8 in modern schema
target_domain_entity_0306,end_time,TIMESTAMPTZ,YES,Target column for domain entity 306 field 9 in modern schema
target_domain_entity_0306,metadata,JSONB,YES,Target column for domain entity 306 field 10 in modern schema
target_domain_entity_0306,created_at,TIMESTAMPTZ,YES,Target column for domain entity 306 field 11 in modern schema
target_domain_entity_0306,updated_at,TIMESTAMPTZ,YES,Target column for domain entity 306 field 12 in modern schema
target_domain_entity_0307,id,UUID,NO,Target column for domain entity 307 field 1 in modern schema
target_domain_entity_0307,name,VARCHAR(255),NO,Target column for domain entity 307 field 2 in modern schema
target_domain_entity_0307,external_ref,VARCHAR(100),NO,Target column for domain entity 307 field 3 in modern schema
target_domain_entity_0307,state,VARCHAR(30),NO,Target column for domain entity 307 field 4 in modern schema
target_domain_entity_0307,amount,BIGINT,YES,Target column for domain entity 307 field 5 in modern schema
target_domain_entity_0307,count,INTEGER,YES,Target column for domain entity 307 field 6 in modern schema
target_domain_entity_0307,parent_ref,UUID,YES,Target column for domain entity 307 field 7 in modern schema
target_domain_entity_0307,start_time,TIMESTAMPTZ,YES,Target column for domain entity 307 field 8 in modern schema
target_domain_entity_0307,end_time,TIMESTAMPTZ,YES,Target column for domain entity 307 field 9 in modern schema
target_domain_entity_0307,metadata,JSONB,YES,Target column for domain entity 307 field 10 in modern schema
target_domain_entity_0307,created_at,TIMESTAMPTZ,YES,Target column for domain entity 307 field 11 in modern schema
target_domain_entity_0307,updated_at,TIMESTAMPTZ,YES,Target column for domain entity 307 field 12 in modern schema
target_domain_entity_0308,id,UUID,NO,Target column for domain entity 308 field 1 in modern schema
target_domain_entity_0308,name,VARCHAR(255),NO,Target column for domain entity 308 field 2 in modern schema
target_domain_entity_0308,external_ref,VARCHAR(100),NO,Target column for domain entity 308 field 3 in modern schema
target_domain_entity_0308,state,VARCHAR(30),NO,Target column for domain entity 308 field 4 in modern schema
target_domain_entity_0308,amount,BIGINT,YES,Target column for domain entity 308 field 5 in modern schema
target_domain_entity_0308,count,INTEGER,YES,Target column for domain entity 308 field 6 in modern schema
target_domain_entity_0308,parent_ref,UUID,YES,Target column for domain entity 308 field 7 in modern schema
target_domain_entity_0308,start_time,TIMESTAMPTZ,YES,Target column for domain entity 308 field 8 in modern schema
target_domain_entity_0308,end_time,TIMESTAMPTZ,YES,Target column for domain entity 308 field 9 in modern schema
target_domain_entity_0308,metadata,JSONB,YES,Target column for domain entity 308 field 10 in modern schema
target_domain_entity_0308,created_at,TIMESTAMPTZ,YES,Target column for domain entity 308 field 11 in modern schema
target_domain_entity_0308,updated_at,TIMESTAMPTZ,YES,Target column for domain entity 308 field 12 in modern schema
target_domain_entity_0309,id,UUID,NO,Target column for domain entity 309 field 1 in modern schema
target_domain_entity_0309,name,VARCHAR(255),NO,Target column for domain entity 309 field 2 in modern schema
target_domain_entity_0309,external_ref,VARCHAR(100),NO,Target column for domain entity 309 field 3 in modern schema
target_domain_entity_0309,state,VARCHAR(30),NO,Target column for domain entity 309 field 4 in modern schema
target_domain_entity_0309,amount,BIGINT,YES,Target column for domain entity 309 field 5 in modern schema
target_domain_entity_0309,count,INTEGER,YES,Target column for domain entity 309 field 6 in modern schema
target_domain_entity_0309,parent_ref,UUID,YES,Target column for domain entity 309 field 7 in modern schema
target_domain_entity_0309,start_time,TIMESTAMPTZ,YES,Target column for domain entity 309 field 8 in modern schema
target_domain_entity_0309,end_time,TIMESTAMPTZ,YES,Target column for domain entity 309 field 9 in modern schema
target_domain_entity_0309,metadata,JSONB,YES,Target column for domain entity 309 field 10 in modern schema
target_domain_entity_0309,created_at,TIMESTAMPTZ,YES,Target column for domain entity 309 field 11 in modern schema
target_domain_entity_0309,updated_at,TIMESTAMPTZ,YES,Target column for domain entity 309 field 12 in modern schema
target_domain_entity_0310,id,UUID,NO,Target column for domain entity 310 field 1 in modern schema
target_domain_entity_0310,name,VARCHAR(255),NO,Target column for domain entity 310 field 2 in modern schema
target_domain_entity_0310,external_ref,VARCHAR(100),NO,Target column for domain entity 310 field 3 in modern schema
target_domain_entity_0310,state,VARCHAR(30),NO,Target column for domain entity 310 field 4 in modern schema
target_domain_entity_0310,amount,BIGINT,YES,Target column for domain entity 310 field 5 in modern schema
target_domain_entity_0310,count,INTEGER,YES,Target column for domain entity 310 field 6 in modern schema
target_domain_entity_0310,parent_ref,UUID,YES,Target column for domain entity 310 field 7 in modern schema
target_domain_entity_0310,start_time,TIMESTAMPTZ,YES,Target column for domain entity 310 field 8 in modern schema
target_domain_entity_0310,end_time,TIMESTAMPTZ,YES,Target column for domain entity 310 field 9 in modern schema
target_domain_entity_0310,metadata,JSONB,YES,Target column for domain entity 310 field 10 in modern schema
target_domain_entity_0310,created_at,TIMESTAMPTZ,YES,Target column for domain entity 310 field 11 in modern schema
target_domain_entity_0310,updated_at,TIMESTAMPTZ,YES,Target column for domain entity 310 field 12 in modern schema
target_domain_entity_0311,id,UUID,NO,Target column for domain entity 311 field 1 in modern schema
target_domain_entity_0311,name,VARCHAR(255),NO,Target column for domain entity 311 field 2 in modern schema
target_domain_entity_0311,external_ref,VARCHAR(100),NO,Target column for domain entity 311 field 3 in modern schema
target_domain_entity_0311,state,VARCHAR(30),NO,Target column for domain entity 311 field 4 in modern schema
target_domain_entity_0311,amount,BIGINT,YES,Target column for domain entity 311 field 5 in modern schema
target_domain_entity_0311,count,INTEGER,YES,Target column for domain entity 311 field 6 in modern schema
target_domain_entity_0311,parent_ref,UUID,YES,Target column for domain entity 311 field 7 in modern schema
target_domain_entity_0311,start_time,TIMESTAMPTZ,YES,Target column for domain entity 311 field 8 in modern schema
target_domain_entity_0311,end_time,TIMESTAMPTZ,YES,Target column for domain entity 311 field 9 in modern schema
target_domain_entity_0311,metadata,JSONB,YES,Target column for domain entity 311 field 10 in modern schema
target_domain_entity_0311,created_at,TIMESTAMPTZ,YES,Target column for domain entity 311 field 11 in modern schema
target_domain_entity_0311,updated_at,TIMESTAMPTZ,YES,Target column for domain entity 311 field 12 in modern schema
target_domain_entity_0312,id,UUID,NO,Target column for domain entity 312 field 1 in modern schema
target_domain_entity_0312,name,VARCHAR(255),NO,Target column for domain entity 312 field 2 in modern schema
target_domain_entity_0312,external_ref,VARCHAR(100),NO,Target column for domain entity 312 field 3 in modern schema
target_domain_entity_0312,state,VARCHAR(30),NO,Target column for domain entity 312 field 4 in modern schema
target_domain_entity_0312,amount,BIGINT,YES,Target column for domain entity 312 field 5 in modern schema
target_domain_entity_0312,count,INTEGER,YES,Target column for domain entity 312 field 6 in modern schema
target_domain_entity_0312,parent_ref,UUID,YES,Target column for domain entity 312 field 7 in modern schema
target_domain_entity_0312,start_time,TIMESTAMPTZ,YES,Target column for domain entity 312 field 8 in modern schema
target_domain_entity_0312,end_time,TIMESTAMPTZ,YES,Target column for domain entity 312 field 9 in modern schema
target_domain_entity_0312,metadata,JSONB,YES,Target column for domain entity 312 field 10 in modern schema
target_domain_entity_0312,created_at,TIMESTAMPTZ,YES,Target column for domain entity 312 field 11 in modern schema
target_domain_entity_0312,updated_at,TIMESTAMPTZ,YES,Target column for domain entity 312 field 12 in modern schema
target_domain_entity_0313,id,UUID,NO,Target column for domain entity 313 field 1 in modern schema
target_domain_entity_0313,name,VARCHAR(255),NO,Target column for domain entity 313 field 2 in modern schema
target_domain_entity_0313,external_ref,VARCHAR(100),NO,Target column for domain entity 313 field 3 in modern schema
target_domain_entity_0313,state,VARCHAR(30),NO,Target column for domain entity 313 field 4 in modern schema
target_domain_entity_0313,amount,BIGINT,YES,Target column for domain entity 313 field 5 in modern schema
target_domain_entity_0313,count,INTEGER,YES,Target column for domain entity 313 field 6 in modern schema
target_domain_entity_0313,parent_ref,UUID,YES,Target column for domain entity 313 field 7 in modern schema
target_domain_entity_0313,start_time,TIMESTAMPTZ,YES,Target column for domain entity 313 field 8 in modern schema
target_domain_entity_0313,end_time,TIMESTAMPTZ,YES,Target column for domain entity 313 field 9 in modern schema
target_domain_entity_0313,metadata,JSONB,YES,Target column for domain entity 313 field 10 in modern schema
target_domain_entity_0313,created_at,TIMESTAMPTZ,YES,Target column for domain entity 313 field 11 in modern schema
target_domain_entity_0313,updated_at,TIMESTAMPTZ,YES,Target column for domain entity 313 field 12 in modern schema
target_domain_entity_0314,id,UUID,NO,Target column for domain entity 314 field 1 in modern schema
target_domain_entity_0314,name,VARCHAR(255),NO,Target column for domain entity 314 field 2 in modern schema
target_domain_entity_0314,external_ref,VARCHAR(100),NO,Target column for domain entity 314 field 3 in modern schema
target_domain_entity_0314,state,VARCHAR(30),NO,Target column for domain entity 314 field 4 in modern schema
target_domain_entity_0314,amount,BIGINT,YES,Target column for domain entity 314 field 5 in modern schema
target_domain_entity_0314,count,INTEGER,YES,Target column for domain entity 314 field 6 in modern schema
target_domain_entity_0314,parent_ref,UUID,YES,Target column for domain entity 314 field 7 in modern schema
target_domain_entity_0314,start_time,TIMESTAMPTZ,YES,Target column for domain entity 314 field 8 in modern schema
target_domain_entity_0314,end_time,TIMESTAMPTZ,YES,Target column for domain entity 314 field 9 in modern schema
target_domain_entity_0314,metadata,JSONB,YES,Target column for domain entity 314 field 10 in modern schema
target_domain_entity_0314,created_at,TIMESTAMPTZ,YES,Target column for domain entity 314 field 11 in modern schema
target_domain_entity_0314,updated_at,TIMESTAMPTZ,YES,Target column for domain entity 314 field 12 in modern schema
target_domain_entity_0315,id,UUID,NO,Target column for domain entity 315 field 1 in modern schema
target_domain_entity_0315,name,VARCHAR(255),NO,Target column for domain entity 315 field 2 in modern schema
target_domain_entity_0315,external_ref,VARCHAR(100),NO,Target column for domain entity 315 field 3 in modern schema
target_domain_entity_0315,state,VARCHAR(30),NO,Target column for domain entity 315 field 4 in modern schema
target_domain_entity_0315,amount,BIGINT,YES,Target column for domain entity 315 field 5 in modern schema
target_domain_entity_0315,count,INTEGER,YES,Target column for domain entity 315 field 6 in modern schema
target_domain_entity_0315,parent_ref,UUID,YES,Target column for domain entity 315 field 7 in modern schema
target_domain_entity_0315,start_time,TIMESTAMPTZ,YES,Target column for domain entity 315 field 8 in modern schema
target_domain_entity_0315,end_time,TIMESTAMPTZ,YES,Target column for domain entity 315 field 9 in modern schema
target_domain_entity_0315,metadata,JSONB,YES,Target column for domain entity 315 field 10 in modern schema
target_domain_entity_0315,created_at,TIMESTAMPTZ,YES,Target column for domain entity 315 field 11 in modern schema
target_domain_entity_0315,updated_at,TIMESTAMPTZ,YES,Target column for domain entity 315 field 12 in modern schema
target_domain_entity_0316,id,UUID,NO,Target column for domain entity 316 field 1 in modern schema
target_domain_entity_0316,name,VARCHAR(255),NO,Target column for domain entity 316 field 2 in modern schema
target_domain_entity_0316,external_ref,VARCHAR(100),NO,Target column for domain entity 316 field 3 in modern schema
target_domain_entity_0316,state,VARCHAR(30),NO,Target column for domain entity 316 field 4 in modern schema
target_domain_entity_0316,amount,BIGINT,YES,Target column for domain entity 316 field 5 in modern schema
target_domain_entity_0316,count,INTEGER,YES,Target column for domain entity 316 field 6 in modern schema
target_domain_entity_0316,parent_ref,UUID,YES,Target column for domain entity 316 field 7 in modern schema
target_domain_entity_0316,start_time,TIMESTAMPTZ,YES,Target column for domain entity 316 field 8 in modern schema
target_domain_entity_0316,end_time,TIMESTAMPTZ,YES,Target column for domain entity 316 field 9 in modern schema
target_domain_entity_0316,metadata,JSONB,YES,Target column for domain entity 316 field 10 in modern schema
target_domain_entity_0316,created_at,TIMESTAMPTZ,YES,Target column for domain entity 316 field 11 in modern schema
target_domain_entity_0316,updated_at,TIMESTAMPTZ,YES,Target column for domain entity 316 field 12 in modern schema
target_domain_entity_0317,id,UUID,NO,Target column for domain entity 317 field 1 in modern schema
target_domain_entity_0317,name,VARCHAR(255),NO,Target column for domain entity 317 field 2 in modern schema
target_domain_entity_0317,external_ref,VARCHAR(100),NO,Target column for domain entity 317 field 3 in modern schema
target_domain_entity_0317,state,VARCHAR(30),NO,Target column for domain entity 317 field 4 in modern schema
target_domain_entity_0317,amount,BIGINT,YES,Target column for domain entity 317 field 5 in modern schema
target_domain_entity_0317,count,INTEGER,YES,Target column for domain entity 317 field 6 in modern schema
target_domain_entity_0317,parent_ref,UUID,YES,Target column for domain entity 317 field 7 in modern schema
target_domain_entity_0317,start_time,TIMESTAMPTZ,YES,Target column for domain entity 317 field 8 in modern schema
target_domain_entity_0317,end_time,TIMESTAMPTZ,YES,Target column for domain entity 317 field 9 in modern schema
target_domain_entity_0317,metadata,JSONB,YES,Target column for domain entity 317 field 10 in modern schema
target_domain_entity_0317,created_at,TIMESTAMPTZ,YES,Target column for domain entity 317 field 11 in modern schema
target_domain_entity_0317,updated_at,TIMESTAMPTZ,YES,Target column for domain entity 317 field 12 in modern schema
target_domain_entity_0318,id,UUID,NO,Target column for domain entity 318 field 1 in modern schema
target_domain_entity_0318,name,VARCHAR(255),NO,Target column for domain entity 318 field 2 in modern schema
target_domain_entity_0318,external_ref,VARCHAR(100),NO,Target column for domain entity 318 field 3 in modern schema
target_domain_entity_0318,state,VARCHAR(30),NO,Target column for domain entity 318 field 4 in modern schema
target_domain_entity_0318,amount,BIGINT,YES,Target column for domain entity 318 field 5 in modern schema
target_domain_entity_0318,count,INTEGER,YES,Target column for domain entity 318 field 6 in modern schema
target_domain_entity_0318,parent_ref,UUID,YES,Target column for domain entity 318 field 7 in modern schema
target_domain_entity_0318,start_time,TIMESTAMPTZ,YES,Target column for domain entity 318 field 8 in modern schema
target_domain_entity_0318,end_time,TIMESTAMPTZ,YES,Target column for domain entity 318 field 9 in modern schema
target_domain_entity_0318,metadata,JSONB,YES,Target column for domain entity 318 field 10 in modern schema
target_domain_entity_0318,created_at,TIMESTAMPTZ,YES,Target column for domain entity 318 field 11 in modern schema
target_domain_entity_0318,updated_at,TIMESTAMPTZ,YES,Target column for domain entity 318 field 12 in modern schema
target_domain_entity_0319,id,UUID,NO,Target column for domain entity 319 field 1 in modern schema
target_domain_entity_0319,name,VARCHAR(255),NO,Target column for domain entity 319 field 2 in modern schema
target_domain_entity_0319,external_ref,VARCHAR(100),NO,Target column for domain entity 319 field 3 in modern schema
target_domain_entity_0319,state,VARCHAR(30),NO,Target column for domain entity 319 field 4 in modern schema
target_domain_entity_0319,amount,BIGINT,YES,Target column for domain entity 319 field 5 in modern schema
target_domain_entity_0319,count,INTEGER,YES,Target column for domain entity 319 field 6 in modern schema
target_domain_entity_0319,parent_ref,UUID,YES,Target column for domain entity 319 field 7 in modern schema
target_domain_entity_0319,start_time,TIMESTAMPTZ,YES,Target column for domain entity 319 field 8 in modern schema
target_domain_entity_0319,end_time,TIMESTAMPTZ,YES,Target column for domain entity 319 field 9 in modern schema
target_domain_entity_0319,metadata,JSONB,YES,Target column for domain entity 319 field 10 in modern schema
target_domain_entity_0319,created_at,TIMESTAMPTZ,YES,Target column for domain entity 319 field 11 in modern schema
target_domain_entity_0319,updated_at,TIMESTAMPTZ,YES,Target column for domain entity 319 field 12 in modern schema
target_domain_entity_0320,id,UUID,NO,Target column for domain entity 320 field 1 in modern schema
target_domain_entity_0320,name,VARCHAR(255),NO,Target column for domain entity 320 field 2 in modern schema
target_domain_entity_0320,external_ref,VARCHAR(100),NO,Target column for domain entity 320 field 3 in modern schema
target_domain_entity_0320,state,VARCHAR(30),NO,Target column for domain entity 320 field 4 in modern schema
target_domain_entity_0320,amount,BIGINT,YES,Target column for domain entity 320 field 5 in modern schema
target_domain_entity_0320,count,INTEGER,YES,Target column for domain entity 320 field 6 in modern schema
target_domain_entity_0320,parent_ref,UUID,YES,Target column for domain entity 320 field 7 in modern schema
target_domain_entity_0320,start_time,TIMESTAMPTZ,YES,Target column for domain entity 320 field 8 in modern schema
target_domain_entity_0320,end_time,TIMESTAMPTZ,YES,Target column for domain entity 320 field 9 in modern schema
target_domain_entity_0320,metadata,JSONB,YES,Target column for domain entity 320 field 10 in modern schema
target_domain_entity_0320,created_at,TIMESTAMPTZ,YES,Target column for domain entity 320 field 11 in modern schema
target_domain_entity_0320,updated_at,TIMESTAMPTZ,YES,Target column for domain entity 320 field 12 in modern schema
target_domain_entity_0321,id,UUID,NO,Target column for domain entity 321 field 1 in modern schema
target_domain_entity_0321,name,VARCHAR(255),NO,Target column for domain entity 321 field 2 in modern schema
target_domain_entity_0321,external_ref,VARCHAR(100),NO,Target column for domain entity 321 field 3 in modern schema
target_domain_entity_0321,state,VARCHAR(30),NO,Target column for domain entity 321 field 4 in modern schema
target_domain_entity_0321,amount,BIGINT,YES,Target column for domain entity 321 field 5 in modern schema
target_domain_entity_0321,count,INTEGER,YES,Target column for domain entity 321 field 6 in modern schema
target_domain_entity_0321,parent_ref,UUID,YES,Target column for domain entity 321 field 7 in modern schema
target_domain_entity_0321,start_time,TIMESTAMPTZ,YES,Target column for domain entity 321 field 8 in modern schema
target_domain_entity_0321,end_time,TIMESTAMPTZ,YES,Target column for domain entity 321 field 9 in modern schema
target_domain_entity_0321,metadata,JSONB,YES,Target column for domain entity 321 field 10 in modern schema
target_domain_entity_0321,created_at,TIMESTAMPTZ,YES,Target column for domain entity 321 field 11 in modern schema
target_domain_entity_0321,updated_at,TIMESTAMPTZ,YES,Target column for domain entity 321 field 12 in modern schema
target_domain_entity_0322,id,UUID,NO,Target column for domain entity 322 field 1 in modern schema
target_domain_entity_0322,name,VARCHAR(255),NO,Target column for domain entity 322 field 2 in modern schema
target_domain_entity_0322,external_ref,VARCHAR(100),NO,Target column for domain entity 322 field 3 in modern schema
target_domain_entity_0322,state,VARCHAR(30),NO,Target column for domain entity 322 field 4 in modern schema
target_domain_entity_0322,amount,BIGINT,YES,Target column for domain entity 322 field 5 in modern schema
target_domain_entity_0322,count,INTEGER,YES,Target column for domain entity 322 field 6 in modern schema
target_domain_entity_0322,parent_ref,UUID,YES,Target column for domain entity 322 field 7 in modern schema
target_domain_entity_0322,start_time,TIMESTAMPTZ,YES,Target column for domain entity 322 field 8 in modern schema
target_domain_entity_0322,end_time,TIMESTAMPTZ,YES,Target column for domain entity 322 field 9 in modern schema
target_domain_entity_0322,metadata,JSONB,YES,Target column for domain entity 322 field 10 in modern schema
target_domain_entity_0322,created_at,TIMESTAMPTZ,YES,Target column for domain entity 322 field 11 in modern schema
target_domain_entity_0322,updated_at,TIMESTAMPTZ,YES,Target column for domain entity 322 field 12 in modern schema
target_domain_entity_0323,id,UUID,NO,Target column for domain entity 323 field 1 in modern schema
target_domain_entity_0323,name,VARCHAR(255),NO,Target column for domain entity 323 field 2 in modern schema
target_domain_entity_0323,external_ref,VARCHAR(100),NO,Target column for domain entity 323 field 3 in modern schema
target_domain_entity_0323,state,VARCHAR(30),NO,Target column for domain entity 323 field 4 in modern schema
target_domain_entity_0323,amount,BIGINT,YES,Target column for domain entity 323 field 5 in modern schema
target_domain_entity_0323,count,INTEGER,YES,Target column for domain entity 323 field 6 in modern schema
target_domain_entity_0323,parent_ref,UUID,YES,Target column for domain entity 323 field 7 in modern schema
target_domain_entity_0323,start_time,TIMESTAMPTZ,YES,Target column for domain entity 323 field 8 in modern schema
target_domain_entity_0323,end_time,TIMESTAMPTZ,YES,Target column for domain entity 323 field 9 in modern schema
target_domain_entity_0323,metadata,JSONB,YES,Target column for domain entity 323 field 10 in modern schema
target_domain_entity_0323,created_at,TIMESTAMPTZ,YES,Target column for domain entity 323 field 11 in modern schema
target_domain_entity_0323,updated_at,TIMESTAMPTZ,YES,Target column for domain entity 323 field 12 in modern schema
target_domain_entity_0324,id,UUID,NO,Target column for domain entity 324 field 1 in modern schema
target_domain_entity_0324,name,VARCHAR(255),NO,Target column for domain entity 324 field 2 in modern schema
target_domain_entity_0324,external_ref,VARCHAR(100),NO,Target column for domain entity 324 field 3 in modern schema
target_domain_entity_0324,state,VARCHAR(30),NO,Target column for domain entity 324 field 4 in modern schema
target_domain_entity_0324,amount,BIGINT,YES,Target column for domain entity 324 field 5 in modern schema
target_domain_entity_0324,count,INTEGER,YES,Target column for domain entity 324 field 6 in modern schema
target_domain_entity_0324,parent_ref,UUID,YES,Target column for domain entity 324 field 7 in modern schema
target_domain_entity_0324,start_time,TIMESTAMPTZ,YES,Target column for domain entity 324 field 8 in modern schema
target_domain_entity_0324,end_time,TIMESTAMPTZ,YES,Target column for domain entity 324 field 9 in modern schema
target_domain_entity_0324,metadata,JSONB,YES,Target column for domain entity 324 field 10 in modern schema
target_domain_entity_0324,created_at,TIMESTAMPTZ,YES,Target column for domain entity 324 field 11 in modern schema
target_domain_entity_0324,updated_at,TIMESTAMPTZ,YES,Target column for domain entity 324 field 12 in modern schema
target_domain_entity_0325,id,UUID,NO,Target column for domain entity 325 field 1 in modern schema
target_domain_entity_0325,name,VARCHAR(255),NO,Target column for domain entity 325 field 2 in modern schema
target_domain_entity_0325,external_ref,VARCHAR(100),NO,Target column for domain entity 325 field 3 in modern schema
target_domain_entity_0325,state,VARCHAR(30),NO,Target column for domain entity 325 field 4 in modern schema
target_domain_entity_0325,amount,BIGINT,YES,Target column for domain entity 325 field 5 in modern schema
target_domain_entity_0325,count,INTEGER,YES,Target column for domain entity 325 field 6 in modern schema
target_domain_entity_0325,parent_ref,UUID,YES,Target column for domain entity 325 field 7 in modern schema
target_domain_entity_0325,start_time,TIMESTAMPTZ,YES,Target column for domain entity 325 field 8 in modern schema
target_domain_entity_0325,end_time,TIMESTAMPTZ,YES,Target column for domain entity 325 field 9 in modern schema
target_domain_entity_0325,metadata,JSONB,YES,Target column for domain entity 325 field 10 in modern schema
target_domain_entity_0325,created_at,TIMESTAMPTZ,YES,Target column for domain entity 325 field 11 in modern schema
target_domain_entity_0325,updated_at,TIMESTAMPTZ,YES,Target column for domain entity 325 field 12 in modern schema
target_domain_entity_0326,id,UUID,NO,Target column for domain entity 326 field 1 in modern schema
target_domain_entity_0326,name,VARCHAR(255),NO,Target column for domain entity 326 field 2 in modern schema
target_domain_entity_0326,external_ref,VARCHAR(100),NO,Target column for domain entity 326 field 3 in modern schema
target_domain_entity_0326,state,VARCHAR(30),NO,Target column for domain entity 326 field 4 in modern schema
target_domain_entity_0326,amount,BIGINT,YES,Target column for domain entity 326 field 5 in modern schema
target_domain_entity_0326,count,INTEGER,YES,Target column for domain entity 326 field 6 in modern schema
target_domain_entity_0326,parent_ref,UUID,YES,Target column for domain entity 326 field 7 in modern schema
target_domain_entity_0326,start_time,TIMESTAMPTZ,YES,Target column for domain entity 326 field 8 in modern schema
target_domain_entity_0326,end_time,TIMESTAMPTZ,YES,Target column for domain entity 326 field 9 in modern schema
target_domain_entity_0326,metadata,JSONB,YES,Target column for domain entity 326 field 10 in modern schema
target_domain_entity_0326,created_at,TIMESTAMPTZ,YES,Target column for domain entity 326 field 11 in modern schema
target_domain_entity_0326,updated_at,TIMESTAMPTZ,YES,Target column for domain entity 326 field 12 in modern schema
target_domain_entity_0327,id,UUID,NO,Target column for domain entity 327 field 1 in modern schema
target_domain_entity_0327,name,VARCHAR(255),NO,Target column for domain entity 327 field 2 in modern schema
target_domain_entity_0327,external_ref,VARCHAR(100),NO,Target column for domain entity 327 field 3 in modern schema
target_domain_entity_0327,state,VARCHAR(30),NO,Target column for domain entity 327 field 4 in modern schema
target_domain_entity_0327,amount,BIGINT,YES,Target column for domain entity 327 field 5 in modern schema
target_domain_entity_0327,count,INTEGER,YES,Target column for domain entity 327 field 6 in modern schema
target_domain_entity_0327,parent_ref,UUID,YES,Target column for domain entity 327 field 7 in modern schema
target_domain_entity_0327,start_time,TIMESTAMPTZ,YES,Target column for domain entity 327 field 8 in modern schema
target_domain_entity_0327,end_time,TIMESTAMPTZ,YES,Target column for domain entity 327 field 9 in modern schema
target_domain_entity_0327,metadata,JSONB,YES,Target column for domain entity 327 field 10 in modern schema
target_domain_entity_0327,created_at,TIMESTAMPTZ,YES,Target column for domain entity 327 field 11 in modern schema
target_domain_entity_0327,updated_at,TIMESTAMPTZ,YES,Target column for domain entity 327 field 12 in modern schema
target_domain_entity_0328,id,UUID,NO,Target column for domain entity 328 field 1 in modern schema
target_domain_entity_0328,name,VARCHAR(255),NO,Target column for domain entity 328 field 2 in modern schema
target_domain_entity_0328,external_ref,VARCHAR(100),NO,Target column for domain entity 328 field 3 in modern schema
target_domain_entity_0328,state,VARCHAR(30),NO,Target column for domain entity 328 field 4 in modern schema
target_domain_entity_0328,amount,BIGINT,YES,Target column for domain entity 328 field 5 in modern schema
target_domain_entity_0328,count,INTEGER,YES,Target column for domain entity 328 field 6 in modern schema
target_domain_entity_0328,parent_ref,UUID,YES,Target column for domain entity 328 field 7 in modern schema
target_domain_entity_0328,start_time,TIMESTAMPTZ,YES,Target column for domain entity 328 field 8 in modern schema
target_domain_entity_0328,end_time,TIMESTAMPTZ,YES,Target column for domain entity 328 field 9 in modern schema
target_domain_entity_0328,metadata,JSONB,YES,Target column for domain entity 328 field 10 in modern schema
target_domain_entity_0328,created_at,TIMESTAMPTZ,YES,Target column for domain entity 328 field 11 in modern schema
target_domain_entity_0328,updated_at,TIMESTAMPTZ,YES,Target column for domain entity 328 field 12 in modern schema
target_domain_entity_0329,id,UUID,NO,Target column for domain entity 329 field 1 in modern schema
target_domain_entity_0329,name,VARCHAR(255),NO,Target column for domain entity 329 field 2 in modern schema
target_domain_entity_0329,external_ref,VARCHAR(100),NO,Target column for domain entity 329 field 3 in modern schema
target_domain_entity_0329,state,VARCHAR(30),NO,Target column for domain entity 329 field 4 in modern schema
target_domain_entity_0329,amount,BIGINT,YES,Target column for domain entity 329 field 5 in modern schema
target_domain_entity_0329,count,INTEGER,YES,Target column for domain entity 329 field 6 in modern schema
target_domain_entity_0329,parent_ref,UUID,YES,Target column for domain entity 329 field 7 in modern schema
target_domain_entity_0329,start_time,TIMESTAMPTZ,YES,Target column for domain entity 329 field 8 in modern schema
target_domain_entity_0329,end_time,TIMESTAMPTZ,YES,Target column for domain entity 329 field 9 in modern schema
target_domain_entity_0329,metadata,JSONB,YES,Target column for domain entity 329 field 10 in modern schema
target_domain_entity_0329,created_at,TIMESTAMPTZ,YES,Target column for domain entity 329 field 11 in modern schema
target_domain_entity_0329,updated_at,TIMESTAMPTZ,YES,Target column for domain entity 329 field 12 in modern schema
target_domain_entity_0330,id,UUID,NO,Target column for domain entity 330 field 1 in modern schema
target_domain_entity_0330,name,VARCHAR(255),NO,Target column for domain entity 330 field 2 in modern schema
target_domain_entity_0330,external_ref,VARCHAR(100),NO,Target column for domain entity 330 field 3 in modern schema
target_domain_entity_0330,state,VARCHAR(30),NO,Target column for domain entity 330 field 4 in modern schema
target_domain_entity_0330,amount,BIGINT,YES,Target column for domain entity 330 field 5 in modern schema
target_domain_entity_0330,count,INTEGER,YES,Target column for domain entity 330 field 6 in modern schema
target_domain_entity_0330,parent_ref,UUID,YES,Target column for domain entity 330 field 7 in modern schema
target_domain_entity_0330,start_time,TIMESTAMPTZ,YES,Target column for domain entity 330 field 8 in modern schema
target_domain_entity_0330,end_time,TIMESTAMPTZ,YES,Target column for domain entity 330 field 9 in modern schema
target_domain_entity_0330,metadata,JSONB,YES,Target column for domain entity 330 field 10 in modern schema
target_domain_entity_0330,created_at,TIMESTAMPTZ,YES,Target column for domain entity 330 field 11 in modern schema
target_domain_entity_0330,updated_at,TIMESTAMPTZ,YES,Target column for domain entity 330 field 12 in modern schema
target_domain_entity_0331,id,UUID,NO,Target column for domain entity 331 field 1 in modern schema
target_domain_entity_0331,name,VARCHAR(255),NO,Target column for domain entity 331 field 2 in modern schema
target_domain_entity_0331,external_ref,VARCHAR(100),NO,Target column for domain entity 331 field 3 in modern schema
target_domain_entity_0331,state,VARCHAR(30),NO,Target column for domain entity 331 field 4 in modern schema
target_domain_entity_0331,amount,BIGINT,YES,Target column for domain entity 331 field 5 in modern schema
target_domain_entity_0331,count,INTEGER,YES,Target column for domain entity 331 field 6 in modern schema
target_domain_entity_0331,parent_ref,UUID,YES,Target column for domain entity 331 field 7 in modern schema
target_domain_entity_0331,start_time,TIMESTAMPTZ,YES,Target column for domain entity 331 field 8 in modern schema
target_domain_entity_0331,end_time,TIMESTAMPTZ,YES,Target column for domain entity 331 field 9 in modern schema
target_domain_entity_0331,metadata,JSONB,YES,Target column for domain entity 331 field 10 in modern schema
target_domain_entity_0331,created_at,TIMESTAMPTZ,YES,Target column for domain entity 331 field 11 in modern schema
target_domain_entity_0331,updated_at,TIMESTAMPTZ,YES,Target column for domain entity 331 field 12 in modern schema
target_domain_entity_0332,id,UUID,NO,Target column for domain entity 332 field 1 in modern schema
target_domain_entity_0332,name,VARCHAR(255),NO,Target column for domain entity 332 field 2 in modern schema
target_domain_entity_0332,external_ref,VARCHAR(100),NO,Target column for domain entity 332 field 3 in modern schema
target_domain_entity_0332,state,VARCHAR(30),NO,Target column for domain entity 332 field 4 in modern schema
target_domain_entity_0332,amount,BIGINT,YES,Target column for domain entity 332 field 5 in modern schema
target_domain_entity_0332,count,INTEGER,YES,Target column for domain entity 332 field 6 in modern schema
target_domain_entity_0332,parent_ref,UUID,YES,Target column for domain entity 332 field 7 in modern schema
target_domain_entity_0332,start_time,TIMESTAMPTZ,YES,Target column for domain entity 332 field 8 in modern schema
target_domain_entity_0332,end_time,TIMESTAMPTZ,YES,Target column for domain entity 332 field 9 in modern schema
target_domain_entity_0332,metadata,JSONB,YES,Target column for domain entity 332 field 10 in modern schema
target_domain_entity_0332,created_at,TIMESTAMPTZ,YES,Target column for domain entity 332 field 11 in modern schema
target_domain_entity_0332,updated_at,TIMESTAMPTZ,YES,Target column for domain entity 332 field 12 in modern schema
target_domain_entity_0333,id,UUID,NO,Target column for domain entity 333 field 1 in modern schema
target_domain_entity_0333,name,VARCHAR(255),NO,Target column for domain entity 333 field 2 in modern schema
target_domain_entity_0333,external_ref,VARCHAR(100),NO,Target column for domain entity 333 field 3 in modern schema
target_domain_entity_0333,state,VARCHAR(30),NO,Target column for domain entity 333 field 4 in modern schema
target_domain_entity_0333,amount,BIGINT,YES,Target column for domain entity 333 field 5 in modern schema
target_domain_entity_0333,count,INTEGER,YES,Target column for domain entity 333 field 6 in modern schema
target_domain_entity_0333,parent_ref,UUID,YES,Target column for domain entity 333 field 7 in modern schema
target_domain_entity_0333,start_time,TIMESTAMPTZ,YES,Target column for domain entity 333 field 8 in modern schema
target_domain_entity_0333,end_time,TIMESTAMPTZ,YES,Target column for domain entity 333 field 9 in modern schema
target_domain_entity_0333,metadata,JSONB,YES,Target column for domain entity 333 field 10 in modern schema
target_domain_entity_0333,created_at,TIMESTAMPTZ,YES,Target column for domain entity 333 field 11 in modern schema
target_domain_entity_0333,updated_at,TIMESTAMPTZ,YES,Target column for domain entity 333 field 12 in modern schema
target_domain_entity_0334,id,UUID,NO,Target column for domain entity 334 field 1 in modern schema
target_domain_entity_0334,name,VARCHAR(255),NO,Target column for domain entity 334 field 2 in modern schema
target_domain_entity_0334,external_ref,VARCHAR(100),NO,Target column for domain entity 334 field 3 in modern schema
target_domain_entity_0334,state,VARCHAR(30),NO,Target column for domain entity 334 field 4 in modern schema
target_domain_entity_0334,amount,BIGINT,YES,Target column for domain entity 334 field 5 in modern schema
target_domain_entity_0334,count,INTEGER,YES,Target column for domain entity 334 field 6 in modern schema
target_domain_entity_0334,parent_ref,UUID,YES,Target column for domain entity 334 field 7 in modern schema
target_domain_entity_0334,start_time,TIMESTAMPTZ,YES,Target column for domain entity 334 field 8 in modern schema
target_domain_entity_0334,end_time,TIMESTAMPTZ,YES,Target column for domain entity 334 field 9 in modern schema
target_domain_entity_0334,metadata,JSONB,YES,Target column for domain entity 334 field 10 in modern schema
target_domain_entity_0334,created_at,TIMESTAMPTZ,YES,Target column for domain entity 334 field 11 in modern schema
target_domain_entity_0334,updated_at,TIMESTAMPTZ,YES,Target column for domain entity 334 field 12 in modern schema
target_domain_entity_0335,id,UUID,NO,Target column for domain entity 335 field 1 in modern schema
target_domain_entity_0335,name,VARCHAR(255),NO,Target column for domain entity 335 field 2 in modern schema
target_domain_entity_0335,external_ref,VARCHAR(100),NO,Target column for domain entity 335 field 3 in modern schema
target_domain_entity_0335,state,VARCHAR(30),NO,Target column for domain entity 335 field 4 in modern schema
target_domain_entity_0335,amount,BIGINT,YES,Target column for domain entity 335 field 5 in modern schema
target_domain_entity_0335,count,INTEGER,YES,Target column for domain entity 335 field 6 in modern schema
target_domain_entity_0335,parent_ref,UUID,YES,Target column for domain entity 335 field 7 in modern schema
target_domain_entity_0335,start_time,TIMESTAMPTZ,YES,Target column for domain entity 335 field 8 in modern schema
target_domain_entity_0335,end_time,TIMESTAMPTZ,YES,Target column for domain entity 335 field 9 in modern schema
target_domain_entity_0335,metadata,JSONB,YES,Target column for domain entity 335 field 10 in modern schema
target_domain_entity_0335,created_at,TIMESTAMPTZ,YES,Target column for domain entity 335 field 11 in modern schema
target_domain_entity_0335,updated_at,TIMESTAMPTZ,YES,Target column for domain entity 335 field 12 in modern schema
target_domain_entity_0336,id,UUID,NO,Target column for domain entity 336 field 1 in modern schema
target_domain_entity_0336,name,VARCHAR(255),NO,Target column for domain entity 336 field 2 in modern schema
target_domain_entity_0336,external_ref,VARCHAR(100),NO,Target column for domain entity 336 field 3 in modern schema
target_domain_entity_0336,state,VARCHAR(30),NO,Target column for domain entity 336 field 4 in modern schema
target_domain_entity_0336,amount,BIGINT,YES,Target column for domain entity 336 field 5 in modern schema
target_domain_entity_0336,count,INTEGER,YES,Target column for domain entity 336 field 6 in modern schema
target_domain_entity_0336,parent_ref,UUID,YES,Target column for domain entity 336 field 7 in modern schema
target_domain_entity_0336,start_time,TIMESTAMPTZ,YES,Target column for domain entity 336 field 8 in modern schema
target_domain_entity_0336,end_time,TIMESTAMPTZ,YES,Target column for domain entity 336 field 9 in modern schema
target_domain_entity_0336,metadata,JSONB,YES,Target column for domain entity 336 field 10 in modern schema
target_domain_entity_0336,created_at,TIMESTAMPTZ,YES,Target column for domain entity 336 field 11 in modern schema
target_domain_entity_0336,updated_at,TIMESTAMPTZ,YES,Target column for domain entity 336 field 12 in modern schema
target_domain_entity_0337,id,UUID,NO,Target column for domain entity 337 field 1 in modern schema
target_domain_entity_0337,name,VARCHAR(255),NO,Target column for domain entity 337 field 2 in modern schema
target_domain_entity_0337,external_ref,VARCHAR(100),NO,Target column for domain entity 337 field 3 in modern schema
target_domain_entity_0337,state,VARCHAR(30),NO,Target column for domain entity 337 field 4 in modern schema
target_domain_entity_0337,amount,BIGINT,YES,Target column for domain entity 337 field 5 in modern schema
target_domain_entity_0337,count,INTEGER,YES,Target column for domain entity 337 field 6 in modern schema
target_domain_entity_0337,parent_ref,UUID,YES,Target column for domain entity 337 field 7 in modern schema
target_domain_entity_0337,start_time,TIMESTAMPTZ,YES,Target column for domain entity 337 field 8 in modern schema
target_domain_entity_0337,end_time,TIMESTAMPTZ,YES,Target column for domain entity 337 field 9 in modern schema
target_domain_entity_0337,metadata,JSONB,YES,Target column for domain entity 337 field 10 in modern schema
target_domain_entity_0337,created_at,TIMESTAMPTZ,YES,Target column for domain entity 337 field 11 in modern schema
target_domain_entity_0337,updated_at,TIMESTAMPTZ,YES,Target column for domain entity 337 field 12 in modern schema
target_domain_entity_0338,id,UUID,NO,Target column for domain entity 338 field 1 in modern schema
target_domain_entity_0338,name,VARCHAR(255),NO,Target column for domain entity 338 field 2 in modern schema
target_domain_entity_0338,external_ref,VARCHAR(100),NO,Target column for domain entity 338 field 3 in modern schema
target_domain_entity_0338,state,VARCHAR(30),NO,Target column for domain entity 338 field 4 in modern schema
target_domain_entity_0338,amount,BIGINT,YES,Target column for domain entity 338 field 5 in modern schema
target_domain_entity_0338,count,INTEGER,YES,Target column for domain entity 338 field 6 in modern schema
target_domain_entity_0338,parent_ref,UUID,YES,Target column for domain entity 338 field 7 in modern schema
target_domain_entity_0338,start_time,TIMESTAMPTZ,YES,Target column for domain entity 338 field 8 in modern schema
target_domain_entity_0338,end_time,TIMESTAMPTZ,YES,Target column for domain entity 338 field 9 in modern schema
target_domain_entity_0338,metadata,JSONB,YES,Target column for domain entity 338 field 10 in modern schema
target_domain_entity_0338,created_at,TIMESTAMPTZ,YES,Target column for domain entity 338 field 11 in modern schema
target_domain_entity_0338,updated_at,TIMESTAMPTZ,YES,Target column for domain entity 338 field 12 in modern schema
target_domain_entity_0339,id,UUID,NO,Target column for domain entity 339 field 1 in modern schema
target_domain_entity_0339,name,VARCHAR(255),NO,Target column for domain entity 339 field 2 in modern schema
target_domain_entity_0339,external_ref,VARCHAR(100),NO,Target column for domain entity 339 field 3 in modern schema
target_domain_entity_0339,state,VARCHAR(30),NO,Target column for domain entity 339 field 4 in modern schema
target_domain_entity_0339,amount,BIGINT,YES,Target column for domain entity 339 field 5 in modern schema
target_domain_entity_0339,count,INTEGER,YES,Target column for domain entity 339 field 6 in modern schema
target_domain_entity_0339,parent_ref,UUID,YES,Target column for domain entity 339 field 7 in modern schema
target_domain_entity_0339,start_time,TIMESTAMPTZ,YES,Target column for domain entity 339 field 8 in modern schema
target_domain_entity_0339,end_time,TIMESTAMPTZ,YES,Target column for domain entity 339 field 9 in modern schema
target_domain_entity_0339,metadata,JSONB,YES,Target column for domain entity 339 field 10 in modern schema
target_domain_entity_0339,created_at,TIMESTAMPTZ,YES,Target column for domain entity 339 field 11 in modern schema
target_domain_entity_0339,updated_at,TIMESTAMPTZ,YES,Target column for domain entity 339 field 12 in modern schema
target_domain_entity_0340,id,UUID,NO,Target column for domain entity 340 field 1 in modern schema
target_domain_entity_0340,name,VARCHAR(255),NO,Target column for domain entity 340 field 2 in modern schema
target_domain_entity_0340,external_ref,VARCHAR(100),NO,Target column for domain entity 340 field 3 in modern schema
target_domain_entity_0340,state,VARCHAR(30),NO,Target column for domain entity 340 field 4 in modern schema
target_domain_entity_0340,amount,BIGINT,YES,Target column for domain entity 340 field 5 in modern schema
target_domain_entity_0340,count,INTEGER,YES,Target column for domain entity 340 field 6 in modern schema
target_domain_entity_0340,parent_ref,UUID,YES,Target column for domain entity 340 field 7 in modern schema
target_domain_entity_0340,start_time,TIMESTAMPTZ,YES,Target column for domain entity 340 field 8 in modern schema
target_domain_entity_0340,end_time,TIMESTAMPTZ,YES,Target column for domain entity 340 field 9 in modern schema
target_domain_entity_0340,metadata,JSONB,YES,Target column for domain entity 340 field 10 in modern schema
target_domain_entity_0340,created_at,TIMESTAMPTZ,YES,Target column for domain entity 340 field 11 in modern schema
target_domain_entity_0340,updated_at,TIMESTAMPTZ,YES,Target column for domain entity 340 field 12 in modern schema
target_domain_entity_0341,id,UUID,NO,Target column for domain entity 341 field 1 in modern schema
target_domain_entity_0341,name,VARCHAR(255),NO,Target column for domain entity 341 field 2 in modern schema
target_domain_entity_0341,external_ref,VARCHAR(100),NO,Target column for domain entity 341 field 3 in modern schema
target_domain_entity_0341,state,VARCHAR(30),NO,Target column for domain entity 341 field 4 in modern schema
target_domain_entity_0341,amount,BIGINT,YES,Target column for domain entity 341 field 5 in modern schema
target_domain_entity_0341,count,INTEGER,YES,Target column for domain entity 341 field 6 in modern schema
target_domain_entity_0341,parent_ref,UUID,YES,Target column for domain entity 341 field 7 in modern schema
target_domain_entity_0341,start_time,TIMESTAMPTZ,YES,Target column for domain entity 341 field 8 in modern schema
target_domain_entity_0341,end_time,TIMESTAMPTZ,YES,Target column for domain entity 341 field 9 in modern schema
target_domain_entity_0341,metadata,JSONB,YES,Target column for domain entity 341 field 10 in modern schema
target_domain_entity_0341,created_at,TIMESTAMPTZ,YES,Target column for domain entity 341 field 11 in modern schema
target_domain_entity_0341,updated_at,TIMESTAMPTZ,YES,Target column for domain entity 341 field 12 in modern schema
target_domain_entity_0342,id,UUID,NO,Target column for domain entity 342 field 1 in modern schema
target_domain_entity_0342,name,VARCHAR(255),NO,Target column for domain entity 342 field 2 in modern schema
target_domain_entity_0342,external_ref,VARCHAR(100),NO,Target column for domain entity 342 field 3 in modern schema
target_domain_entity_0342,state,VARCHAR(30),NO,Target column for domain entity 342 field 4 in modern schema
target_domain_entity_0342,amount,BIGINT,YES,Target column for domain entity 342 field 5 in modern schema
target_domain_entity_0342,count,INTEGER,YES,Target column for domain entity 342 field 6 in modern schema
target_domain_entity_0342,parent_ref,UUID,YES,Target column for domain entity 342 field 7 in modern schema
target_domain_entity_0342,start_time,TIMESTAMPTZ,YES,Target column for domain entity 342 field 8 in modern schema
target_domain_entity_0342,end_time,TIMESTAMPTZ,YES,Target column for domain entity 342 field 9 in modern schema
target_domain_entity_0342,metadata,JSONB,YES,Target column for domain entity 342 field 10 in modern schema
target_domain_entity_0342,created_at,TIMESTAMPTZ,YES,Target column for domain entity 342 field 11 in modern schema
target_domain_entity_0342,updated_at,TIMESTAMPTZ,YES,Target column for domain entity 342 field 12 in modern schema
target_domain_entity_0343,id,UUID,NO,Target column for domain entity 343 field 1 in modern schema
target_domain_entity_0343,name,VARCHAR(255),NO,Target column for domain entity 343 field 2 in modern schema
target_domain_entity_0343,external_ref,VARCHAR(100),NO,Target column for domain entity 343 field 3 in modern schema
target_domain_entity_0343,state,VARCHAR(30),NO,Target column for domain entity 343 field 4 in modern schema
target_domain_entity_0343,amount,BIGINT,YES,Target column for domain entity 343 field 5 in modern schema
target_domain_entity_0343,count,INTEGER,YES,Target column for domain entity 343 field 6 in modern schema
target_domain_entity_0343,parent_ref,UUID,YES,Target column for domain entity 343 field 7 in modern schema
target_domain_entity_0343,start_time,TIMESTAMPTZ,YES,Target column for domain entity 343 field 8 in modern schema
target_domain_entity_0343,end_time,TIMESTAMPTZ,YES,Target column for domain entity 343 field 9 in modern schema
target_domain_entity_0343,metadata,JSONB,YES,Target column for domain entity 343 field 10 in modern schema
target_domain_entity_0343,created_at,TIMESTAMPTZ,YES,Target column for domain entity 343 field 11 in modern schema
target_domain_entity_0343,updated_at,TIMESTAMPTZ,YES,Target column for domain entity 343 field 12 in modern schema
target_domain_entity_0344,id,UUID,NO,Target column for domain entity 344 field 1 in modern schema
target_domain_entity_0344,name,VARCHAR(255),NO,Target column for domain entity 344 field 2 in modern schema
target_domain_entity_0344,external_ref,VARCHAR(100),NO,Target column for domain entity 344 field 3 in modern schema
target_domain_entity_0344,state,VARCHAR(30),NO,Target column for domain entity 344 field 4 in modern schema
target_domain_entity_0344,amount,BIGINT,YES,Target column for domain entity 344 field 5 in modern schema
target_domain_entity_0344,count,INTEGER,YES,Target column for domain entity 344 field 6 in modern schema
target_domain_entity_0344,parent_ref,UUID,YES,Target column for domain entity 344 field 7 in modern schema
target_domain_entity_0344,start_time,TIMESTAMPTZ,YES,Target column for domain entity 344 field 8 in modern schema
target_domain_entity_0344,end_time,TIMESTAMPTZ,YES,Target column for domain entity 344 field 9 in modern schema
target_domain_entity_0344,metadata,JSONB,YES,Target column for domain entity 344 field 10 in modern schema
target_domain_entity_0344,created_at,TIMESTAMPTZ,YES,Target column for domain entity 344 field 11 in modern schema
target_domain_entity_0344,updated_at,TIMESTAMPTZ,YES,Target column for domain entity 344 field 12 in modern schema
target_domain_entity_0345,id,UUID,NO,Target column for domain entity 345 field 1 in modern schema
target_domain_entity_0345,name,VARCHAR(255),NO,Target column for domain entity 345 field 2 in modern schema
target_domain_entity_0345,external_ref,VARCHAR(100),NO,Target column for domain entity 345 field 3 in modern schema
target_domain_entity_0345,state,VARCHAR(30),NO,Target column for domain entity 345 field 4 in modern schema
target_domain_entity_0345,amount,BIGINT,YES,Target column for domain entity 345 field 5 in modern schema
target_domain_entity_0345,count,INTEGER,YES,Target column for domain entity 345 field 6 in modern schema
target_domain_entity_0345,parent_ref,UUID,YES,Target column for domain entity 345 field 7 in modern schema
target_domain_entity_0345,start_time,TIMESTAMPTZ,YES,Target column for domain entity 345 field 8 in modern schema
target_domain_entity_0345,end_time,TIMESTAMPTZ,YES,Target column for domain entity 345 field 9 in modern schema
target_domain_entity_0345,metadata,JSONB,YES,Target column for domain entity 345 field 10 in modern schema
target_domain_entity_0345,created_at,TIMESTAMPTZ,YES,Target column for domain entity 345 field 11 in modern schema
target_domain_entity_0345,updated_at,TIMESTAMPTZ,YES,Target column for domain entity 345 field 12 in modern schema
target_domain_entity_0346,id,UUID,NO,Target column for domain entity 346 field 1 in modern schema
target_domain_entity_0346,name,VARCHAR(255),NO,Target column for domain entity 346 field 2 in modern schema
target_domain_entity_0346,external_ref,VARCHAR(100),NO,Target column for domain entity 346 field 3 in modern schema
target_domain_entity_0346,state,VARCHAR(30),NO,Target column for domain entity 346 field 4 in modern schema
target_domain_entity_0346,amount,BIGINT,YES,Target column for domain entity 346 field 5 in modern schema
target_domain_entity_0346,count,INTEGER,YES,Target column for domain entity 346 field 6 in modern schema
target_domain_entity_0346,parent_ref,UUID,YES,Target column for domain entity 346 field 7 in modern schema
target_domain_entity_0346,start_time,TIMESTAMPTZ,YES,Target column for domain entity 346 field 8 in modern schema
target_domain_entity_0346,end_time,TIMESTAMPTZ,YES,Target column for domain entity 346 field 9 in modern schema
target_domain_entity_0346,metadata,JSONB,YES,Target column for domain entity 346 field 10 in modern schema
target_domain_entity_0346,created_at,TIMESTAMPTZ,YES,Target column for domain entity 346 field 11 in modern schema
target_domain_entity_0346,updated_at,TIMESTAMPTZ,YES,Target column for domain entity 346 field 12 in modern schema
target_domain_entity_0347,id,UUID,NO,Target column for domain entity 347 field 1 in modern schema
target_domain_entity_0347,name,VARCHAR(255),NO,Target column for domain entity 347 field 2 in modern schema
target_domain_entity_0347,external_ref,VARCHAR(100),NO,Target column for domain entity 347 field 3 in modern schema
target_domain_entity_0347,state,VARCHAR(30),NO,Target column for domain entity 347 field 4 in modern schema
target_domain_entity_0347,amount,BIGINT,YES,Target column for domain entity 347 field 5 in modern schema
target_domain_entity_0347,count,INTEGER,YES,Target column for domain entity 347 field 6 in modern schema
target_domain_entity_0347,parent_ref,UUID,YES,Target column for domain entity 347 field 7 in modern schema
target_domain_entity_0347,start_time,TIMESTAMPTZ,YES,Target column for domain entity 347 field 8 in modern schema
target_domain_entity_0347,end_time,TIMESTAMPTZ,YES,Target column for domain entity 347 field 9 in modern schema
target_domain_entity_0347,metadata,JSONB,YES,Target column for domain entity 347 field 10 in modern schema
target_domain_entity_0347,created_at,TIMESTAMPTZ,YES,Target column for domain entity 347 field 11 in modern schema
target_domain_entity_0347,updated_at,TIMESTAMPTZ,YES,Target column for domain entity 347 field 12 in modern schema
target_domain_entity_0348,id,UUID,NO,Target column for domain entity 348 field 1 in modern schema
target_domain_entity_0348,name,VARCHAR(255),NO,Target column for domain entity 348 field 2 in modern schema
target_domain_entity_0348,external_ref,VARCHAR(100),NO,Target column for domain entity 348 field 3 in modern schema
target_domain_entity_0348,state,VARCHAR(30),NO,Target column for domain entity 348 field 4 in modern schema
target_domain_entity_0348,amount,BIGINT,YES,Target column for domain entity 348 field 5 in modern schema
target_domain_entity_0348,count,INTEGER,YES,Target column for domain entity 348 field 6 in modern schema
target_domain_entity_0348,parent_ref,UUID,YES,Target column for domain entity 348 field 7 in modern schema
target_domain_entity_0348,start_time,TIMESTAMPTZ,YES,Target column for domain entity 348 field 8 in modern schema
target_domain_entity_0348,end_time,TIMESTAMPTZ,YES,Target column for domain entity 348 field 9 in modern schema
target_domain_entity_0348,metadata,JSONB,YES,Target column for domain entity 348 field 10 in modern schema
target_domain_entity_0348,created_at,TIMESTAMPTZ,YES,Target column for domain entity 348 field 11 in modern schema
target_domain_entity_0348,updated_at,TIMESTAMPTZ,YES,Target column for domain entity 348 field 12 in modern schema
target_domain_entity_0349,id,UUID,NO,Target column for domain entity 349 field 1 in modern schema
target_domain_entity_0349,name,VARCHAR(255),NO,Target column for domain entity 349 field 2 in modern schema
target_domain_entity_0349,external_ref,VARCHAR(100),NO,Target column for domain entity 349 field 3 in modern schema
target_domain_entity_0349,state,VARCHAR(30),NO,Target column for domain entity 349 field 4 in modern schema
target_domain_entity_0349,amount,BIGINT,YES,Target column for domain entity 349 field 5 in modern schema
target_domain_entity_0349,count,INTEGER,YES,Target column for domain entity 349 field 6 in modern schema
target_domain_entity_0349,parent_ref,UUID,YES,Target column for domain entity 349 field 7 in modern schema
target_domain_entity_0349,start_time,TIMESTAMPTZ,YES,Target column for domain entity 349 field 8 in modern schema
target_domain_entity_0349,end_time,TIMESTAMPTZ,YES,Target column for domain entity 349 field 9 in modern schema
target_domain_entity_0349,metadata,JSONB,YES,Target column for domain entity 349 field 10 in modern schema
target_domain_entity_0349,created_at,TIMESTAMPTZ,YES,Target column for domain entity 349 field 11 in modern schema
target_domain_entity_0349,updated_at,TIMESTAMPTZ,YES,Target column for domain entity 349 field 12 in modern schema
target_domain_entity_0350,id,UUID,NO,Target column for domain entity 350 field 1 in modern schema
target_domain_entity_0350,name,VARCHAR(255),NO,Target column for domain entity 350 field 2 in modern schema
target_domain_entity_0350,external_ref,VARCHAR(100),NO,Target column for domain entity 350 field 3 in modern schema
target_domain_entity_0350,state,VARCHAR(30),NO,Target column for domain entity 350 field 4 in modern schema
target_domain_entity_0350,amount,BIGINT,YES,Target column for domain entity 350 field 5 in modern schema
target_domain_entity_0350,count,INTEGER,YES,Target column for domain entity 350 field 6 in modern schema
target_domain_entity_0350,parent_ref,UUID,YES,Target column for domain entity 350 field 7 in modern schema
target_domain_entity_0350,start_time,TIMESTAMPTZ,YES,Target column for domain entity 350 field 8 in modern schema
target_domain_entity_0350,end_time,TIMESTAMPTZ,YES,Target column for domain entity 350 field 9 in modern schema
target_domain_entity_0350,metadata,JSONB,YES,Target column for domain entity 350 field 10 in modern schema
target_domain_entity_0350,created_at,TIMESTAMPTZ,YES,Target column for domain entity 350 field 11 in modern schema
target_domain_entity_0350,updated_at,TIMESTAMPTZ,YES,Target column for domain entity 350 field 12 in modern schema